student_id,first_name,last_name,email,phone,gender,age,department_id,department,teacher_id,semester,cgpa,attendance,status,address,admission_year,created_at
S000001,Muhammad,Sami Ghumman Jutt,student1@edupredict.com,03801990881,Female,20,DEP020,Biology,T00203,1,2.7,70.0,Inactive,"0973 Rangel Alley, Lake Larry, RI 77740",2025.0,2026-08-08 12:39:20.041
S000003,Lisa,Wong,student3@edupredict.com,03367557010,Male,22,DEP019,Chemistry,T00004,6,3.79,68.0,Active,"6106 Jessica Stream, Sanchezton, IN 10917",2026.0,2026-08-08 12:39:20.043
S000005,Jeffery,Nash,student5@edupredict.com,03378182836,Male,22,DEP015,Civil Engineering,T00183,3,2.71,60.0,Active,"05837 Rojas Summit Suite 366, Jennifermouth, IL 12935",2022.0,2026-08-08 12:39:20.044
S000006,Cindy,Hall,student6@edupredict.com,03995212046,Female,24,DEP003,Information Technology,T00012,3,3.38,58.0,Active,"Unit 1013 Box 1052, DPO AA 37324",2025.0,2026-08-08 12:39:20.045
S000007,Hafsa,Ibrahim,student7@edupredict.com,03495983195,Female,25,DEP019,Chemistry,T00005,3,3.5,82.0,Inactive,"959 Karen Crossroad Apt. 165, North Randy, ID 66414",2023.0,2026-08-08 12:39:20.045
S000008,Jaime,Martinez,student8@edupredict.com,03391654178,Female,22,DEP001,Computer Science,T00165,2,2.14,74.0,Active,"53148 Gary Fort Apt. 491, North Jillburgh, WV 06014",2026.0,2026-08-08 12:39:20.046
S000009,Stephen,Howell,student9@edupredict.com,03494560936,Male,25,DEP001,Computer Science,T00187,4,3.14,75.0,Active,"5921 Maureen Court Apt. 839, Cameronview, CA 71882",2026.0,2026-08-08 12:39:20.047
S000010,John,Frank,student10@edupredict.com,03356480059,Female,28,DEP008,Accounting,T00055,8,3.67,54.0,Active,"858 Nathan Lock, Benjaminport, NJ 36748",2023.0,2026-08-08 12:39:20.047
S000011,Margaret,Huerta,student11@edupredict.com,03532062784,Male,27,DEP017,Mathematics,T00206,7,3.31,67.0,Active,"PSC 1879, Box 9096, APO AP 06941",2024.0,2026-08-08 12:39:20.048
S000012,Deborah,Holmes,student12@edupredict.com,03295827249,Female,21,DEP020,Biology,T00112,1,2.7,95.0,Active,"22823 Vanessa Gardens Apt. 727, Jessestad, MI 26475",2022.0,2026-08-08 12:39:20.049
S000013,Jennifer,Macdonald,student13@edupredict.com,03967736038,Male,26,DEP001,Computer Science,T00148,7,2.97,87.0,Active,"89958 Jones Bypass Apt. 996, New Michaelton, AZ 72507",2022.0,2026-08-08 12:39:20.049
S000014,Jasmine,Sanchez,student14@edupredict.com,03145622688,Male,24,DEP016,Architecture,T00158,7,2.82,71.0,Active,"083 Charles Points, Kaylastad, ID 10944",2026.0,2026-08-08 12:39:20.050
S000015,Dustin,Mclaughlin,student15@edupredict.com,03346235832,Female,19,DEP005,Data Science,T00027,5,2.85,86.0,Active,"552 Keith Hollow Suite 855, Lake Melissa, MD 32498",2026.0,2026-08-08 12:39:20.051
S000016,Erica,Young,student16@edupredict.com,03229017691,Female,26,DEP016,Architecture,T00184,2,3.32,77.0,Active,"30413 Edwards Rue, Laceyfort, PR 56898",2026.0,2026-08-08 12:39:20.051
S000017,Stephanie,Hoover,student17@edupredict.com,03648320622,Female,20,DEP003,Information Technology,T00247,2,2.99,92.0,Active,"4999 Cunningham Mission Suite 603, Smithville, UT 79055",2024.0,2026-08-08 12:39:20.052
S000018,Joshua,Lee,student18@edupredict.com,03522583539,Male,22,DEP020,Biology,T00267,1,2.54,63.0,Active,"05528 Castaneda Corner, Jensenfort, LA 30630",2021.0,2026-08-08 12:39:20.053
S000019,Matthew,Rice,student19@edupredict.com,03926887758,Male,23,DEP013,Electrical Engineering,T00066,4,2.05,76.0,Active,"68720 Danielle Hollow, Margaretchester, SC 80787",2026.0,2026-08-08 12:39:20.054
S000020,Maria,Manning,student20@edupredict.com,03894782424,Male,18,DEP019,Chemistry,T00004,7,3.15,70.0,Active,"PSC 5335, Box 4252, APO AA 70039",2023.0,2026-08-08 12:39:20.054
S000021,Curtis,King,student21@edupredict.com,03902593235,Male,21,DEP014,Mechanical Engineering,T00174,5,2.3,55.0,Active,"83178 Camacho Shoals Suite 727, Nguyenfurt, WY 80754",2025.0,2026-08-08 12:39:20.055
S000022,Joy,Calderon,student22@edupredict.com,03626912223,Male,27,DEP005,Data Science,T00164,4,3.96,97.0,Active,"174 Phillips Parkways Apt. 124, New Thomasmouth, MP 65909",2026.0,2026-08-08 12:39:20.056
S000023,Lori,Walker,student23@edupredict.com,03125499729,Male,22,DEP012,Management,T00102,4,2.19,69.0,Active,"8674 Harris Locks, New Maureen, VA 32705",2025.0,2026-08-08 12:39:20.057
S000024,Heather,Nunez,student24@edupredict.com,03566753312,Male,27,DEP015,Civil Engineering,T00104,2,3.62,69.0,Active,"PSC 5362, Box 4351, APO AA 83355",2021.0,2026-08-08 12:39:20.057
S000025,Matthew,Schneider,student25@edupredict.com,03555974455,Male,25,DEP017,Mathematics,T00161,8,3.11,73.0,Inactive,"370 Munoz Manor, East Rebecca, NY 28548",2025.0,2026-08-08 12:39:20.058
S000026,Marcus,Bush,student26@edupredict.com,03328925302,Female,24,DEP016,Architecture,T00083,3,3.5,62.0,Active,"29968 Tiffany Hill Apt. 522, Stevenside, MD 79279",2025.0,2026-08-08 12:39:20.059
S000027,Paul,Thompson,student27@edupredict.com,03266079106,Male,28,DEP003,Information Technology,T00163,5,2.25,89.0,Inactive,"4292 Beck Mountain, Port Bobbymouth, CA 67586",2025.0,2026-08-08 12:39:20.059
S000028,Kevin,Flores,student28@edupredict.com,03210385441,Female,27,DEP011,Marketing,T00218,4,2.76,93.0,Active,"41744 Martin Islands Apt. 240, Amyport, MT 11288",2024.0,2026-08-08 12:39:20.060
S000029,Elizabeth,Anderson,student29@edupredict.com,03120264191,Female,27,DEP008,Accounting,T00186,5,3.89,66.0,Active,"9080 Hurley Road, Aaronstad, TX 73904",2024.0,2026-08-08 12:39:20.061
S000030,Laura,Ellison,student30@edupredict.com,03351728940,Female,27,DEP018,Physics,T00156,6,2.4,65.0,Active,"89278 Miller Pines, Huntshire, LA 52647",2025.0,2026-08-08 12:39:20.062
S000031,Katherine,Smith,student31@edupredict.com,03336479758,Male,27,DEP018,Physics,T00035,2,3.89,50.0,Active,"1396 April Point Suite 572, Grantshire, MT 01551",2026.0,2026-08-08 12:39:20.062
S000032,William,Dennis,student32@edupredict.com,03874980847,Male,28,DEP001,Computer Science,T00284,5,3.66,98.0,Active,"5521 Decker Walks Apt. 369, Blackmouth, MH 00890",2026.0,2026-08-08 12:39:20.063
S000033,Matthew,Dominguez,student33@edupredict.com,03205336789,Female,23,DEP013,Electrical Engineering,T00278,1,2.45,51.0,Active,"30849 Hicks Road Suite 419, South Mark, WY 97607",2021.0,2026-08-08 12:39:20.064
S000034,Aaron,Trujillo,student34@edupredict.com,03628767507,Male,26,DEP015,Civil Engineering,T00196,6,3.67,76.0,Active,"1811 Ronnie Highway Suite 950, Jimburgh, CT 84198",2026.0,2026-08-08 12:39:20.065
S000035,Edward,Jackson,student35@edupredict.com,03897158272,Male,25,DEP014,Mechanical Engineering,T00243,4,2.16,58.0,Active,"90772 Benjamin Ways Suite 982, Travisport, WA 85167",2025.0,2026-08-08 12:39:20.065
S000036,Lawrence,Jefferson,student36@edupredict.com,03420986113,Female,19,DEP018,Physics,T00172,8,3.94,94.0,Active,"USNS Garrett, FPO AP 39170",2022.0,2026-08-08 12:39:20.066
S000037,Heather,Newman,student37@edupredict.com,03312771042,Male,26,DEP002,Software Engineering,T00265,6,3.28,50.0,Active,"08848 Gabriel Ridges Apt. 950, Chaneyland, TN 46236",2024.0,2026-08-08 12:39:20.067
S000038,Jamie,Smith,student38@edupredict.com,03297730119,Female,28,DEP014,Mechanical Engineering,T00130,8,2.39,51.0,Active,"USNS Davidson, FPO AA 93222",2022.0,2026-08-08 12:39:20.067
S000039,Jennifer,Dean,student39@edupredict.com,03485962361,Male,19,DEP020,Biology,T00034,5,2.66,94.0,Active,"3784 Zachary Lights Suite 945, Port Stephanie, ND 08887",2026.0,2026-08-08 12:39:20.068
S000040,Ebony,Little,student40@edupredict.com,03784749850,Male,20,DEP011,Marketing,T00011,1,2.25,74.0,Active,"38045 Robert Turnpike Suite 739, Copelandmouth, WY 80744",2026.0,2026-08-08 12:39:20.069
S000041,Jennifer,Wright,student41@edupredict.com,03390683249,Female,25,DEP019,Chemistry,T00128,4,2.5,52.0,Active,"1015 Carlos Glens, New Terriville, PA 95267",2024.0,2026-08-08 12:39:20.069
S000042,John,Richard,student42@edupredict.com,03768267423,Male,20,DEP010,Economics,T00134,5,3.27,50.0,Active,"832 Villa Lodge Apt. 701, North Alexander, WA 47238",2023.0,2026-08-08 12:39:20.070
S000043,Alexis,Anderson,student43@edupredict.com,03246265415,Male,22,DEP016,Architecture,T00008,4,2.21,58.0,Active,"3130 Ruiz Mount Apt. 160, Lake Seanton, WI 99806",2026.0,2026-08-08 12:39:20.071
S000044,Holly,Rios,student44@edupredict.com,03606175999,Female,28,DEP003,Information Technology,T00042,8,2.85,74.0,Active,"0822 Hayes Harbor, North Jacob, RI 54552",2026.0,2026-08-08 12:39:20.072
S000045,Rebecca,Riddle,student45@edupredict.com,03937275511,Male,24,DEP004,Artificial Intelligence,T00285,6,2.93,51.0,Active,"33034 Joel Dam, Sierramouth, MO 79653",2026.0,2026-08-08 12:39:20.073
S000046,Pamela,Lopez,student46@edupredict.com,03511147606,Male,22,DEP016,Architecture,T00008,3,3.54,59.0,Inactive,"969 Dixon Station, North Kennethborough, AZ 96421",2025.0,2026-08-08 12:39:20.074
S000047,Michael,Lee,student47@edupredict.com,03344491452,Male,27,DEP007,Business Administration,T00197,5,2.08,66.0,Active,"47025 Christopher Oval, Millerfort, MP 54940",2022.0,2026-08-08 12:39:20.074
S000048,John,Good,student48@edupredict.com,03261732745,Male,25,DEP019,Chemistry,T00005,2,3.25,50.0,Active,"99669 Donovan Villages Suite 717, Jonesland, NV 88780",2023.0,2026-08-08 12:39:21.298
S000049,Karen,Bryan,student49@edupredict.com,03963125534,Male,26,DEP015,Civil Engineering,T00125,7,3.09,64.0,Active,"613 Ellison Ports Suite 001, Pittshaven, KS 25952",2025.0,2026-08-08 12:39:21.299
S000050,Jennifer,Jones,student50@edupredict.com,03238393681,Male,21,DEP020,Biology,T00116,3,3.96,73.0,Active,"7641 Samuel Route Suite 224, Jasonberg, MP 97930",2022.0,2026-08-08 12:39:21.299
S000051,Robin,Moreno,student51@edupredict.com,03276584607,Female,26,DEP004,Artificial Intelligence,T00237,6,3.06,67.0,Active,"08184 Perry Islands, Hallmouth, NM 12323",2024.0,2026-08-08 12:39:21.301
S000052,Karen,Smith,student52@edupredict.com,03897882111,Male,23,DEP015,Civil Engineering,T00250,6,3.86,80.0,Active,"7128 Courtney Lodge Suite 738, Douglasfort, CA 74470",2021.0,2026-08-08 12:39:21.302
S000053,Carla,Rivera,student53@edupredict.com,03317330723,Male,19,DEP016,Architecture,T00189,1,3.81,64.0,Active,"512 Richardson Loaf, East Bobby, ND 14315",2021.0,2026-08-08 12:39:21.303
S000054,Douglas,Adams,student54@edupredict.com,03145341103,Male,21,DEP020,Biology,T00159,3,3.68,72.0,Active,"55940 Cox Court Apt. 043, East Michaelland, LA 47138",2024.0,2026-08-08 12:39:21.304
S000055,Megan,Ray,student55@edupredict.com,03871210642,Female,24,DEP005,Data Science,T00152,4,2.71,76.0,Active,"0841 Francisco Coves, West Amberside, ME 46562",2026.0,2026-08-08 12:39:21.304
S000056,James,Douglas,student56@edupredict.com,03232754528,Male,20,DEP017,Mathematics,T00054,8,2.2,92.0,Active,"018 Marquez Trafficway, Nashmouth, AS 86768",2021.0,2026-08-08 12:39:21.305
S000057,Angelica,Arnold,student57@edupredict.com,03704082991,Male,23,DEP015,Civil Engineering,T00020,1,2.36,85.0,Active,"Unit 5623 Box 7961, DPO AE 70414",2021.0,2026-08-08 12:39:21.306
S000058,Tara,Tapia,student58@edupredict.com,03944930947,Female,19,DEP008,Accounting,T00217,3,3.33,74.0,Active,"4159 Douglas Junctions Suite 103, West Felicia, AL 60182",2024.0,2026-08-08 12:39:21.306
S000059,Donald,Webb,student59@edupredict.com,03859336892,Male,23,DEP013,Electrical Engineering,T00065,3,2.34,51.0,Active,"3319 Crystal Village Apt. 426, New Marymouth, TX 13490",2026.0,2026-08-08 12:39:21.307
S000060,Andrea,Pineda,student60@edupredict.com,03733334718,Female,21,DEP006,Cyber Security,T00282,4,2.6,83.0,Active,"986 Davenport Canyon Apt. 154, West Joseph, MT 75268",2024.0,2026-08-08 12:39:21.308
S000061,Jesus,Hunter,student61@edupredict.com,03611841942,Male,19,DEP016,Architecture,T00158,1,2.95,55.0,Active,"6873 Andre Mountains Apt. 892, Tranland, NY 53136",2024.0,2026-08-08 12:39:21.309
S000062,Christine,Drake,student62@edupredict.com,03953094560,Male,18,DEP006,Cyber Security,T00276,1,2.19,64.0,Inactive,"9843 Kaitlyn Park Apt. 518, Deniseshire, CO 51184",2022.0,2026-08-08 12:39:21.309
S000063,Jacqueline,Mclaughlin,student63@edupredict.com,03337476359,Male,25,DEP007,Business Administration,T00245,6,3.72,58.0,Active,"6294 Moss Coves, North Teresa, MI 40900",2022.0,2026-08-08 12:39:21.310
S000064,Mary,Stewart,student64@edupredict.com,03579922659,Male,19,DEP015,Civil Engineering,T00125,8,3.98,52.0,Active,"9048 Colleen Estates, Harrisberg, MS 15442",2023.0,2026-08-08 12:39:21.311
S000065,Cynthia,Francis,student65@edupredict.com,03616169760,Male,27,DEP014,Mechanical Engineering,T00009,8,2.37,73.0,Active,"4305 Juan Spring, Brianton, VT 15836",2026.0,2026-08-08 12:39:21.311
S000066,Anthony,Deleon,student66@edupredict.com,03869016973,Male,27,DEP003,Information Technology,T00247,3,2.54,66.0,Active,"79532 Schmidt Wall Apt. 239, East Jonathan, FL 81826",2024.0,2026-08-08 12:39:21.312
S000067,Alicia,Chambers,student67@edupredict.com,03877891909,Male,22,DEP018,Physics,T00156,8,3.13,89.0,Active,"27963 Brett Ramp Apt. 590, Eugeneborough, VI 97908",2022.0,2026-08-08 12:39:21.313
S000068,Patrick,Santiago,student68@edupredict.com,03932338507,Male,25,DEP001,Computer Science,T00284,5,2.19,55.0,Active,"776 Hodge Hills Suite 773, New Benjamin, NM 70755",2021.0,2026-08-08 12:39:21.315
S000069,Stephen,Robinson,student69@edupredict.com,03159118895,Male,26,DEP003,Information Technology,T00111,3,3.38,55.0,Active,"429 Cunningham Row, Barnesstad, IL 74537",2021.0,2026-08-08 12:39:21.315
S000070,Kathryn,Morales,student70@edupredict.com,03599377698,Female,18,DEP012,Management,T00272,8,2.37,58.0,Active,"2344 Brenda Extensions Suite 509, Schroederport, RI 42541",2021.0,2026-08-08 12:39:21.316
S000071,William,Murphy,student71@edupredict.com,03851626065,Male,19,DEP009,Finance,T00279,5,3.36,65.0,Active,"610 Brandon Pike Apt. 408, Clarkport, OK 96072",2024.0,2026-08-08 12:39:21.317
S000072,Robert,Duncan,student72@edupredict.com,03350383323,Female,28,DEP017,Mathematics,T00261,6,3.79,70.0,Active,"244 Wallace Crossroad Apt. 359, New Daniel, ND 16786",2024.0,2026-08-08 12:39:21.318
S000073,Robert,Rojas,student73@edupredict.com,03721809053,Female,26,DEP006,Cyber Security,T00268,4,2.43,76.0,Active,"710 Williams Ville, Mcgeemouth, CO 03609",2023.0,2026-08-08 12:39:21.318
S000074,Ashley,Nguyen,student74@edupredict.com,03535181367,Female,18,DEP018,Physics,T00221,1,2.36,73.0,Active,"90410 Dana Estate, Kellyfort, MO 61260",2022.0,2026-08-08 12:39:21.320
S000075,Emily,Welch,student75@edupredict.com,03673023057,Female,20,DEP015,Civil Engineering,T00061,6,3.04,79.0,Active,"7151 Linda Ways, Port Melissabury, WA 16531",2022.0,2026-08-08 12:39:21.320
S000076,Jay,Mays,student76@edupredict.com,03725819834,Male,20,DEP017,Mathematics,T00108,4,3.63,80.0,Inactive,"063 Lee Tunnel Apt. 448, Palmerland, AK 20563",2022.0,2026-08-08 12:39:21.321
S000077,Dennis,Rivas,student77@edupredict.com,03560401431,Female,18,DEP013,Electrical Engineering,T00278,1,3.25,82.0,Inactive,"02268 Wells Route, New Kellichester, SD 57971",2023.0,2026-08-08 12:39:21.322
S000078,Nancy,Todd,student78@edupredict.com,03455864275,Male,28,DEP002,Software Engineering,T00265,2,3.45,54.0,Active,"5892 Hensley Turnpike Apt. 137, South Patricia, WI 90232",2026.0,2026-08-08 12:39:21.323
S000079,Cody,Williams,student79@edupredict.com,03807169794,Male,23,DEP006,Cyber Security,T00229,1,2.74,58.0,Active,"75228 Eileen Hill Suite 353, Lewisview, IA 22522",2024.0,2026-08-08 12:39:21.323
S000080,Sarah,Ibarra,student80@edupredict.com,03512838249,Female,21,DEP012,Management,T00026,4,3.88,90.0,Active,"542 Jessica Mountain Suite 699, East Christophermouth, ND 20947",2023.0,2026-08-08 12:39:21.324
S000081,Jessica,Weaver,student81@edupredict.com,03652270129,Male,23,DEP003,Information Technology,T00012,6,3.86,93.0,Active,"424 Christine Club Suite 810, South Joshuahaven, OR 71828",2026.0,2026-08-08 12:39:21.325
S000082,Elizabeth,Robertson,student82@edupredict.com,03568560267,Male,21,DEP008,Accounting,T00126,5,3.29,80.0,Active,"663 Johnathan Oval Suite 609, Lake Dawnville, CO 55810",2021.0,2026-08-08 12:39:21.325
S000083,Michelle,Avila,student83@edupredict.com,03388096764,Female,27,DEP006,Cyber Security,T00229,2,2.52,92.0,Active,"PSC 6038, Box 6590, APO AE 27441",2023.0,2026-08-08 12:39:21.326
S000084,Michael,Gregory,student84@edupredict.com,03190520181,Female,26,DEP020,Biology,T00127,3,3.8,82.0,Active,"10508 Rogers Avenue Apt. 993, West Lori, CO 25956",2023.0,2026-08-08 12:39:21.327
S000085,Andrew,Reyes,student85@edupredict.com,03774562388,Female,27,DEP005,Data Science,T00027,2,2.37,87.0,Active,"4453 Ashley Summit Suite 238, Port Benjamin, AZ 84749",2024.0,2026-08-08 12:39:21.327
S000086,Debbie,Contreras,student86@edupredict.com,03861978066,Male,21,DEP004,Artificial Intelligence,T00285,8,3.41,50.0,Active,"2970 Small Stream Suite 986, Matthewfort, ME 87049",2024.0,2026-08-08 12:39:21.328
S000087,Kevin,Wilson,student87@edupredict.com,03249234628,Male,22,DEP006,Cyber Security,T00256,7,2.33,92.0,Active,"78179 Dana Hill Apt. 090, Matthewhaven, HI 88803",2022.0,2026-08-08 12:39:21.329
S000088,Catherine,Evans,student88@edupredict.com,03976596744,Male,26,DEP019,Chemistry,T00040,1,3.41,72.0,Active,"94087 Heather Bridge, Port Katrinaport, WA 21166",2022.0,2026-08-08 12:39:21.330
S000089,Jennifer,Petersen,student89@edupredict.com,03620063317,Male,23,DEP017,Mathematics,T00144,8,3.12,69.0,Active,"Unit 8911 Box 6867, DPO AP 68917",2024.0,2026-08-08 12:39:21.330
S000090,Andrea,Fernandez,student90@edupredict.com,03762314280,Male,18,DEP020,Biology,T00179,2,2.69,69.0,Active,"1630 Vaughan Crossroad, Stephaniechester, FM 94592",2023.0,2026-08-08 12:39:21.331
S000091,Mason,Ortiz,student91@edupredict.com,03197285512,Female,24,DEP008,Accounting,T00063,4,2.56,55.0,Active,"78450 Melissa Flat Apt. 039, South Josephview, MT 69463",2025.0,2026-08-08 12:39:21.332
S000092,Mark,Harris,student92@edupredict.com,03623276133,Female,22,DEP009,Finance,T00209,7,2.39,74.0,Active,"564 Lewis Corner Suite 726, New John, NM 63312",2025.0,2026-08-08 12:39:21.332
S000093,David,Wallace,student93@edupredict.com,03460257132,Female,23,DEP008,Accounting,T00046,5,3.25,83.0,Active,"7849 Hendricks Overpass Suite 384, North Erikafort, NV 94405",2021.0,2026-08-08 12:39:21.796
S000094,Marissa,Hart,student94@edupredict.com,03622638924,Female,20,DEP020,Biology,T00034,6,2.35,62.0,Active,"662 Rachel Course, East Kaylahaven, CA 07626",2022.0,2026-08-08 12:39:21.797
S000095,Gloria,Wilson,student95@edupredict.com,03166259351,Male,24,DEP007,Business Administration,T00018,2,2.18,92.0,Active,"60583 Edwards Mall Apt. 145, West John, NE 12769",2023.0,2026-08-08 12:39:21.798
S000096,Derek,Wilson,student96@edupredict.com,03288514106,Male,25,DEP005,Data Science,T00258,1,3.97,97.0,Active,"58557 Ellis Pike Suite 988, East Jennifer, UT 83780",2023.0,2026-08-08 12:39:21.799
S000097,Shawn,Smith,student97@edupredict.com,03974444217,Male,23,DEP012,Management,T00097,8,2.84,55.0,Active,"201 Nathan Well Suite 618, South Davidburgh, DC 84998",2025.0,2026-08-08 12:39:21.799
S000098,Matthew,Murray,student98@edupredict.com,03634944872,Female,27,DEP018,Physics,T00221,4,2.66,88.0,Active,"8921 Williams Spur Apt. 866, Brittanyshire, NH 04264",2021.0,2026-08-08 12:39:21.800
S000099,Dawn,Howard,student99@edupredict.com,03606868596,Male,19,DEP013,Electrical Engineering,T00210,3,2.44,55.0,Active,"Unit 2186 Box 6944, DPO AA 24834",2026.0,2026-08-08 12:39:21.800
S000100,Stephen,Morales,student100@edupredict.com,03690224888,Female,23,DEP019,Chemistry,T00045,2,3.88,69.0,Active,"30559 Sheila Plains Suite 207, Colonhaven, NM 49327",2025.0,2026-08-08 12:39:21.801
S000101,Barbara,Harris,student101@edupredict.com,03189096436,Female,23,DEP011,Marketing,T00246,5,2.76,88.0,Active,"USS Huerta, FPO AE 60404",2025.0,2026-08-08 12:39:21.802
S000102,Amber,Cunningham,student102@edupredict.com,03921451825,Female,18,DEP006,Cyber Security,T00113,4,3.05,88.0,Active,"98949 Jacob Loaf Suite 740, Nathanielfort, MT 83152",2026.0,2026-08-08 12:39:21.803
S000103,Denise,Mccoy,student103@edupredict.com,03672271267,Male,27,DEP017,Mathematics,T00077,8,2.92,66.0,Active,"61208 Nicole Curve, Lake Jeremymouth, SD 71986",2022.0,2026-08-08 12:39:21.804
S000104,Lisa,Robertson,student104@edupredict.com,03915487509,Female,28,DEP005,Data Science,T00283,3,2.94,78.0,Active,"29287 Barton Harbor Apt. 564, Port Garrett, LA 69986",2021.0,2026-08-08 12:39:21.805
S000105,Ashley,Anderson,student105@edupredict.com,03964472809,Female,22,DEP001,Computer Science,T00060,3,4.0,73.0,Active,"5867 Harris Keys Apt. 988, West Melissa, FM 54377",2026.0,2026-08-08 12:39:21.805
S000106,Theodore,Smith,student106@edupredict.com,03133940003,Female,26,DEP007,Business Administration,T00275,5,2.63,89.0,Active,"PSC 4370, Box 4061, APO AE 88462",2025.0,2026-08-08 12:39:21.806
S000107,James,Morris,student107@edupredict.com,03637366370,Female,18,DEP017,Mathematics,T00239,3,2.02,75.0,Inactive,"4803 Johnson Drive Apt. 140, Courtneyfort, MO 67335",2024.0,2026-08-08 12:39:21.807
S000108,Stephanie,Sanders,student108@edupredict.com,03453510513,Male,26,DEP008,Accounting,T00191,4,3.83,71.0,Active,"6878 James Ramp Suite 054, South Andrewville, MP 21693",2022.0,2026-08-08 12:39:21.807
S000109,Ashley,Solomon,student109@edupredict.com,03722290623,Female,20,DEP002,Software Engineering,T00062,2,2.33,86.0,Active,"667 Holmes Mount, North Sierra, IL 23842",2024.0,2026-08-08 12:39:21.808
S000110,Melanie,Brewer,student110@edupredict.com,03259451663,Female,18,DEP015,Civil Engineering,T00196,2,2.78,56.0,Active,"5560 Johnson Field, Vincentview, AR 87452",2026.0,2026-08-08 12:39:21.809
S000111,Marcus,Jones,student111@edupredict.com,03432152219,Female,24,DEP005,Data Science,T00115,4,3.65,66.0,Active,"602 Carlson Mountains Apt. 273, New David, AR 38637",2025.0,2026-08-08 12:39:21.810
S000112,Kylie,Lee,student112@edupredict.com,03333964865,Female,28,DEP007,Business Administration,T00188,3,3.31,66.0,Active,"9305 Vicki Fords Apt. 686, Petersshire, TN 49814",2021.0,2026-08-08 12:39:21.810
S000113,Mario,Davis,student113@edupredict.com,03259672003,Female,25,DEP016,Architecture,T00234,6,3.9,89.0,Active,"0883 Andrea Extensions, New Jessica, MD 61473",2021.0,2026-08-08 12:39:21.811
S000114,James,Meyers,student114@edupredict.com,03429376109,Male,20,DEP010,Economics,T00168,2,3.93,70.0,Active,"64085 Tony Causeway Apt. 186, West Deborahbury, OH 24684",2021.0,2026-08-08 12:39:21.812
S000115,Jared,Jacobs,student115@edupredict.com,03941492702,Male,22,DEP020,Biology,T00080,1,3.19,84.0,Active,"04402 Espinoza Drive Suite 636, North Jennifer, IA 23100",2025.0,2026-08-08 12:39:21.813
S000116,Barbara,Christensen,student116@edupredict.com,03931028558,Male,22,DEP015,Civil Engineering,T00151,6,2.13,98.0,Active,"9774 Willie Island, Mccoymouth, ID 77792",2023.0,2026-08-08 12:39:21.813
S000117,William,Henson,student117@edupredict.com,03537948333,Female,25,DEP001,Computer Science,T00253,6,3.79,50.0,Active,"USS Myers, FPO AP 27573",2026.0,2026-08-08 12:39:21.814
S000118,Jennifer,Brown,student118@edupredict.com,03254092230,Male,25,DEP019,Chemistry,T00153,1,3.42,77.0,Active,"534 Matthew Haven, Port Jenniferbury, AL 74260",2023.0,2026-08-08 12:39:21.815
S000119,Jeffrey,Melton,student119@edupredict.com,03739116541,Male,18,DEP012,Management,T00266,5,2.4,79.0,Active,"714 Martin Underpass Suite 997, South Lisaton, SD 51987",2026.0,2026-08-08 12:39:21.816
S000120,Walter,Lee,student120@edupredict.com,03233180689,Female,19,DEP007,Business Administration,T00124,2,3.07,97.0,Active,"582 Jeffrey Freeway, Sethside, GU 13657",2025.0,2026-08-08 12:39:21.816
S000121,Raymond,Bell,student121@edupredict.com,03597238661,Male,18,DEP016,Architecture,T00007,3,3.76,50.0,Active,"2648 Ramirez Ways, Port Sherry, NV 90017",2023.0,2026-08-08 12:39:21.817
S000122,Kathleen,Swanson,student122@edupredict.com,03290282157,Male,18,DEP002,Software Engineering,T00194,5,2.16,52.0,Active,"8210 Carrillo Unions, East Staceyton, CO 46521",2023.0,2026-08-08 12:39:21.818
S000123,Julie,Lin,student123@edupredict.com,03396344355,Female,28,DEP019,Chemistry,T00227,2,2.01,57.0,Active,"532 Angelica Shores, North Roberto, AZ 24782",2025.0,2026-08-08 12:39:21.819
S000124,Justin,Decker,student124@edupredict.com,03468716153,Male,28,DEP015,Civil Engineering,T00196,2,3.41,74.0,Inactive,"600 Danielle Square, Gilbertland, WY 34201",2026.0,2026-08-08 12:39:21.820
S000125,Maria,Turner,student125@edupredict.com,03193593853,Male,22,DEP012,Management,T00056,5,2.11,74.0,Active,"PSC 8763, Box 8352, APO AA 44344",2021.0,2026-08-08 12:39:21.821
S000126,Amanda,Robles,student126@edupredict.com,03920648659,Male,28,DEP019,Chemistry,T00297,5,3.24,87.0,Active,"Unit 8915 Box 9113, DPO AA 74377",2026.0,2026-08-08 12:39:21.821
S000127,Mark,Phillips,student127@edupredict.com,03277818908,Male,18,DEP004,Artificial Intelligence,T00300,5,3.42,76.0,Inactive,"10511 Copeland Corner Suite 730, Colemanview, OR 23374",2024.0,2026-08-08 12:39:21.822
S000128,Summer,Byrd,student128@edupredict.com,03354410673,Female,20,DEP006,Cyber Security,T00229,6,3.71,64.0,Active,"496 Jensen Mission, East Melissa, KS 49103",2024.0,2026-08-08 12:39:21.822
S000129,Melanie,Guerra,student129@edupredict.com,03922691098,Female,22,DEP018,Physics,T00172,1,3.29,74.0,Active,"928 Kaufman Overpass Apt. 870, Christinemouth, OR 95748",2023.0,2026-08-08 12:39:21.823
S000130,Michelle,Gallegos,student130@edupredict.com,03973739483,Female,20,DEP009,Finance,T00058,6,2.51,58.0,Inactive,"2482 Lewis Lodge, South Julia, WY 19079",2022.0,2026-08-08 12:39:21.824
S000131,Tracy,Gates,student131@edupredict.com,03473318714,Male,21,DEP007,Business Administration,T00014,7,2.02,80.0,Active,"131 Maddox Avenue, Connieview, AS 47855",2025.0,2026-08-08 12:39:21.825
S000132,Ryan,Johnson,student132@edupredict.com,03174556034,Male,27,DEP012,Management,T00157,4,2.6,71.0,Active,"6309 Richard Mill, Juarezberg, MI 55158",2026.0,2026-08-08 12:39:21.825
S000133,Brittney,Carter,student133@edupredict.com,03270864343,Male,24,DEP003,Information Technology,T00051,3,2.18,65.0,Active,"8750 Diaz River Suite 619, Heathfurt, IN 25001",2026.0,2026-08-08 12:39:21.826
S000134,Anita,Dean,student134@edupredict.com,03814211444,Female,19,DEP005,Data Science,T00107,8,3.88,62.0,Active,"536 Jones Lodge, Masonfurt, KS 01913",2026.0,2026-08-08 12:39:21.827
S000135,Brenda,Raymond,student135@edupredict.com,03837097447,Female,22,DEP015,Civil Engineering,T00020,1,2.82,89.0,Active,"264 Brown Isle, Tinaland, UT 12838",2026.0,2026-08-08 12:39:21.828
S000136,William,Wells,student136@edupredict.com,03658361350,Male,20,DEP015,Civil Engineering,T00151,3,3.38,94.0,Active,"557 Robin Place Suite 556, North Jasminborough, DC 68289",2026.0,2026-08-08 12:39:21.828
S000137,Cynthia,Gray,student137@edupredict.com,03424571752,Female,26,DEP013,Electrical Engineering,T00269,4,2.19,72.0,Active,"28687 Elizabeth Springs Suite 104, West Robin, FL 55023",2023.0,2026-08-08 12:39:21.829
S000138,James,Floyd,student138@edupredict.com,03422747590,Female,27,DEP009,Finance,T00076,1,3.0,53.0,Active,"PSC 3702, Box 1151, APO AA 40549",2025.0,2026-08-08 12:39:21.829
S000139,James,Adams,student139@edupredict.com,03164477466,Male,22,DEP008,Accounting,T00191,2,3.76,73.0,Active,"PSC 3261, Box 5084, APO AE 24196",2023.0,2026-08-08 12:39:23.012
S000140,Alison,Spencer,student140@edupredict.com,03718925774,Male,28,DEP004,Artificial Intelligence,T00281,2,3.4,99.0,Active,"0560 Robbins Passage Apt. 674, Danielport, DC 11273",2021.0,2026-08-08 12:39:23.012
S000141,Steven,Craig,student141@edupredict.com,03712781771,Female,23,DEP008,Accounting,T00069,6,2.93,86.0,Active,"664 Russell Ferry Apt. 994, Port Edwardberg, IA 10805",2022.0,2026-08-08 12:39:23.014
S000142,James,Foster,student142@edupredict.com,03516878974,Female,26,DEP012,Management,T00090,3,3.48,100.0,Active,"634 Douglas Lights Suite 154, North Mark, AR 98828",2024.0,2026-08-08 12:39:23.015
S000143,Jeremiah,Nicholson,student143@edupredict.com,03264172834,Male,26,DEP014,Mechanical Engineering,T00086,5,3.58,63.0,Active,"5401 Dawn Drive, Phillipborough, SC 53110",2022.0,2026-08-08 12:39:23.015
S000144,Janet,Nichols,student144@edupredict.com,03651334531,Male,21,DEP004,Artificial Intelligence,T00285,8,2.02,56.0,Active,"5137 Santos Plaza Apt. 681, Curtisstad, KY 94158",2023.0,2026-08-08 12:39:23.016
S000145,Melanie,Cox,student145@edupredict.com,03151173189,Female,24,DEP016,Architecture,T00083,1,2.87,63.0,Active,"722 Jennifer Views Suite 153, West Nicole, FL 19044",2022.0,2026-08-08 12:39:23.017
S000146,Andre,Jenkins,student146@edupredict.com,03707049870,Female,28,DEP015,Civil Engineering,T00061,8,3.6,94.0,Active,"370 Lauren Glens, Lake Jonathan, MN 03128",2024.0,2026-08-08 12:39:23.018
S000147,Jeffrey,Brown,student147@edupredict.com,03184786427,Female,25,DEP017,Mathematics,T00261,6,3.88,71.0,Active,"27218 Smith Haven Apt. 071, Tuckerfurt, PW 81406",2026.0,2026-08-08 12:39:23.019
S000148,Amy,Peters,student148@edupredict.com,03148289399,Female,19,DEP004,Artificial Intelligence,T00237,5,3.57,53.0,Active,"871 Andrew Expressway, Lake Melissa, ND 03806",2024.0,2026-08-08 12:39:23.020
S000149,Hannah,Mays,student149@edupredict.com,03235951743,Female,28,DEP011,Marketing,T00073,2,2.83,83.0,Active,"96732 Hill Coves Suite 881, Mirandatown, MT 34098",2025.0,2026-08-08 12:39:23.021
S000150,Leslie,Henry,student150@edupredict.com,03570853676,Female,27,DEP019,Chemistry,T00045,5,2.88,51.0,Active,"347 Jeremy Dale, Richardsonfort, ND 82322",2026.0,2026-08-08 12:39:23.021
S000151,Kyle,Chang,student151@edupredict.com,03573177729,Male,23,DEP019,Chemistry,T00297,3,3.86,73.0,Active,"697 Greene Via, Knappborough, TN 11621",2026.0,2026-08-08 12:39:23.022
S000152,Jennifer,Walters,student152@edupredict.com,03634391702,Female,18,DEP005,Data Science,T00287,6,2.77,65.0,Active,"444 Cantrell Walks, Krausefurt, AL 66639",2021.0,2026-08-08 12:39:23.023
S000153,Roy,Williams,student153@edupredict.com,03272246918,Female,22,DEP012,Management,T00117,4,2.11,98.0,Active,"05628 Angela Bypass, South Christina, SC 67253",2023.0,2026-08-08 12:39:23.024
S000154,Jennifer,Allen,student154@edupredict.com,03515421137,Female,23,DEP020,Biology,T00179,6,3.29,86.0,Active,"Unit 4550 Box 2430, DPO AP 03423",2024.0,2026-08-08 12:39:23.024
S000155,Joseph,Woods,student155@edupredict.com,03129525267,Male,25,DEP011,Marketing,T00195,8,2.74,80.0,Active,"4104 Bowers Port, Robertomouth, NC 96839",2025.0,2026-08-08 12:39:23.025
S000156,Michele,Tran,student156@edupredict.com,03302813803,Male,26,DEP017,Mathematics,T00139,7,3.29,82.0,Active,"3257 Diana Drive Apt. 907, Heatherton, GU 12692",2024.0,2026-08-08 12:39:23.026
S000157,James,Lopez,student157@edupredict.com,03911265047,Male,22,DEP012,Management,T00090,3,3.91,87.0,Active,"PSC 4854, Box 9088, APO AP 49240",2021.0,2026-08-08 12:39:23.026
S000158,Stacey,Perez,student158@edupredict.com,03619484879,Male,25,DEP006,Cyber Security,T00043,2,3.21,93.0,Active,"081 Karen Rapid, Michaelstad, ME 48830",2024.0,2026-08-08 12:39:23.027
S000159,Katelyn,Booth,student159@edupredict.com,03204886193,Male,23,DEP014,Mechanical Engineering,T00257,1,2.82,97.0,Active,"960 Dave Burgs Suite 464, Stevenborough, PR 02952",2023.0,2026-08-08 12:39:23.028
S000160,Henry,Chen,student160@edupredict.com,03159057103,Male,27,DEP020,Biology,T00179,6,3.57,51.0,Active,"0608 Shea Parks Suite 608, New Josephborough, VA 69905",2025.0,2026-08-08 12:39:23.029
S000161,Nathaniel,Young,student161@edupredict.com,03645468287,Male,26,DEP003,Information Technology,T00123,3,3.69,69.0,Active,"353 Michelle Fords, Juanshire, MD 79762",2025.0,2026-08-08 12:39:23.029
S000162,Joseph,Herring,student162@edupredict.com,03136573525,Female,27,DEP001,Computer Science,T00296,6,2.82,95.0,Active,"9285 Holden Well, West Todd, NE 54986",2021.0,2026-08-08 12:39:23.030
S000163,Ashley,Walker,student163@edupredict.com,03763196994,Female,27,DEP009,Finance,T00076,5,3.19,62.0,Active,"67384 Bates Valleys, Lake Christine, TX 97170",2026.0,2026-08-08 12:39:23.031
S000164,Jason,Morrow,student164@edupredict.com,03378654839,Female,28,DEP005,Data Science,T00164,6,4.0,91.0,Active,"00768 Moore Island Suite 570, Schmidtville, OK 75712",2021.0,2026-08-08 12:39:23.032
S000165,Lisa,Bowman,student165@edupredict.com,03973067247,Female,22,DEP001,Computer Science,T00060,8,3.96,72.0,Active,"404 Smith Mall, East Kevin, NJ 74837",2024.0,2026-08-08 12:39:23.032
S000166,Ashley,Dunlap,student166@edupredict.com,03301543508,Female,25,DEP004,Artificial Intelligence,T00237,6,2.32,75.0,Inactive,"USNV Arias, FPO AE 60542",2026.0,2026-08-08 12:39:23.033
S000167,George,Contreras,student167@edupredict.com,03489179829,Female,27,DEP017,Mathematics,T00144,8,2.05,99.0,Active,"95764 Bartlett Summit Suite 473, South Jacob, TX 90370",2024.0,2026-08-08 12:39:23.034
S000168,Thomas,Franklin,student168@edupredict.com,03913577606,Female,19,DEP008,Accounting,T00013,3,2.49,51.0,Active,"484 Juarez Points, Port Jessicaland, AS 16302",2025.0,2026-08-08 12:39:23.035
S000169,Hailey,Forbes,student169@edupredict.com,03361787656,Male,18,DEP016,Architecture,T00118,4,3.59,68.0,Active,"2134 Aguilar Road, North Michelle, CO 17066",2025.0,2026-08-08 12:39:23.036
S000170,Nicole,Martinez,student170@edupredict.com,03333057995,Male,21,DEP010,Economics,T00193,4,2.93,94.0,Active,"712 Adams Wells, Russobury, MH 46099",2025.0,2026-08-08 12:39:23.037
S000171,Alicia,Smith,student171@edupredict.com,03678981713,Female,18,DEP017,Mathematics,T00288,5,3.9,70.0,Active,"056 Cynthia Roads, Robertmouth, SD 63784",2024.0,2026-08-08 12:39:23.037
S000172,Donna,Parks,student172@edupredict.com,03153124897,Female,21,DEP017,Mathematics,T00085,6,3.44,55.0,Inactive,"55965 Nicole Knoll, Port Briannahaven, AZ 60862",2023.0,2026-08-08 12:39:23.038
S000173,Carol,Roberts,student173@edupredict.com,03773147248,Male,28,DEP001,Computer Science,T00060,1,3.16,99.0,Inactive,"154 Michael Views, Natashastad, WY 24818",2026.0,2026-08-08 12:39:23.039
S000174,Erik,Bailey,student174@edupredict.com,03167485818,Male,23,DEP007,Business Administration,T00124,8,2.76,50.0,Active,"156 David Trail, Hilltown, MN 20141",2025.0,2026-08-08 12:39:23.040
S000175,Elizabeth,Thompson,student175@edupredict.com,03500501731,Female,20,DEP004,Artificial Intelligence,T00129,1,2.47,87.0,Active,"32509 Monique Pike Apt. 879, Lake Sarafort, NV 49446",2023.0,2026-08-08 12:39:23.041
S000176,Nathan,Phillips,student176@edupredict.com,03469256765,Female,23,DEP020,Biology,T00159,5,2.28,64.0,Active,"2423 Keith Crest Apt. 719, New Valerieburgh, PR 46693",2022.0,2026-08-08 12:39:23.042
S000177,Sheri,Grant,student177@edupredict.com,03130844351,Male,23,DEP011,Marketing,T00195,2,3.5,87.0,Active,"47211 Nicole Knolls Apt. 802, New Stevenland, HI 43125",2025.0,2026-08-08 12:39:23.042
S000178,Brian,Bass,student178@edupredict.com,03892571884,Male,22,DEP020,Biology,T00140,3,3.86,75.0,Active,"28914 Morgan Knolls, Brandonhaven, MP 36089",2024.0,2026-08-08 12:39:23.043
S000179,Joshua,Mckenzie,student179@edupredict.com,03491627278,Male,28,DEP001,Computer Science,T00296,7,3.14,77.0,Active,"94298 Jose Junctions Suite 031, South Michelle, TN 34042",2024.0,2026-08-08 12:39:23.044
S000180,Lisa,Taylor,student180@edupredict.com,03586778064,Male,25,DEP005,Data Science,T00093,4,2.37,52.0,Active,"06020 Roach Forges Suite 422, South Connieton, DC 83151",2022.0,2026-08-08 12:39:23.044
S000181,Danielle,Matthews,student181@edupredict.com,03904721585,Male,27,DEP019,Chemistry,T00040,4,3.18,97.0,Inactive,"7488 Charles Brook Apt. 429, Kevinside, LA 66635",2024.0,2026-08-08 12:39:23.045
S000182,Steven,Brown,student182@edupredict.com,03502407481,Female,20,DEP019,Chemistry,T00044,5,3.8,72.0,Active,"517 Jones Trafficway Apt. 930, New Kathy, MH 37176",2026.0,2026-08-08 12:39:23.046
S000183,Yvette,Wilson,student183@edupredict.com,03793357317,Male,27,DEP007,Business Administration,T00141,5,3.96,96.0,Active,"8527 Lucas Underpass Suite 697, North Tammy, PR 34984",2024.0,2026-08-08 12:39:23.498
S000184,Ashley,Murray,student184@edupredict.com,03910758613,Male,26,DEP011,Marketing,T00222,3,3.99,87.0,Active,"6694 Tanya Junction Apt. 329, Rogersland, FM 34281",2022.0,2026-08-08 12:39:23.500
S000185,Jennifer,Cook,student185@edupredict.com,03150996632,Male,21,DEP002,Software Engineering,T00078,4,2.65,52.0,Active,"602 Shane Forge, Sanchezton, NJ 86840",2026.0,2026-08-08 12:39:23.501
S000186,Katelyn,Rhodes,student186@edupredict.com,03623323189,Male,18,DEP008,Accounting,T00126,5,3.84,72.0,Active,"813 Ayala Plaza, Williamsbury, MA 31767",2026.0,2026-08-08 12:39:23.502
S000187,Tammy,Williams,student187@edupredict.com,03520374088,Female,22,DEP006,Cyber Security,T00190,7,2.16,65.0,Active,"79496 Anthony Glens, West Cody, NH 15761",2021.0,2026-08-08 12:39:23.503
S000188,Kimberly,Moore,student188@edupredict.com,03313042022,Female,28,DEP019,Chemistry,T00227,5,2.27,50.0,Inactive,"73540 Christina Wells, Hartfurt, MO 45966",2021.0,2026-08-08 12:39:23.504
S000189,Jessica,Castro,student189@edupredict.com,03662831231,Male,28,DEP008,Accounting,T00186,7,2.1,100.0,Active,"52620 Julia Views, Wendyburgh, VT 71042",2022.0,2026-08-08 12:39:23.504
S000190,Leslie,Washington,student190@edupredict.com,03796976307,Male,19,DEP007,Business Administration,T00143,7,2.5,81.0,Active,"85894 Manuel Lakes, Rebeccahaven, CO 68572",2022.0,2026-08-08 12:39:23.505
S000191,Melissa,Perez,student191@edupredict.com,03298069596,Female,22,DEP010,Economics,T00259,3,2.02,58.0,Active,"771 Brian Court Apt. 350, North Christophershire, VT 24370",2023.0,2026-08-08 12:39:23.506
S000192,Peter,Sanchez,student192@edupredict.com,03646334972,Male,22,DEP006,Cyber Security,T00229,1,3.87,100.0,Active,"1523 Schmidt Freeway, Austinfort, MN 29527",2022.0,2026-08-08 12:39:23.506
S000193,Jonathan,Foster,student193@edupredict.com,03382909188,Male,20,DEP014,Mechanical Engineering,T00200,6,2.74,71.0,Active,"0841 Olson Light, Lake Laura, KS 47331",2026.0,2026-08-08 12:39:23.507
S000194,Holly,Garcia,student194@edupredict.com,03371090393,Female,27,DEP002,Software Engineering,T00223,4,3.21,50.0,Active,"40516 Heather Island Apt. 552, South Edward, OK 59383",2026.0,2026-08-08 12:39:23.508
S000195,Melissa,Bailey,student195@edupredict.com,03923081698,Male,24,DEP017,Mathematics,T00077,1,3.73,73.0,Active,"359 Jose Inlet, Port Christophermouth, ID 62775",2026.0,2026-08-08 12:39:23.508
S000196,Richard,Hunter,student196@edupredict.com,03292273489,Male,21,DEP010,Economics,T00193,5,3.21,67.0,Active,"81926 Avila River Suite 645, West Michellebury, ND 05908",2023.0,2026-08-08 12:39:23.509
S000197,Brian,Cochran,student197@edupredict.com,03656156781,Male,21,DEP014,Mechanical Engineering,T00142,7,2.69,56.0,Active,"9950 George Alley Apt. 132, Anthonyside, KS 89656",2024.0,2026-08-08 12:39:23.510
S000198,Gregory,Jackson,student198@edupredict.com,03712932004,Female,20,DEP016,Architecture,T00158,8,2.83,85.0,Active,"532 Zachary Rest Apt. 002, South Rickychester, NE 28054",2025.0,2026-08-08 12:39:23.510
S000199,Tracy,Ramos,student199@edupredict.com,03161986818,Female,25,DEP010,Economics,T00293,2,2.61,69.0,Active,"6203 John Green, Rangelburgh, OH 27116",2025.0,2026-08-08 12:39:23.511
S000200,Adam,Gibson,student200@edupredict.com,03879250310,Female,21,DEP017,Mathematics,T00206,2,2.85,79.0,Active,"997 Sara Port, West Jeffrey, WI 47649",2024.0,2026-08-08 12:39:23.512
S000201,Michele,Patterson,student201@edupredict.com,03183011945,Male,22,DEP011,Marketing,T00038,2,3.86,91.0,Active,"750 Samantha Course, Port Felicia, MA 01117",2021.0,2026-08-08 12:39:23.513
S000202,David,Smith,student202@edupredict.com,03792087637,Male,26,DEP001,Computer Science,T00098,4,2.78,76.0,Active,"1234 Brandon Streets, South Susanton, FL 66320",2025.0,2026-08-08 12:39:23.514
S000203,Joshua,Mcconnell,student203@edupredict.com,03773739859,Male,20,DEP011,Marketing,T00073,5,2.57,79.0,Active,"6224 Henry Trail, Arnoldborough, AZ 48664",2023.0,2026-08-08 12:39:23.515
S000204,Megan,Martin,student204@edupredict.com,03815812351,Male,21,DEP002,Software Engineering,T00078,2,3.24,93.0,Active,"109 Rasmussen Stravenue Suite 944, Rachelberg, MH 29672",2021.0,2026-08-08 12:39:23.515
S000205,Jason,Frazier,student205@edupredict.com,03366217535,Male,28,DEP004,Artificial Intelligence,T00064,5,2.43,79.0,Active,"5290 Seth Shoals, Reynoldsside, WI 63433",2022.0,2026-08-08 12:39:23.516
S000206,Amanda,Preston,student206@edupredict.com,03705142358,Female,22,DEP007,Business Administration,T00084,4,2.12,68.0,Active,"72931 Bentley Shoals Suite 682, Angelicaside, MS 06201",2022.0,2026-08-08 12:39:23.517
S000207,Sarah,Obrien,student207@edupredict.com,03396245480,Female,21,DEP009,Finance,T00021,8,2.02,100.0,Active,"38167 Alice Ferry Suite 419, Tannerborough, CA 14293",2024.0,2026-08-08 12:39:23.518
S000208,Sean,Warren,student208@edupredict.com,03458119487,Male,27,DEP020,Biology,T00173,4,3.76,55.0,Active,"76564 Phillip Pass, Stevensonfort, CT 07546",2024.0,2026-08-08 12:39:23.519
S000209,Sandra,Pollard,student209@edupredict.com,03981837285,Female,25,DEP009,Finance,T00178,7,3.99,89.0,Active,"2876 Duncan Summit, Fletcherborough, MS 76006",2022.0,2026-08-08 12:39:23.520
S000210,Lawrence,Blevins,student210@edupredict.com,03943313436,Female,21,DEP015,Civil Engineering,T00025,5,2.43,55.0,Active,"30868 Campbell Skyway, East Lisa, GU 60004",2022.0,2026-08-08 12:39:23.520
S000211,Christina,Chaney,student211@edupredict.com,03862610635,Male,19,DEP012,Management,T00192,6,2.33,100.0,Active,"18482 Leon Court Suite 828, West Christine, WI 45484",2024.0,2026-08-08 12:39:23.521
S000212,Karen,Bailey,student212@edupredict.com,03744972221,Female,27,DEP002,Software Engineering,T00136,8,3.94,60.0,Inactive,"USS Sanders, FPO AP 39734",2026.0,2026-08-08 12:39:23.522
S000213,Jillian,Mcintyre,student213@edupredict.com,03741520579,Male,27,DEP004,Artificial Intelligence,T00300,8,2.66,65.0,Active,"5720 James Radial Apt. 616, Hallhaven, GU 11267",2026.0,2026-08-08 12:39:23.523
S000214,Keith,Brown,student214@edupredict.com,03970908134,Male,18,DEP016,Architecture,T00189,3,3.36,84.0,Active,"5901 Stephens Turnpike Suite 985, North Joyce, CA 88762",2023.0,2026-08-08 12:39:23.524
S000215,Lee,Smith,student215@edupredict.com,03362107884,Male,25,DEP017,Mathematics,T00206,2,2.45,76.0,Active,"93263 Randall Roads Apt. 625, South Sharon, VA 78526",2021.0,2026-08-08 12:39:23.524
S000216,Alex,Hoover,student216@edupredict.com,03257940794,Female,26,DEP006,Cyber Security,T00169,4,2.46,63.0,Active,"320 Brown Summit Suite 069, Alextown, NE 08026",2025.0,2026-08-08 12:39:23.525
S000217,Andrew,Myers,student217@edupredict.com,03132995481,Male,28,DEP017,Mathematics,T00239,4,3.75,67.0,Active,"PSC 9334, Box 8041, APO AA 22972",2022.0,2026-08-08 12:39:23.525
S000218,Matthew,Kelly,student218@edupredict.com,03266042807,Female,26,DEP014,Mechanical Engineering,T00103,3,3.87,94.0,Inactive,"Unit 7325 Box 0372, DPO AA 89142",2021.0,2026-08-08 12:39:23.526
S000219,Ashley,Taylor,student219@edupredict.com,03765723876,Female,26,DEP013,Electrical Engineering,T00269,2,2.68,82.0,Active,"PSC 3911, Box 1158, APO AA 76835",2026.0,2026-08-08 12:39:23.526
S000220,David,Clark,student220@edupredict.com,03291501740,Male,22,DEP017,Mathematics,T00161,8,3.6,97.0,Active,"3731 John Wells, Lake Caroline, GA 93268",2025.0,2026-08-08 12:39:23.527
S000221,Jenna,Dunn,student221@edupredict.com,03282210110,Male,27,DEP007,Business Administration,T00036,2,2.45,97.0,Active,"944 Travis Spur Suite 698, Riveramouth, AK 56397",2022.0,2026-08-08 12:39:23.528
S000222,Lindsay,Melton,student222@edupredict.com,03471158651,Male,18,DEP020,Biology,T00080,8,3.71,99.0,Active,"328 Mary Walk Apt. 160, Coxport, MT 98082",2023.0,2026-08-08 12:39:23.528
S000223,Keith,Webb,student223@edupredict.com,03822886399,Female,21,DEP017,Mathematics,T00161,6,2.87,80.0,Active,"36973 Brown Islands, Tranland, LA 24808",2025.0,2026-08-08 12:39:23.529
S000224,Rachel,Rojas,student224@edupredict.com,03390415498,Female,26,DEP010,Economics,T00091,3,3.22,55.0,Active,"208 Rich Underpass, North Larry, DE 71814",2026.0,2026-08-08 12:39:23.530
S000225,Daniel,Flowers,student225@edupredict.com,03254696090,Female,19,DEP017,Mathematics,T00206,3,2.43,59.0,Active,"6001 Jane Course, East Davidborough, OH 38065",2022.0,2026-08-08 12:39:23.530
S000226,Daniel,Hill,student226@edupredict.com,03436564961,Male,27,DEP009,Finance,T00209,5,3.06,62.0,Active,"7829 Elizabeth Land Apt. 532, South Jasonland, AR 63923",2025.0,2026-08-08 12:39:23.531
S000227,Joseph,Pruitt,student227@edupredict.com,03518955298,Female,21,DEP008,Accounting,T00286,7,2.36,74.0,Active,"9992 Williams Point Suite 009, Kellyfort, SC 58291",2021.0,2026-08-08 12:39:23.532
S000228,Rachel,Pruitt,student228@edupredict.com,03314773743,Female,27,DEP003,Information Technology,T00220,1,2.97,100.0,Active,"USNS Williamson, FPO AA 86867",2022.0,2026-08-08 12:39:24.810
S000229,Rachel,Clark,student229@edupredict.com,03485575758,Female,20,DEP020,Biology,T00162,3,2.43,74.0,Active,"6681 Kevin Mill, Thomasbury, SC 30579",2022.0,2026-08-08 12:39:24.811
S000230,Laura,Clements,student230@edupredict.com,03936796815,Male,22,DEP017,Mathematics,T00261,5,3.5,73.0,Active,"438 Melissa Estates Apt. 393, East Carlshire, IA 77596",2026.0,2026-08-08 12:39:24.812
S000231,Gregory,Barajas,student231@edupredict.com,03589153276,Female,28,DEP016,Architecture,T00225,7,2.05,59.0,Active,"95629 Gibbs Park Suite 493, Floresfort, VA 94979",2025.0,2026-08-08 12:39:24.812
S000232,Jacob,Booker,student232@edupredict.com,03245637802,Female,28,DEP009,Finance,T00178,7,2.4,87.0,Active,"01855 Nancy Courts, Morsehaven, PR 68813",2024.0,2026-08-08 12:39:24.813
S000233,Michele,Long,student233@edupredict.com,03701884893,Male,19,DEP018,Physics,T00105,4,2.82,51.0,Inactive,"PSC 8667, Box 2421, APO AP 10102",2024.0,2026-08-08 12:39:24.813
S000234,Kaitlin,Carter,student234@edupredict.com,03134079639,Female,25,DEP014,Mechanical Engineering,T00171,3,3.24,69.0,Active,"21496 Bradshaw Gateway, West Tinastad, TN 13446",2022.0,2026-08-08 12:39:24.814
S000235,Sandra,Perry,student235@edupredict.com,03776280593,Female,18,DEP002,Software Engineering,T00096,1,2.53,52.0,Active,"39665 Carroll Glen, Lake Brendaview, MS 25994",2021.0,2026-08-08 12:39:24.815
S000236,Rebecca,Ward,student236@edupredict.com,03110454550,Female,23,DEP014,Mechanical Engineering,T00202,3,2.93,91.0,Active,"331 Lewis Road Suite 379, Lake Jasminemouth, MS 17560",2026.0,2026-08-08 12:39:24.816
S000237,Logan,Johnson,student237@edupredict.com,03129987442,Female,18,DEP016,Architecture,T00225,7,3.08,80.0,Active,"USCGC Ward, FPO AP 78700",2026.0,2026-08-08 12:39:24.817
S000238,Kristin,Martinez,student238@edupredict.com,03625634182,Male,19,DEP017,Mathematics,T00288,5,2.83,76.0,Active,"Unit 5961 Box 1118, DPO AE 26097",2025.0,2026-08-08 12:39:24.817
S000239,Chris,Hall,student239@edupredict.com,03682030817,Female,18,DEP013,Electrical Engineering,T00065,6,2.86,79.0,Active,"982 Karen Mountain Suite 690, Port Jillton, OK 43555",2026.0,2026-08-08 12:39:24.818
S000240,Caitlin,Crosby,student240@edupredict.com,03510333912,Female,22,DEP001,Computer Science,T00060,6,2.73,87.0,Active,"67854 Allen Circles, Port Nathan, NH 59682",2023.0,2026-08-08 12:39:24.819
S000241,Andrea,Jones,student241@edupredict.com,03141351702,Female,18,DEP006,Cyber Security,T00113,5,2.0,72.0,Active,"98519 Holland Extensions, Estradamouth, ND 71099",2021.0,2026-08-08 12:39:24.820
S000242,Douglas,Valencia,student242@edupredict.com,03199793269,Male,23,DEP003,Information Technology,T00051,2,2.72,81.0,Active,"USNS Silva, FPO AA 06381",2021.0,2026-08-08 12:39:24.820
S000243,Lawrence,Houston,student243@edupredict.com,03799641134,Female,25,DEP009,Finance,T00021,7,2.2,91.0,Active,"4265 Tina Landing, South Amy, IN 37164",2023.0,2026-08-08 12:39:24.821
S000244,Gary,Wilkerson,student244@edupredict.com,03631530997,Male,26,DEP001,Computer Science,T00240,6,3.83,50.0,Active,"6785 Harris Junctions Apt. 881, Lake Deannabury, HI 66283",2023.0,2026-08-08 12:39:24.822
S000245,Anthony,Sparks,student245@edupredict.com,03732743183,Female,27,DEP013,Electrical Engineering,T00273,2,2.86,75.0,Active,"458 Gonzalez Oval Suite 208, Jamieport, NE 86104",2021.0,2026-08-08 12:39:24.823
S000246,Claudia,Martinez,student246@edupredict.com,03330404594,Male,26,DEP005,Data Science,T00022,1,2.22,80.0,Active,"240 Stark Harbors Suite 421, Lake Chad, NH 55887",2025.0,2026-08-08 12:39:24.823
S000247,Cory,Dawson,student247@edupredict.com,03974825520,Male,28,DEP016,Architecture,T00008,3,2.3,55.0,Active,"045 Jerry Lodge, Port Leslie, TN 34234",2021.0,2026-08-08 12:39:24.824
S000248,Heather,Stokes,student248@edupredict.com,03699365960,Male,27,DEP002,Software Engineering,T00223,7,2.49,53.0,Active,"853 Dana Junctions, Dianeberg, OR 19677",2021.0,2026-08-08 12:39:24.825
S000249,Eric,Jones,student249@edupredict.com,03836245710,Male,21,DEP010,Economics,T00091,4,2.33,85.0,Active,"80870 Norton Wells Suite 689, Brewerfurt, OK 83262",2023.0,2026-08-08 12:39:24.826
S000250,Matthew,Graham,student250@edupredict.com,03982766780,Female,25,DEP007,Business Administration,T00036,2,3.27,57.0,Active,"53794 Nunez Creek Suite 838, Emilystad, MI 21129",2022.0,2026-08-08 12:39:24.826
S000251,Michael,Levine,student251@edupredict.com,03803474094,Male,22,DEP007,Business Administration,T00124,1,2.1,100.0,Active,"11041 Sarah Brooks Apt. 689, South Garymouth, PR 97555",2022.0,2026-08-08 12:39:24.827
S000252,Alexandria,Silva,student252@edupredict.com,03892343707,Female,21,DEP015,Civil Engineering,T00183,7,2.84,70.0,Active,"PSC 6914, Box 0733, APO AE 18850",2023.0,2026-08-08 12:39:24.827
S000253,Daniel,Murray,student253@edupredict.com,03768693855,Male,18,DEP007,Business Administration,T00036,2,2.09,63.0,Active,"1193 Olson Trail, Scottshire, DC 45904",2021.0,2026-08-08 12:39:24.828
S000254,Rebecca,Smith,student254@edupredict.com,03979196074,Female,22,DEP012,Management,T00081,5,3.08,70.0,Active,"9132 Aguilar Wells Suite 745, West Ian, FL 83857",2023.0,2026-08-08 12:39:24.829
S000255,Jenna,Hughes,student255@edupredict.com,03968180748,Male,24,DEP005,Data Science,T00068,6,2.28,75.0,Active,"Unit 1363 Box 7581, DPO AA 56243",2025.0,2026-08-08 12:39:24.829
S000256,Alexis,Hardy,student256@edupredict.com,03838245969,Female,21,DEP007,Business Administration,T00036,6,2.48,68.0,Active,"502 Peterson Fords Apt. 512, Taylorland, AZ 17750",2021.0,2026-08-08 12:39:24.830
S000257,Bridget,Mendoza,student257@edupredict.com,03242594349,Female,28,DEP006,Cyber Security,T00190,2,2.22,51.0,Active,"6943 Green Valley, Leslietown, WI 04638",2026.0,2026-08-08 12:39:24.831
S000258,James,Aguilar,student258@edupredict.com,03591143691,Male,27,DEP006,Cyber Security,T00031,5,3.74,70.0,Active,"86916 Christopher Squares Apt. 222, Lake Carolberg, MH 07911",2021.0,2026-08-08 12:39:24.832
S000259,Samantha,Richard,student259@edupredict.com,03487794193,Male,18,DEP008,Accounting,T00226,4,3.21,98.0,Active,"87942 Thomas Squares Apt. 413, Julianburgh, NE 79938",2024.0,2026-08-08 12:39:24.833
S000260,Mallory,Smith,student260@edupredict.com,03684756001,Male,28,DEP009,Finance,T00037,5,3.05,60.0,Active,"5345 Randy Manors, Haynesshire, FL 52245",2023.0,2026-08-08 12:39:24.834
S000261,Joseph,Reed,student261@edupredict.com,03498845285,Male,24,DEP017,Mathematics,T00054,8,3.92,68.0,Active,"95550 Hill Forest, Davidburgh, AS 43204",2022.0,2026-08-08 12:39:24.834
S000262,Anthony,Watson,student262@edupredict.com,03657662966,Female,27,DEP006,Cyber Security,T00043,1,3.23,75.0,Active,"11236 Cruz Squares, Michaelmouth, ND 42173",2021.0,2026-08-08 12:39:24.835
S000263,Nicholas,Green,student263@edupredict.com,03284044554,Male,26,DEP011,Marketing,T00222,6,2.27,58.0,Active,"57240 Smith Falls, West Kristinfurt, ME 89435",2025.0,2026-08-08 12:39:24.836
S000264,Jeffrey,Arias,student264@edupredict.com,03177742662,Female,21,DEP005,Data Science,T00107,3,2.91,79.0,Active,"21520 Benjamin Throughway Apt. 434, North Heatherstad, MN 83560",2022.0,2026-08-08 12:39:24.837
S000265,Karen,Velasquez,student265@edupredict.com,03482127825,Male,22,DEP002,Software Engineering,T00212,1,3.64,70.0,Active,"4345 Norton Walks, South Robertberg, TN 58429",2025.0,2026-08-08 12:39:24.838
S000266,Wayne,Ward,student266@edupredict.com,03696465188,Female,19,DEP020,Biology,T00173,5,2.07,92.0,Active,"0999 David Forest, Donaldside, WV 83053",2025.0,2026-08-08 12:39:24.839
S000267,Diane,Hernandez,student267@edupredict.com,03990729851,Male,27,DEP013,Electrical Engineering,T00273,6,2.59,52.0,Active,"55246 Gordon Neck Suite 845, Greenmouth, CO 79268",2024.0,2026-08-08 12:39:24.839
S000268,April,Sullivan,student268@edupredict.com,03915691287,Female,21,DEP008,Accounting,T00122,1,3.02,61.0,Active,"870 Janice Wells, Amandaberg, MT 26877",2025.0,2026-08-08 12:39:24.840
S000269,Patrick,Melendez,student269@edupredict.com,03499642744,Male,19,DEP012,Management,T00102,3,3.8,52.0,Active,"865 Rodriguez Mountains Suite 564, Glassfort, NH 49573",2023.0,2026-08-08 12:39:24.841
S000270,James,Smith,student270@edupredict.com,03786093500,Female,20,DEP020,Biology,T00173,1,2.58,69.0,Active,"654 Terrell Freeway Apt. 081, East Scott, WA 38582",2023.0,2026-08-08 12:39:24.841
S000271,Connie,Shelton,student271@edupredict.com,03439907646,Male,18,DEP017,Mathematics,T00108,6,2.49,64.0,Active,"036 Lori Inlet, Kimchester, NH 56134",2026.0,2026-08-08 12:39:24.842
S000272,James,Smith,student272@edupredict.com,03306406038,Male,22,DEP006,Cyber Security,T00031,2,3.5,91.0,Active,"055 Williams Tunnel Suite 055, Christophermouth, MT 70285",2024.0,2026-08-08 12:39:24.843
S000273,Luis,Blake,student273@edupredict.com,03949720268,Female,24,DEP011,Marketing,T00181,2,2.23,66.0,Active,"384 Warren Spurs Apt. 489, West Christinaview, AS 81507",2023.0,2026-08-08 12:39:25.275
S000274,Jean,Richard,student274@edupredict.com,03727288844,Female,27,DEP019,Chemistry,T00227,1,2.9,96.0,Active,"9328 Jones Via, Terriborough, OK 76146",2023.0,2026-08-08 12:39:25.276
S000275,Michelle,Bell,student275@edupredict.com,03798962682,Male,24,DEP014,Mechanical Engineering,T00003,1,3.99,94.0,Active,"151 Gibbs Falls Apt. 585, West Scottmouth, MH 44362",2024.0,2026-08-08 12:39:25.277
S000276,Brian,Miles,student276@edupredict.com,03698463617,Male,20,DEP007,Business Administration,T00207,1,2.63,99.0,Active,"7583 Jason Groves Apt. 315, East Joannaland, CA 72533",2026.0,2026-08-08 12:39:25.278
S000277,Kenneth,Wilson,student277@edupredict.com,03463849923,Male,19,DEP018,Physics,T00221,7,3.23,81.0,Active,"1266 Matthew Junction Apt. 469, South Amandahaven, MP 26179",2023.0,2026-08-08 12:39:25.279
S000278,Latoya,Davis,student278@edupredict.com,03617637844,Male,19,DEP017,Mathematics,T00108,7,3.01,78.0,Active,"2634 John Isle Suite 492, Wrightview, DC 65105",2022.0,2026-08-08 12:39:25.280
S000279,Patty,Anderson,student279@edupredict.com,03754837841,Female,21,DEP017,Mathematics,T00085,7,3.27,53.0,Active,"04448 Fletcher Walk Suite 849, Port Deborah, ND 89721",2021.0,2026-08-08 12:39:25.281
S000280,Sharon,Chambers,student280@edupredict.com,03828498465,Male,28,DEP011,Marketing,T00075,6,3.95,69.0,Active,"USS Freeman, FPO AA 41245",2022.0,2026-08-08 12:39:25.281
S000281,Shari,Evans,student281@edupredict.com,03209572721,Female,27,DEP015,Civil Engineering,T00196,6,2.48,62.0,Active,"14706 Julie Ports, North Katherine, DC 59657",2024.0,2026-08-08 12:39:25.282
S000282,Emma,Maxwell,student282@edupredict.com,03814310018,Female,25,DEP018,Physics,T00185,3,2.95,77.0,Active,"2244 Chavez Port, Port Robert, MA 73076",2024.0,2026-08-08 12:39:25.283
S000283,Tanya,Garcia,student283@edupredict.com,03990294333,Female,18,DEP020,Biology,T00201,5,2.5,95.0,Inactive,"USNS Wilcox, FPO AA 75224",2024.0,2026-08-08 12:39:25.284
S000284,Bradley,Floyd,student284@edupredict.com,03417204285,Male,19,DEP010,Economics,T00249,3,3.3,51.0,Active,"6968 Carla Harbors Apt. 270, Callahanburgh, PW 62750",2024.0,2026-08-08 12:39:25.285
S000285,Cody,Boyer,student285@edupredict.com,03981878958,Male,21,DEP015,Civil Engineering,T00183,1,2.52,84.0,Active,"51406 Spence Landing, Port Georgestad, IN 91155",2023.0,2026-08-08 12:39:25.285
S000286,Ivan,Garcia,student286@edupredict.com,03127642970,Female,20,DEP012,Management,T00090,4,3.92,96.0,Active,"2334 Brittany Mountains, Lake Sarahshire, NY 60663",2023.0,2026-08-08 12:39:25.286
S000287,Michelle,Coleman,student287@edupredict.com,03860931405,Female,20,DEP012,Management,T00094,5,2.44,54.0,Active,"02329 Singleton Courts, Weavershire, ND 30691",2023.0,2026-08-08 12:39:25.287
S000288,Scott,Herring,student288@edupredict.com,03840879544,Male,27,DEP020,Biology,T00034,4,3.59,52.0,Active,"68469 Douglas Spring, Port Bryanton, MN 22954",2024.0,2026-08-08 12:39:25.288
S000289,Brian,Cummings,student289@edupredict.com,03292664054,Male,18,DEP020,Biology,T00203,4,2.65,95.0,Active,"8312 King Creek Apt. 908, Masonview, VA 69249",2024.0,2026-08-08 12:39:25.289
S000290,Wendy,Parks,student290@edupredict.com,03925004078,Male,27,DEP008,Accounting,T00226,7,3.84,95.0,Active,"99266 Jenkins Creek Apt. 487, Port Valeriehaven, DE 28990",2023.0,2026-08-08 12:39:25.289
S000291,Maria,Thomas,student291@edupredict.com,03845780792,Male,20,DEP005,Data Science,T00199,6,2.93,95.0,Active,"91280 Morgan Mills, Port Sarahland, NE 14856",2025.0,2026-08-08 12:39:25.290
S000292,Debra,Mendoza,student292@edupredict.com,03422147126,Male,24,DEP013,Electrical Engineering,T00065,5,3.49,88.0,Active,"38454 Rebecca Harbors, West Angelamouth, VT 95424",2026.0,2026-08-08 12:39:25.291
S000293,Stephanie,Meyer,student293@edupredict.com,03173315009,Male,23,DEP018,Physics,T00204,8,2.13,69.0,Active,"8005 Emily Ramp Suite 062, Johnsonland, WY 44309",2025.0,2026-08-08 12:39:25.292
S000294,Krystal,Welch,student294@edupredict.com,03551237219,Male,22,DEP007,Business Administration,T00032,2,2.88,94.0,Active,"429 Soto Port Suite 991, Port David, ND 67736",2023.0,2026-08-08 12:39:25.292
S000295,Allison,Beasley,student295@edupredict.com,03277885759,Male,22,DEP006,Cyber Security,T00241,1,3.52,70.0,Active,"0614 Lee Pines Apt. 025, Hutchinsonborough, PA 82707",2023.0,2026-08-08 12:39:25.293
S000296,Scott,Williams,student296@edupredict.com,03811821654,Male,20,DEP014,Mechanical Engineering,T00033,1,3.51,52.0,Active,"69531 Marco Isle Apt. 111, Saramouth, ME 55887",2026.0,2026-08-08 12:39:25.294
S000297,Marie,White,student297@edupredict.com,03651283642,Male,28,DEP019,Chemistry,T00004,7,3.88,89.0,Active,"PSC 4303, Box 6593, APO AP 79143",2022.0,2026-08-08 12:39:25.295
S000298,April,Edwards,student298@edupredict.com,03701321414,Male,18,DEP012,Management,T00289,4,2.37,88.0,Active,"222 Villanueva Knoll Suite 881, Lake David, WI 70647",2025.0,2026-08-08 12:39:25.295
S000299,Jacob,Lopez,student299@edupredict.com,03325540330,Female,26,DEP014,Mechanical Engineering,T00033,5,2.8,86.0,Active,"26197 Osborn Port Suite 786, Karaland, TN 93111",2025.0,2026-08-08 12:39:25.296
S000300,Carla,Chavez,student300@edupredict.com,03175318351,Male,27,DEP014,Mechanical Engineering,T00174,7,3.48,55.0,Active,"5474 Phillips Well, South Willie, TN 20658",2025.0,2026-08-08 12:39:25.297
S000301,Jeremy,Mcknight,student301@edupredict.com,03863695667,Female,20,DEP013,Electrical Engineering,T00167,7,3.12,87.0,Active,"99004 Hall Squares Suite 903, North Samantha, MT 46945",2021.0,2026-08-08 12:39:25.298
S000302,Lindsay,Hanson,student302@edupredict.com,03885843851,Female,25,DEP017,Mathematics,T00144,6,2.73,55.0,Active,"717 Susan Gateway Apt. 172, New Kenneth, HI 55895",2026.0,2026-08-08 12:39:25.299
S000303,David,Klein,student303@edupredict.com,03561471988,Female,26,DEP008,Accounting,T00055,6,3.81,71.0,Active,"15997 Mary Inlet, North Derrick, OH 39954",2024.0,2026-08-08 12:39:25.299
S000304,Edward,Dickson,student304@edupredict.com,03491064373,Male,28,DEP004,Artificial Intelligence,T00260,4,2.03,85.0,Active,"666 James Knoll Apt. 843, West Nicoleview, LA 18595",2025.0,2026-08-08 12:39:25.300
S000305,Deborah,Logan,student305@edupredict.com,03483319376,Female,22,DEP009,Finance,T00178,2,3.16,78.0,Active,"8419 Erica Extensions, Salinasmouth, MD 99238",2026.0,2026-08-08 12:39:25.301
S000306,Debra,Haynes,student306@edupredict.com,03964923316,Female,21,DEP001,Computer Science,T00231,5,2.97,84.0,Active,"50206 Jennifer Freeway, Lake Robertmouth, DE 24982",2021.0,2026-08-08 12:39:25.302
S000307,Rebecca,Martinez,student307@edupredict.com,03411196719,Female,27,DEP014,Mechanical Engineering,T00142,6,2.08,68.0,Active,"4006 Megan Road Apt. 683, Francoland, NV 09202",2022.0,2026-08-08 12:39:25.302
S000308,Clayton,Garcia,student308@edupredict.com,03261369054,Male,19,DEP004,Artificial Intelligence,T00300,7,2.43,95.0,Active,"12585 Anthony Mount, Johnsonfurt, OH 66789",2024.0,2026-08-08 12:39:25.303
S000309,Timothy,Miller,student309@edupredict.com,03277074582,Male,26,DEP016,Architecture,T00083,6,4.0,84.0,Inactive,"33981 Jillian Overpass, Lake Julie, AL 80975",2026.0,2026-08-08 12:39:25.304
S000310,Victor,Morrison,student310@edupredict.com,03627752956,Female,28,DEP018,Physics,T00156,6,2.22,83.0,Inactive,"598 Hansen Estates Suite 513, Wongville, NV 65760",2022.0,2026-08-08 12:39:25.305
S000311,Corey,Huerta,student311@edupredict.com,03842944830,Female,24,DEP019,Chemistry,T00045,4,3.54,50.0,Active,"PSC 5639, Box 5321, APO AP 18264",2023.0,2026-08-08 12:39:25.305
S000312,John,White,student312@edupredict.com,03278402314,Female,27,DEP017,Mathematics,T00048,3,3.17,73.0,Active,"279 Yolanda Station, Donaldborough, WI 04484",2024.0,2026-08-08 12:39:25.306
S000313,Tony,Nguyen,student313@edupredict.com,03474666541,Male,25,DEP003,Information Technology,T00220,1,3.7,63.0,Active,"USCGC Baker, FPO AA 28888",2022.0,2026-08-08 12:39:25.306
S000314,Philip,Collins,student314@edupredict.com,03768160822,Male,21,DEP015,Civil Engineering,T00147,7,2.65,63.0,Active,"66329 Susan Way, Melissahaven, DC 77517",2026.0,2026-08-08 12:39:25.307
S000315,Paul,Ortiz,student315@edupredict.com,03407138011,Male,26,DEP016,Architecture,T00234,7,2.73,94.0,Active,"866 Anderson Forest, North Rebecca, MD 03018",2026.0,2026-08-08 12:39:25.308
S000316,John,Lewis,student316@edupredict.com,03906070281,Female,26,DEP020,Biology,T00116,2,3.32,90.0,Active,"362 Warren Terrace, West Steven, DC 97576",2026.0,2026-08-08 12:39:25.309
S000317,Bill,Wells,student317@edupredict.com,03811679288,Male,26,DEP016,Architecture,T00008,1,2.55,71.0,Active,"13721 Fernando Isle Suite 972, North Christopher, DE 25058",2021.0,2026-08-08 12:39:26.491
S000318,Matthew,Peck,student318@edupredict.com,03943611135,Female,28,DEP014,Mechanical Engineering,T00130,8,2.42,78.0,Active,"9985 Harper Key Apt. 262, South Dustinton, CO 14139",2026.0,2026-08-08 12:39:26.492
S000319,Michelle,Mcmillan,student319@edupredict.com,03876292505,Male,26,DEP011,Marketing,T00246,6,3.09,98.0,Inactive,"7230 Adkins Flat Apt. 837, Carlabury, AS 36525",2021.0,2026-08-08 12:39:26.493
S000320,Gina,Russell,student320@edupredict.com,03464228030,Male,19,DEP002,Software Engineering,T00078,5,2.16,91.0,Active,"91340 Kathleen Overpass, New Molly, DC 48367",2026.0,2026-08-08 12:39:26.493
S000321,Jessica,Weaver,student321@edupredict.com,03360952814,Female,20,DEP008,Accounting,T00208,7,3.51,86.0,Active,"6818 Brewer Stravenue, West Sarah, OR 10446",2022.0,2026-08-08 12:39:26.494
S000322,Bruce,Reynolds,student322@edupredict.com,03536351547,Male,25,DEP011,Marketing,T00133,1,2.22,53.0,Active,"76575 Austin Trace Suite 342, Paulview, PW 19045",2026.0,2026-08-08 12:39:26.495
S000323,Devin,King,student323@edupredict.com,03376536252,Male,20,DEP012,Management,T00024,6,2.85,62.0,Active,"33365 Heather Lodge, Jacquelinefurt, OK 17892",2021.0,2026-08-08 12:39:26.496
S000324,Brandon,Watson,student324@edupredict.com,03613320383,Female,21,DEP016,Architecture,T00225,2,3.28,50.0,Active,"41823 Rogers Lakes Apt. 117, East Justin, OH 80677",2024.0,2026-08-08 12:39:26.497
S000325,Katherine,Robinson,student325@edupredict.com,03777412262,Male,23,DEP002,Software Engineering,T00265,1,3.08,59.0,Active,"2551 Holly Skyway Apt. 216, Lake Calvin, NM 75072",2023.0,2026-08-08 12:39:26.498
S000326,Adam,Robinson,student326@edupredict.com,03170220705,Male,20,DEP009,Finance,T00058,7,3.81,63.0,Active,"PSC 3500, Box 0050, APO AA 18380",2025.0,2026-08-08 12:39:26.499
S000327,William,Buckley,student327@edupredict.com,03328513811,Male,18,DEP002,Software Engineering,T00001,6,3.6,97.0,Inactive,"7474 Williamson Trail Apt. 078, North Jasonfort, CA 31681",2022.0,2026-08-08 12:39:26.499
S000328,Albert,Orozco,student328@edupredict.com,03250826212,Female,22,DEP008,Accounting,T00055,6,2.79,100.0,Active,"79775 Perez Ways Suite 377, Andersonbury, CT 59377",2025.0,2026-08-08 12:39:26.500
S000329,Charles,Lee,student329@edupredict.com,03663748335,Female,27,DEP010,Economics,T00091,7,3.02,95.0,Active,"95813 Buchanan Burgs Apt. 028, Port Michellechester, NY 87802",2023.0,2026-08-08 12:39:26.501
S000330,Alyssa,Lopez,student330@edupredict.com,03885777041,Female,21,DEP007,Business Administration,T00018,2,3.07,53.0,Active,"262 Lawrence Well, North Jeffreybury, ME 33041",2026.0,2026-08-08 12:39:26.501
S000331,Michael,Bryant,student331@edupredict.com,03260560235,Female,27,DEP015,Civil Engineering,T00025,4,2.17,81.0,Active,"3714 Latoya Cliffs, Port Taylorfort, GU 04102",2024.0,2026-08-08 12:39:26.502
S000332,Tracy,Mann,student332@edupredict.com,03430935481,Female,21,DEP014,Mechanical Engineering,T00130,7,2.82,69.0,Inactive,"37151 Shannon Mills Apt. 377, West Catherine, AS 17381",2023.0,2026-08-08 12:39:26.503
S000333,Katherine,Lutz,student333@edupredict.com,03624160411,Female,19,DEP015,Civil Engineering,T00039,3,2.14,93.0,Active,"291 Johnny Passage, Meghanview, IL 43555",2023.0,2026-08-08 12:39:26.504
S000334,Christopher,Johnson,student334@edupredict.com,03512811591,Female,19,DEP017,Mathematics,T00206,4,2.68,95.0,Active,"9503 James Trail, Parkerton, SD 74689",2021.0,2026-08-08 12:39:26.504
S000335,Christopher,Hicks,student335@edupredict.com,03910137950,Female,26,DEP001,Computer Science,T00028,5,2.39,57.0,Active,"1125 Laura Trail Suite 409, Larsonborough, CT 41466",2021.0,2026-08-08 12:39:26.505
S000336,Scott,Crosby,student336@edupredict.com,03925761656,Female,25,DEP020,Biology,T00201,7,2.59,63.0,Active,"248 Torres Path Suite 123, Gomezchester, FM 38985",2026.0,2026-08-08 12:39:26.506
S000337,Kimberly,Mullins,student337@edupredict.com,03390252237,Male,20,DEP017,Mathematics,T00144,5,2.55,79.0,Active,"39678 Randy Tunnel Apt. 344, Davisfurt, IN 22567",2026.0,2026-08-08 12:39:26.507
S000338,Timothy,Le,student338@edupredict.com,03983569789,Female,21,DEP007,Business Administration,T00270,1,2.09,56.0,Active,"182 Roberts Meadows, Maryfort, VA 54731",2023.0,2026-08-08 12:39:26.507
S000339,Victoria,Brown,student339@edupredict.com,03728389359,Female,24,DEP016,Architecture,T00189,4,2.86,81.0,Active,"524 Lopez Road, North Zacharyton, UT 90974",2021.0,2026-08-08 12:39:26.508
S000340,Corey,Simon,student340@edupredict.com,03803092446,Male,24,DEP001,Computer Science,T00165,7,2.88,60.0,Active,"4493 Moreno Extensions, North Michael, GA 28406",2026.0,2026-08-08 12:39:26.509
S000341,John,Calhoun,student341@edupredict.com,03581987350,Male,26,DEP014,Mechanical Engineering,T00202,6,2.29,80.0,Active,"17459 Thompson Row Suite 661, Megantown, MH 56632",2025.0,2026-08-08 12:39:26.510
S000342,Nicholas,Johnson,student342@edupredict.com,03337221131,Male,20,DEP013,Electrical Engineering,T00167,6,2.24,60.0,Active,"954 Woods Mews, East Keithview, FM 62995",2024.0,2026-08-08 12:39:26.511
S000343,Tyler,Dennis,student343@edupredict.com,03145421646,Male,20,DEP008,Accounting,T00046,7,2.54,53.0,Active,"5278 Carney Keys, South Patrick, FL 93394",2026.0,2026-08-08 12:39:26.511
S000344,Todd,Palmer,student344@edupredict.com,03483433655,Female,27,DEP016,Architecture,T00007,5,3.48,67.0,Active,"75680 Robinson Prairie Suite 408, North John, OH 74633",2021.0,2026-08-08 12:39:26.512
S000345,Douglas,Moreno,student345@edupredict.com,03411953365,Male,19,DEP006,Cyber Security,T00031,3,2.7,54.0,Active,"60551 Warner Springs, West Steven, KS 59522",2024.0,2026-08-08 12:39:26.513
S000346,Angela,Abbott,student346@edupredict.com,03219720338,Male,23,DEP019,Chemistry,T00045,1,3.04,55.0,Active,"01552 Anthony Views Suite 993, Port Daniel, ID 00632",2021.0,2026-08-08 12:39:26.514
S000347,Jane,Phillips,student347@edupredict.com,03678789948,Female,26,DEP003,Information Technology,T00074,5,2.7,93.0,Active,"184 Lisa Springs, Nobleburgh, RI 72356",2024.0,2026-08-08 12:39:26.515
S000348,Julie,Gray,student348@edupredict.com,03126102630,Male,26,DEP006,Cyber Security,T00282,8,3.43,99.0,Active,"9632 Christopher Fort, Terrancemouth, RI 71960",2023.0,2026-08-08 12:39:26.516
S000349,Gabriella,Gomez,student349@edupredict.com,03691715733,Male,23,DEP018,Physics,T00204,7,3.42,96.0,Active,"25601 Hogan Meadow Suite 003, Lake Amanda, PA 55717",2026.0,2026-08-08 12:39:26.516
S000350,Emily,Reilly,student350@edupredict.com,03511695929,Male,20,DEP015,Civil Engineering,T00250,5,2.98,68.0,Active,"460 Jonathan Street Suite 283, New Christine, NH 25339",2025.0,2026-08-08 12:39:26.517
S000351,Ashley,Wilkinson,student351@edupredict.com,03497865667,Male,18,DEP015,Civil Engineering,T00125,4,3.97,66.0,Active,"43339 Mejia Wells, Amandamouth, AR 98932",2021.0,2026-08-08 12:39:26.518
S000352,Kenneth,Robinson,student352@edupredict.com,03467806879,Female,27,DEP015,Civil Engineering,T00061,4,3.71,77.0,Active,"5781 Lindsay Ranch Suite 580, West Justinville, MO 41394",2021.0,2026-08-08 12:39:26.519
S000353,Donald,Garcia,student353@edupredict.com,03145111008,Female,18,DEP019,Chemistry,T00160,5,3.82,75.0,Active,"903 Leah Roads, New Seth, TX 48275",2021.0,2026-08-08 12:39:26.519
S000354,Paul,Martinez,student354@edupredict.com,03691488071,Male,25,DEP015,Civil Engineering,T00059,8,3.64,94.0,Active,"752 Dominguez Island Suite 811, Pamelashire, MS 82413",2025.0,2026-08-08 12:39:26.520
S000355,Lisa,Burke,student355@edupredict.com,03971367346,Female,26,DEP018,Physics,T00185,1,3.76,57.0,Inactive,"5657 Barker Underpass Suite 748, New William, LA 23643",2023.0,2026-08-08 12:39:26.521
S000356,Scott,Lara,student356@edupredict.com,03388242426,Female,27,DEP008,Accounting,T00063,4,3.43,95.0,Active,"PSC 8971, Box 6736, APO AE 32818",2023.0,2026-08-08 12:39:26.521
S000357,Luis,Soto,student357@edupredict.com,03701171837,Female,21,DEP016,Architecture,T00189,4,2.03,80.0,Active,"543 Jamie Wells Suite 607, Lake Carol, RI 26805",2025.0,2026-08-08 12:39:26.523
S000358,Tom,Mcintyre,student358@edupredict.com,03623834900,Male,26,DEP019,Chemistry,T00040,7,3.24,89.0,Active,"840 Long Centers Apt. 961, Beniteztown, KY 05376",2023.0,2026-08-08 12:39:26.524
S000359,Carla,Stout,student359@edupredict.com,03403804387,Male,20,DEP014,Mechanical Engineering,T00299,8,2.2,72.0,Active,"PSC 9373, Box 5718, APO AP 49835",2026.0,2026-08-08 12:39:26.524
S000360,Brittany,Johnson,student360@edupredict.com,03800241512,Male,27,DEP018,Physics,T00156,2,3.7,94.0,Inactive,"5997 William Rapid, Lake Stacyview, LA 25949",2022.0,2026-08-08 12:39:26.525
S000361,Joshua,Torres,student361@edupredict.com,03629723358,Female,20,DEP001,Computer Science,T00089,5,3.45,93.0,Active,"9025 Kevin Turnpike Apt. 699, North Markland, TN 34592",2021.0,2026-08-08 12:39:26.525
S000362,Noah,Rice,student362@edupredict.com,03843823142,Male,18,DEP004,Artificial Intelligence,T00290,6,2.62,98.0,Active,"010 Elizabeth Prairie Suite 120, Port Julie, ID 62204",2024.0,2026-08-08 12:39:26.911
S000363,Alexander,Willis,student363@edupredict.com,03778570123,Male,22,DEP007,Business Administration,T00233,4,3.25,60.0,Inactive,"66871 Brandy Route Suite 988, Lake Katelyn, MT 57802",2022.0,2026-08-08 12:39:26.912
S000364,Diane,Martinez,student364@edupredict.com,03507744965,Male,28,DEP004,Artificial Intelligence,T00070,6,3.93,56.0,Active,"258 Gray Pike Apt. 478, Mariechester, LA 36811",2026.0,2026-08-08 12:39:26.913
S000365,Allen,Macias,student365@edupredict.com,03463745548,Male,22,DEP007,Business Administration,T00014,7,3.35,100.0,Active,"8398 Lauren Avenue Suite 758, Christophertown, ND 32765",2025.0,2026-08-08 12:39:26.914
S000366,Angela,Vincent,student366@edupredict.com,03133405534,Female,27,DEP002,Software Engineering,T00078,5,2.45,99.0,Inactive,"65051 Garrett Loaf Suite 850, West Lanceport, ID 52572",2024.0,2026-08-08 12:39:26.915
S000367,Michele,Johnson,student367@edupredict.com,03451580906,Male,20,DEP019,Chemistry,T00198,6,3.06,65.0,Active,"745 Brenda Drive, Williamsview, WI 40343",2022.0,2026-08-08 12:39:26.916
S000368,Chelsea,Hunt,student368@edupredict.com,03236043064,Female,22,DEP020,Biology,T00112,3,3.24,91.0,Active,"527 Little Grove, Robertview, CT 94826",2025.0,2026-08-08 12:39:26.917
S000369,Michael,Perry,student369@edupredict.com,03181544475,Male,25,DEP009,Finance,T00146,7,2.42,93.0,Active,"62707 Nash Forks Apt. 505, Lake Anthonyton, NV 90659",2022.0,2026-08-08 12:39:26.917
S000370,Andrew,Martin,student370@edupredict.com,03443800668,Male,23,DEP002,Software Engineering,T00001,3,2.85,97.0,Active,"USNV Williams, FPO AA 66289",2026.0,2026-08-08 12:39:26.918
S000371,Andrew,Collins,student371@edupredict.com,03458238167,Female,25,DEP005,Data Science,T00115,7,3.2,83.0,Active,"9068 Teresa Drives Apt. 836, East Samanthaborough, SD 89047",2024.0,2026-08-08 12:39:26.919
S000372,Taylor,Dillon,student372@edupredict.com,03983716580,Male,27,DEP016,Architecture,T00118,1,2.26,84.0,Active,"0080 Anderson Dale Suite 016, East Carlastad, OK 02877",2022.0,2026-08-08 12:39:26.919
S000373,Katrina,Bryant,student373@edupredict.com,03866544604,Female,20,DEP004,Artificial Intelligence,T00070,8,3.13,91.0,Inactive,"82080 Spence Divide Apt. 230, South Patrick, MH 10543",2024.0,2026-08-08 12:39:26.920
S000374,Tiffany,Golden,student374@edupredict.com,03320342652,Female,25,DEP014,Mechanical Engineering,T00200,5,3.33,75.0,Active,"11970 Dalton Fords Apt. 950, Lake Jason, OR 11870",2022.0,2026-08-08 12:39:26.921
S000375,Jennifer,Brown,student375@edupredict.com,03269627816,Female,20,DEP010,Economics,T00224,6,3.25,73.0,Active,"1986 Wilkerson Circle, Port Nicoleberg, KY 86737",2026.0,2026-08-08 12:39:26.926
S000376,Michael,Stephens,student376@edupredict.com,03763937694,Female,26,DEP015,Civil Engineering,T00121,6,3.4,98.0,Active,"00678 Lambert Point, Nathanside, TN 89461",2025.0,2026-08-08 12:39:26.927
S000377,Erica,Wade,student377@edupredict.com,03156607713,Male,18,DEP014,Mechanical Engineering,T00049,7,3.04,68.0,Active,"62733 West Centers Suite 843, West Rachelstad, CA 81857",2021.0,2026-08-08 12:39:26.928
S000378,Lisa,Powers,student378@edupredict.com,03583854065,Male,25,DEP017,Mathematics,T00288,5,3.14,76.0,Active,"82616 Richards Tunnel, Brittanyview, FM 13934",2023.0,2026-08-08 12:39:26.929
S000379,Albert,Byrd,student379@edupredict.com,03834269346,Female,28,DEP014,Mechanical Engineering,T00086,5,3.87,78.0,Active,"55784 Ramirez Crescent Apt. 054, Kellyland, WI 84526",2025.0,2026-08-08 12:39:26.929
S000380,Curtis,Davis,student380@edupredict.com,03978418930,Male,21,DEP019,Chemistry,T00160,6,3.96,59.0,Active,"216 Jessica Falls, East Stephenfort, MA 16595",2026.0,2026-08-08 12:39:26.931
S000381,Troy,Chapman,student381@edupredict.com,03552704511,Male,27,DEP018,Physics,T00035,8,2.24,87.0,Active,"4493 Campbell Brooks, Garciastad, NY 36367",2022.0,2026-08-08 12:39:26.931
S000382,Jeffery,Robinson,student382@edupredict.com,03165113991,Female,19,DEP013,Electrical Engineering,T00291,1,3.13,70.0,Inactive,"3164 James Hill Suite 136, Laurenport, KY 37928",2025.0,2026-08-08 12:39:26.932
S000383,Harry,Conner,student383@edupredict.com,03308861841,Male,22,DEP020,Biology,T00112,2,2.07,90.0,Active,"4976 Harris Cove Suite 680, Port Susanmouth, KY 82970",2023.0,2026-08-08 12:39:26.933
S000384,Jennifer,Morgan,student384@edupredict.com,03533773463,Female,28,DEP010,Economics,T00293,2,2.39,67.0,Active,"71150 Baker Views Suite 212, East Scott, NC 26487",2026.0,2026-08-08 12:39:26.934
S000385,Megan,Ward,student385@edupredict.com,03207064633,Male,21,DEP004,Artificial Intelligence,T00237,2,3.58,97.0,Active,"2177 Rodriguez Viaduct, Ericborough, FL 20315",2021.0,2026-08-08 12:39:26.935
S000386,Hailey,Long,student386@edupredict.com,03826005936,Male,25,DEP007,Business Administration,T00177,1,2.78,65.0,Active,"1915 Elizabeth Trail Suite 138, Jacobburgh, UT 68035",2025.0,2026-08-08 12:39:26.935
S000387,Mary,Rojas,student387@edupredict.com,03108775280,Male,22,DEP005,Data Science,T00164,5,3.43,88.0,Active,"USNV Nguyen, FPO AP 02221",2021.0,2026-08-08 12:39:26.936
S000388,Jared,Clark,student388@edupredict.com,03244625441,Male,23,DEP001,Computer Science,T00060,4,3.88,90.0,Active,"769 Grant Pine, Cynthiafort, UT 77648",2021.0,2026-08-08 12:39:26.937
S000389,Karen,Jones,student389@edupredict.com,03543820344,Female,25,DEP006,Cyber Security,T00132,2,3.04,69.0,Active,"118 Jason Burg Suite 147, Jessicaside, FL 54100",2026.0,2026-08-08 12:39:26.938
S000390,Brooke,Roy,student390@edupredict.com,03913019862,Male,28,DEP015,Civil Engineering,T00125,8,2.7,73.0,Active,"6668 Mckay Fall Apt. 047, Angelamouth, MN 75906",2025.0,2026-08-08 12:39:26.939
S000391,Mike,Green,student391@edupredict.com,03946320429,Male,28,DEP006,Cyber Security,T00254,2,2.42,81.0,Active,"7331 John Causeway, Port Victorialand, WI 74314",2024.0,2026-08-08 12:39:26.940
S000392,Daniel,Graham,student392@edupredict.com,03835078678,Male,27,DEP019,Chemistry,T00274,1,2.07,51.0,Active,"9485 Hall Brook, Lake Timothymouth, AZ 97642",2021.0,2026-08-08 12:39:26.941
S000393,Michael,George,student393@edupredict.com,03290071817,Male,26,DEP016,Architecture,T00184,1,3.32,68.0,Active,"1906 Alexandra Harbor, Robertsmouth, IN 38937",2026.0,2026-08-08 12:39:26.941
S000394,Tina,Jenkins,student394@edupredict.com,03790505888,Male,25,DEP007,Business Administration,T00197,4,3.89,65.0,Active,"232 Taylor Crest, Brittneystad, PA 70789",2024.0,2026-08-08 12:39:26.943
S000395,Derek,Scott,student395@edupredict.com,03768150317,Female,28,DEP013,Electrical Engineering,T00167,6,2.6,59.0,Active,"8185 Miller Mission Suite 780, Robertburgh, MA 65459",2024.0,2026-08-08 12:39:26.943
S000396,Jillian,Smith,student396@edupredict.com,03820197547,Female,27,DEP013,Electrical Engineering,T00291,2,2.47,62.0,Active,"2502 Fernandez Roads, Port Richard, LA 37814",2022.0,2026-08-08 12:39:26.944
S000397,Michael,Aguilar,student397@edupredict.com,03706351250,Female,28,DEP011,Marketing,T00222,8,3.08,91.0,Active,"08371 Justin Mountains Apt. 358, Cynthiahaven, ID 58018",2022.0,2026-08-08 12:39:26.945
S000398,Tina,Willis,student398@edupredict.com,03764781487,Female,19,DEP009,Finance,T00037,7,3.01,99.0,Active,"315 Joseph Extension, Jamesville, IA 07399",2021.0,2026-08-08 12:39:26.946
S000399,Madeline,Clark,student399@edupredict.com,03235160029,Male,26,DEP013,Electrical Engineering,T00119,8,2.7,76.0,Active,"84512 Jackson Glen, South Chase, CO 29963",2024.0,2026-08-08 12:39:26.947
S000400,Christopher,Chapman,student400@edupredict.com,03711471339,Male,22,DEP008,Accounting,T00226,8,2.75,75.0,Active,"91490 Joseph Falls, Savagestad, MN 37954",2025.0,2026-08-08 12:39:26.948
S000401,Chelsea,Johnson,student401@edupredict.com,03791731956,Male,28,DEP001,Computer Science,T00284,2,2.18,88.0,Active,"00496 Valerie Mountain, Mcleantown, NV 03190",2024.0,2026-08-08 12:39:26.948
S000402,Michele,Carter,student402@edupredict.com,03997492362,Male,26,DEP014,Mechanical Engineering,T00003,7,2.67,53.0,Active,"679 Taylor Corners, Christinaville, OR 11838",2023.0,2026-08-08 12:39:26.949
S000403,Thomas,White,student403@edupredict.com,03430230312,Female,18,DEP018,Physics,T00230,2,2.11,70.0,Active,"90931 Garrett Mews, Hunterview, CA 97721",2026.0,2026-08-08 12:39:26.950
S000404,Kevin,Parker,student404@edupredict.com,03461173742,Male,20,DEP017,Mathematics,T00131,4,3.31,73.0,Active,"Unit 1161 Box 8690, DPO AP 64371",2021.0,2026-08-08 12:39:26.950
S000405,Sara,Reeves,student405@edupredict.com,03144312554,Female,23,DEP007,Business Administration,T00014,7,2.92,69.0,Active,"98208 Lee Fort, East Brian, MA 11176",2026.0,2026-08-08 12:39:28.105
S000406,Judith,Cole,student406@edupredict.com,03711819727,Male,23,DEP007,Business Administration,T00018,3,2.44,96.0,Active,"74802 Kellie Dam, New Claire, MA 83463",2021.0,2026-08-08 12:39:28.105
S000407,Catherine,Campbell,student407@edupredict.com,03790161611,Female,24,DEP004,Artificial Intelligence,T00064,8,2.27,87.0,Active,"44449 Alan Center Apt. 844, North Caseyborough, VI 79565",2021.0,2026-08-08 12:39:28.106
S000408,Daniel,Davidson,student408@edupredict.com,03883138844,Female,27,DEP016,Architecture,T00225,7,3.28,71.0,Active,"924 Matthew Rapid, Burnsview, CT 22354",2023.0,2026-08-08 12:39:28.107
S000409,Linda,Anderson,student409@edupredict.com,03256747158,Male,22,DEP010,Economics,T00091,2,2.93,56.0,Active,"11503 Brian Shoal Suite 861, North Marystad, MO 67263",2025.0,2026-08-08 12:39:28.108
S000410,Peter,Brown,student410@edupredict.com,03956583664,Female,27,DEP008,Accounting,T00191,4,2.05,52.0,Active,"1542 Reyes Brooks, Port Jessica, DC 32578",2023.0,2026-08-08 12:39:28.108
S000411,David,Donovan,student411@edupredict.com,03936994949,Female,22,DEP010,Economics,T00138,6,3.45,53.0,Inactive,"Unit 7842 Box 4637, DPO AA 35540",2026.0,2026-08-08 12:39:28.109
S000412,Heather,Nelson,student412@edupredict.com,03694186890,Female,19,DEP010,Economics,T00071,1,3.71,99.0,Active,"5124 Williams Radial Suite 208, Blairfurt, VT 51004",2023.0,2026-08-08 12:39:28.112
S000413,Christopher,Reyes,student413@edupredict.com,03831828273,Male,19,DEP006,Cyber Security,T00282,7,3.04,78.0,Active,"6962 Mcdowell Dam Apt. 076, East Matthew, NE 48375",2025.0,2026-08-08 12:39:28.113
S000414,Travis,Peterson,student414@edupredict.com,03680485983,Male,27,DEP018,Physics,T00154,4,2.55,56.0,Active,"13375 Edward Crest, Turnerfurt, FM 33638",2021.0,2026-08-08 12:39:28.113
S000415,Carrie,Bryan,student415@edupredict.com,03234936779,Female,26,DEP011,Marketing,T00038,7,3.77,71.0,Active,"76667 Angela Bridge Apt. 021, Daltonmouth, NC 77320",2021.0,2026-08-08 12:39:28.114
S000416,Thomas,Estrada,student416@edupredict.com,03232520150,Female,26,DEP001,Computer Science,T00098,5,2.73,60.0,Active,"PSC 6262, Box 3288, APO AE 43061",2022.0,2026-08-08 12:39:28.114
S000417,Amanda,Kelly,student417@edupredict.com,03846274517,Male,28,DEP002,Software Engineering,T00057,1,2.91,88.0,Active,"80017 Ellis Circles Apt. 297, Lake Joseph, DC 69200",2024.0,2026-08-08 12:39:28.115
S000418,Ruth,Ballard,student418@edupredict.com,03135874128,Male,18,DEP017,Mathematics,T00108,5,3.21,97.0,Active,"2128 Moore Way Apt. 347, Ramosland, MD 46310",2026.0,2026-08-08 12:39:28.118
S000419,Brenda,Horton,student419@edupredict.com,03376605019,Female,21,DEP012,Management,T00157,8,3.78,67.0,Active,"3814 Kimberly Squares, West Danielhaven, MP 50918",2022.0,2026-08-08 12:39:28.121
S000420,Tanya,Mcdonald,student420@edupredict.com,03675321841,Male,25,DEP013,Electrical Engineering,T00066,8,2.24,78.0,Active,"47435 Scott Court Apt. 836, Lake Robert, MH 93865",2023.0,2026-08-08 12:39:28.121
S000421,Cheryl,Mcintyre,student421@edupredict.com,03635895379,Female,27,DEP016,Architecture,T00189,8,3.83,81.0,Active,"08713 Hahn Field Suite 983, Millermouth, IN 52764",2025.0,2026-08-08 12:39:28.122
S000422,Robert,Hart,student422@edupredict.com,03132846657,Male,27,DEP010,Economics,T00010,8,2.9,83.0,Active,"2312 Shaw Stream Apt. 773, Stephenfurt, NH 24810",2026.0,2026-08-08 12:39:28.123
S000423,Patrick,Sparks,student423@edupredict.com,03565778806,Female,20,DEP001,Computer Science,T00253,2,3.8,55.0,Inactive,"06542 Parrish Light, West Stevenbury, WI 66048",2022.0,2026-08-08 12:39:28.124
S000424,Donna,Crawford,student424@edupredict.com,03158373093,Male,24,DEP017,Mathematics,T00053,2,2.84,66.0,Active,"597 Stewart Station Apt. 803, Vaughnstad, MA 69085",2021.0,2026-08-08 12:39:28.124
S000425,Aaron,Bruce,student425@edupredict.com,03858467213,Male,27,DEP011,Marketing,T00222,5,2.63,76.0,Active,"692 Benjamin Greens Suite 730, Hicksland, NE 20007",2026.0,2026-08-08 12:39:28.125
S000426,Matthew,Landry,student426@edupredict.com,03364550079,Female,21,DEP010,Economics,T00249,8,2.86,58.0,Active,"388 Baker Islands Apt. 324, Garrettville, NM 18296",2021.0,2026-08-08 12:39:28.126
S000427,Melissa,Gonzales,student427@edupredict.com,03387167142,Male,23,DEP017,Mathematics,T00077,6,3.9,80.0,Active,"45260 Elizabeth Ridge Suite 244, Lake Karen, NE 79573",2023.0,2026-08-08 12:39:28.127
S000428,Jessica,Mcdaniel,student428@edupredict.com,03757703988,Male,20,DEP017,Mathematics,T00137,2,3.39,90.0,Active,"903 Gutierrez Square Suite 599, Kellyshire, WY 36012",2021.0,2026-08-08 12:39:28.127
S000429,Rodney,Cabrera,student429@edupredict.com,03857464049,Female,27,DEP017,Mathematics,T00137,3,3.5,53.0,Active,"719 Rodriguez Bridge Apt. 966, Deborahfurt, MO 70434",2021.0,2026-08-08 12:39:28.129
S000430,Jonathan,Jackson,student430@edupredict.com,03433282445,Female,24,DEP005,Data Science,T00199,2,3.4,93.0,Active,"8013 Thomas Corner, Alexanderhaven, PR 30163",2024.0,2026-08-08 12:39:28.129
S000431,Taylor,Blackwell,student431@edupredict.com,03245981131,Female,25,DEP004,Artificial Intelligence,T00070,3,2.61,69.0,Active,"958 Sanchez Mill, West Teresa, PA 61632",2025.0,2026-08-08 12:39:28.130
S000432,Jesse,Ruiz,student432@edupredict.com,03221027216,Female,18,DEP019,Chemistry,T00040,2,3.84,59.0,Active,"03603 Smith Center, Elizabethmouth, PW 21286",2024.0,2026-08-08 12:39:28.131
S000433,Bobby,Chapman,student433@edupredict.com,03790207343,Female,18,DEP012,Management,T00248,7,2.72,67.0,Active,"9124 Webb Estate Suite 952, Patelburgh, AK 93624",2025.0,2026-08-08 12:39:28.132
S000434,Alex,Williams,student434@edupredict.com,03856412387,Female,22,DEP013,Electrical Engineering,T00210,6,2.37,75.0,Active,"59704 Cox Groves Suite 187, Austinchester, GU 78547",2023.0,2026-08-08 12:39:28.133
S000435,Christina,Meyer,student435@edupredict.com,03298699261,Male,18,DEP018,Physics,T00156,6,2.64,89.0,Active,"742 Jason Square, Edwardsbury, NV 75513",2025.0,2026-08-08 12:39:28.134
S000436,Danielle,Jensen,student436@edupredict.com,03278091035,Male,28,DEP018,Physics,T00185,8,2.92,82.0,Active,"8620 Gonzalez Manor Apt. 006, Harveyshire, CA 95504",2025.0,2026-08-08 12:39:28.134
S000437,Darin,Castillo,student437@edupredict.com,03533873456,Male,19,DEP020,Biology,T00127,8,3.08,86.0,Active,"PSC 8889, Box 9227, APO AP 30007",2025.0,2026-08-08 12:39:28.135
S000438,Shawn,Murphy,student438@edupredict.com,03907392833,Female,27,DEP016,Architecture,T00118,3,2.37,74.0,Active,"740 Katherine Hill Apt. 731, Schmidtville, MT 27782",2023.0,2026-08-08 12:39:28.136
S000439,Michelle,Hoover,student439@edupredict.com,03500759899,Female,24,DEP002,Software Engineering,T00212,3,3.26,66.0,Active,"96295 Boone Wells Apt. 418, South Natalieview, OK 52183",2021.0,2026-08-08 12:39:28.136
S000440,Samuel,Padilla,student440@edupredict.com,03290439370,Male,26,DEP014,Mechanical Engineering,T00033,4,3.76,58.0,Active,"52633 Michael Street Apt. 404, Brianside, NM 37461",2025.0,2026-08-08 12:39:28.137
S000441,Daniel,Banks,student441@edupredict.com,03837264480,Male,25,DEP018,Physics,T00016,6,3.28,90.0,Active,"409 Frazier Manor Apt. 473, Sarahside, MT 18030",2023.0,2026-08-08 12:39:28.138
S000442,Heather,Fitzgerald,student442@edupredict.com,03236819702,Male,26,DEP014,Mechanical Engineering,T00086,8,2.66,93.0,Active,"02696 Stone Overpass, East Jeremy, OK 94749",2023.0,2026-08-08 12:39:28.138
S000443,Victor,Parrish,student443@edupredict.com,03978887366,Male,20,DEP014,Mechanical Engineering,T00171,5,2.57,86.0,Active,"8378 Medina Prairie, South Elizabeth, VA 83083",2024.0,2026-08-08 12:39:28.139
S000444,Jennifer,Ellison,student444@edupredict.com,03624779962,Female,23,DEP018,Physics,T00172,7,2.92,63.0,Active,"17083 Roberts Key, South Edwinfurt, KY 21742",2021.0,2026-08-08 12:39:28.140
S000445,Christian,Kelley,student445@edupredict.com,03390132021,Female,25,DEP020,Biology,T00116,3,2.03,67.0,Active,"839 Smith Hill, Kirkview, AL 46017",2022.0,2026-08-08 12:39:28.141
S000446,Scott,Jordan,student446@edupredict.com,03377379981,Male,24,DEP015,Civil Engineering,T00025,2,2.06,62.0,Active,"0319 Daniel Stravenue Suite 180, Vaughnberg, LA 84155",2021.0,2026-08-08 12:39:28.141
S000447,Kevin,Welch,student447@edupredict.com,03393160395,Male,21,DEP016,Architecture,T00189,6,2.07,59.0,Active,"940 Duke Forges Suite 737, Jasonhaven, SD 37989",2023.0,2026-08-08 12:39:28.142
S000448,Cynthia,Myers,student448@edupredict.com,03774801303,Male,25,DEP002,Software Engineering,T00145,7,3.02,75.0,Active,"72037 Soto Roads, North Amber, TX 08720",2025.0,2026-08-08 12:39:28.609
S000449,Carlos,Perez,student449@edupredict.com,03934654666,Female,26,DEP016,Architecture,T00184,8,3.1,74.0,Active,"Unit 9083 Box 9243, DPO AA 48052",2025.0,2026-08-08 12:39:28.609
S000450,Hannah,Todd,student450@edupredict.com,03878230730,Male,23,DEP020,Biology,T00162,5,2.15,77.0,Active,"50086 Nichole Ways Suite 372, Larryfort, HI 71186",2021.0,2026-08-08 12:39:28.610
S000451,Amber,Moore,student451@edupredict.com,03965915069,Male,24,DEP006,Cyber Security,T00229,7,3.7,71.0,Active,"6294 Miller Ways Suite 371, Ramirezview, MD 49112",2024.0,2026-08-08 12:39:28.611
S000452,Lauren,Murphy,student452@edupredict.com,03900119534,Male,20,DEP006,Cyber Security,T00113,5,3.92,72.0,Active,"42643 Khan Flat Apt. 349, Jimenezberg, MS 97480",2026.0,2026-08-08 12:39:28.612
S000453,Jessica,Smith,student453@edupredict.com,03701405681,Female,18,DEP014,Mechanical Engineering,T00003,6,2.38,82.0,Active,"60182 Brian Corners, Abbotttown, IL 86055",2021.0,2026-08-08 12:39:28.613
S000454,Christopher,Dunn,student454@edupredict.com,03173931048,Male,21,DEP011,Marketing,T00038,4,3.66,83.0,Active,"46646 Shelton Club, North Edward, MI 94800",2022.0,2026-08-08 12:39:28.614
S000455,Lauren,Wright,student455@edupredict.com,03761255166,Female,21,DEP009,Finance,T00209,3,2.92,63.0,Active,"025 Ana Fort Apt. 542, Lake Sandratown, NY 23519",2023.0,2026-08-08 12:39:28.614
S000456,Jodi,Keller,student456@edupredict.com,03949615468,Male,24,DEP002,Software Engineering,T00176,2,2.16,69.0,Active,"6050 Jorge Port, North Amyland, MH 62965",2022.0,2026-08-08 12:39:28.615
S000457,Stanley,Garcia,student457@edupredict.com,03217428230,Male,26,DEP001,Computer Science,T00148,3,2.87,74.0,Active,"00859 Daniels Island, North Amandatown, MP 40869",2024.0,2026-08-08 12:39:28.616
S000458,Mark,Davis,student458@edupredict.com,03503978308,Female,25,DEP019,Chemistry,T00198,2,3.47,80.0,Active,"Unit 6430 Box 9645, DPO AA 68726",2024.0,2026-08-08 12:39:28.616
S000459,Rhonda,Watkins,student459@edupredict.com,03902020599,Male,26,DEP002,Software Engineering,T00136,1,2.35,83.0,Active,"065 Tim Estate, West Donnatown, NJ 92083",2023.0,2026-08-08 12:39:28.617
S000460,Andrea,Kelley,student460@edupredict.com,03658361500,Male,27,DEP015,Civil Engineering,T00104,8,2.24,66.0,Active,"714 Hunter Canyon, South Amanda, DE 42021",2023.0,2026-08-08 12:39:28.617
S000461,Edward,Logan,student461@edupredict.com,03238779015,Male,27,DEP004,Artificial Intelligence,T00281,3,2.2,85.0,Active,"2648 Mcintosh Shoals Apt. 840, Murrayfort, DE 52777",2023.0,2026-08-08 12:39:28.618
S000462,Julie,Palmer,student462@edupredict.com,03298112970,Male,20,DEP008,Accounting,T00126,8,3.09,63.0,Active,"397 Pamela Plaza Suite 083, Andersonfort, PA 35844",2023.0,2026-08-08 12:39:28.619
S000463,Timothy,Murphy,student463@edupredict.com,03666136991,Female,27,DEP002,Software Engineering,T00101,3,2.75,64.0,Active,"909 Silva Key, Port Tracey, MI 38782",2021.0,2026-08-08 12:39:28.620
S000464,Melissa,Brooks,student464@edupredict.com,03285133638,Male,24,DEP020,Biology,T00140,8,3.0,67.0,Active,"2794 Hall Knoll Apt. 298, Jonestown, SC 32379",2025.0,2026-08-08 12:39:28.620
S000465,Patrick,Boyle,student465@edupredict.com,03568446505,Female,23,DEP007,Business Administration,T00188,4,3.18,73.0,Active,"6412 Keller Causeway, Wilsonburgh, MS 76511",2024.0,2026-08-08 12:39:28.621
S000466,Michael,Taylor,student466@edupredict.com,03786842627,Male,18,DEP002,Software Engineering,T00223,6,3.71,91.0,Active,"74880 Taylor Ridges, Lake Richardberg, ID 90330",2026.0,2026-08-08 12:39:28.622
S000467,Peter,Smith,student467@edupredict.com,03723639859,Male,23,DEP008,Accounting,T00063,3,2.56,100.0,Active,"USNV Watkins, FPO AP 77091",2026.0,2026-08-08 12:39:28.623
S000468,Barbara,Mills,student468@edupredict.com,03704237981,Male,27,DEP008,Accounting,T00002,4,2.08,75.0,Active,"5866 Mitchell Center, Crystalville, OH 46663",2021.0,2026-08-08 12:39:28.623
S000469,Dwayne,Stewart,student469@edupredict.com,03273832728,Female,27,DEP009,Finance,T00120,8,2.04,78.0,Active,"2786 Mary Views Suite 889, Annafort, LA 48820",2021.0,2026-08-08 12:39:28.624
S000470,Robert,Bates,student470@edupredict.com,03429366419,Male,20,DEP013,Electrical Engineering,T00269,3,3.47,83.0,Active,"365 Joshua Causeway, Toddberg, MA 20064",2022.0,2026-08-08 12:39:28.625
S000471,Michelle,Lee,student471@edupredict.com,03499159746,Female,28,DEP013,Electrical Engineering,T00066,2,2.8,72.0,Active,"2406 Calderon Roads Apt. 781, Lake Tammy, GA 44066",2025.0,2026-08-08 12:39:28.626
S000472,Amanda,Barajas,student472@edupredict.com,03244923609,Female,22,DEP006,Cyber Security,T00276,8,2.56,99.0,Active,"2757 George Grove Apt. 441, North Michelle, NJ 19752",2022.0,2026-08-08 12:39:28.626
S000473,Sarah,Holt,student473@edupredict.com,03879341041,Female,18,DEP015,Civil Engineering,T00106,2,3.84,84.0,Active,"0679 Jonathan Ports, South Derrick, ID 41709",2021.0,2026-08-08 12:39:28.627
S000474,Tonya,Walker,student474@edupredict.com,03963222801,Male,20,DEP012,Management,T00056,1,2.07,72.0,Active,"19877 Andrew Overpass Suite 990, North Nicole, GA 69991",2022.0,2026-08-08 12:39:28.628
S000475,Destiny,Jones,student475@edupredict.com,03642070753,Female,21,DEP020,Biology,T00112,3,2.39,55.0,Active,"854 Harrison Route, East Michaelberg, CT 24627",2025.0,2026-08-08 12:39:28.629
S000476,Mariah,Brown,student476@edupredict.com,03554017247,Female,18,DEP006,Cyber Security,T00113,3,2.57,88.0,Active,"34786 Lopez Inlet, Port Nancychester, VI 33657",2021.0,2026-08-08 12:39:28.630
S000477,Donald,Maxwell,student477@edupredict.com,03139588741,Male,28,DEP013,Electrical Engineering,T00030,2,3.39,97.0,Active,"USS Ayala, FPO AA 85305",2021.0,2026-08-08 12:39:28.630
S000478,Shane,Ford,student478@edupredict.com,03376075305,Female,25,DEP003,Information Technology,T00247,8,3.27,92.0,Active,"1871 Morgan Trace, Lake Ashley, FL 30813",2025.0,2026-08-08 12:39:28.631
S000479,Gary,Perkins,student479@edupredict.com,03254215481,Female,23,DEP008,Accounting,T00069,5,3.59,56.0,Active,"1147 Tracey Ford Suite 624, Matthewland, AZ 49816",2021.0,2026-08-08 12:39:28.631
S000480,Martha,Howard,student480@edupredict.com,03209064555,Male,21,DEP012,Management,T00248,8,3.13,77.0,Active,"754 Ryan Loop, East Brittanystad, ME 85446",2026.0,2026-08-08 12:39:28.632
S000481,Justin,Potter,student481@edupredict.com,03234575001,Male,18,DEP011,Marketing,T00218,6,2.23,78.0,Active,"50725 Edward Ferry, East Kaylahaven, NE 82636",2021.0,2026-08-08 12:39:28.633
S000482,James,Shepard,student482@edupredict.com,03881139390,Female,25,DEP017,Mathematics,T00288,4,2.03,81.0,Active,"27345 Arthur Squares, Travistown, VA 65978",2026.0,2026-08-08 12:39:28.633
S000483,Joseph,Pierce,student483@edupredict.com,03287376382,Female,23,DEP009,Finance,T00209,2,3.12,89.0,Active,"7706 Garcia Lock Apt. 954, East William, NC 64759",2024.0,2026-08-08 12:39:28.634
S000484,Tara,Frederick,student484@edupredict.com,03360443116,Male,22,DEP020,Biology,T00267,6,3.7,61.0,Active,"232 Freeman Port, New Craig, MS 64725",2025.0,2026-08-08 12:39:28.635
S000485,Megan,Greer,student485@edupredict.com,03666247999,Female,25,DEP016,Architecture,T00083,4,3.62,95.0,Active,"792 Smith Wall Apt. 333, Wilsonhaven, NM 55353",2024.0,2026-08-08 12:39:28.636
S000486,Tammy,Wyatt,student486@edupredict.com,03765164748,Male,25,DEP001,Computer Science,T00098,5,3.29,54.0,Active,"45666 Jennifer Harbor Apt. 385, Port Sandra, IA 13667",2022.0,2026-08-08 12:39:28.636
S000487,James,Shepherd,student487@edupredict.com,03855745459,Male,27,DEP009,Finance,T00178,8,2.43,76.0,Inactive,"1419 Bryan Rest Suite 610, Port Catherine, NH 89406",2026.0,2026-08-08 12:39:28.637
S000488,Kelly,Cabrera,student488@edupredict.com,03898503552,Male,25,DEP005,Data Science,T00228,6,3.71,69.0,Active,"305 Amanda Burgs, South Gregshire, MT 45832",2026.0,2026-08-08 12:39:28.638
S000489,Billy,Watson,student489@edupredict.com,03202547568,Female,19,DEP004,Artificial Intelligence,T00129,1,3.08,90.0,Active,"9685 Jones Cove, Samanthabury, VA 17255",2023.0,2026-08-08 12:39:28.639
S000490,Laura,Perez,student490@edupredict.com,03793745590,Male,24,DEP012,Management,T00180,1,2.54,76.0,Active,"9845 Preston Island Apt. 824, Lake Josephbury, RI 13221",2026.0,2026-08-08 12:39:28.639
S000491,Vincent,Johnson,student491@edupredict.com,03532249487,Male,25,DEP019,Chemistry,T00044,8,3.52,58.0,Active,"PSC 7743, Box 4614, APO AA 89699",2025.0,2026-08-08 12:39:28.640
S000492,Christopher,Sellers,student492@edupredict.com,03565215714,Female,25,DEP005,Data Science,T00152,8,2.71,72.0,Active,"959 Dustin Pines Apt. 729, Mistychester, TN 89618",2025.0,2026-08-08 12:39:28.640
S000493,Anthony,Avila,student493@edupredict.com,03168779818,Female,23,DEP013,Electrical Engineering,T00210,7,2.47,61.0,Active,"375 Madison Crest, New Claudiastad, MD 89008",2025.0,2026-08-08 12:39:28.641
S000494,Lauren,Lopez,student494@edupredict.com,03877845733,Male,23,DEP004,Artificial Intelligence,T00290,4,2.83,54.0,Active,"0918 Brandon Mill, Mariaview, MO 77130",2024.0,2026-08-08 12:39:29.819
S000495,Jenna,Harris,student495@edupredict.com,03728478927,Female,22,DEP015,Civil Engineering,T00196,1,3.17,87.0,Active,"492 April Court, Fryberg, MT 25937",2026.0,2026-08-08 12:39:29.820
S000496,Ryan,Berger,student496@edupredict.com,03511129234,Female,23,DEP007,Business Administration,T00084,1,3.93,89.0,Active,"Unit 5145 Box 0022, DPO AP 86663",2024.0,2026-08-08 12:39:29.820
S000497,Scott,Alvarez,student497@edupredict.com,03948408978,Male,26,DEP003,Information Technology,T00244,4,2.95,66.0,Active,"1987 Smith Tunnel Apt. 165, Jennifermouth, MO 65187",2024.0,2026-08-08 12:39:29.821
S000498,Douglas,Perez,student498@edupredict.com,03574624819,Male,28,DEP012,Management,T00117,7,3.69,71.0,Active,"299 Morse Knolls Suite 521, Brandonport, GA 47592",2021.0,2026-08-08 12:39:29.821
S000499,Jennifer,Campbell,student499@edupredict.com,03727939946,Male,20,DEP003,Information Technology,T00244,7,3.8,71.0,Active,"9020 Monica Park Apt. 982, East Veronica, VT 64916",2022.0,2026-08-08 12:39:29.822
S000500,Angel,Henson,student500@edupredict.com,03651673840,Female,19,DEP017,Mathematics,T00131,6,2.15,52.0,Active,"276 Allen Burgs Apt. 802, Ericmouth, IL 95082",2023.0,2026-08-08 12:39:29.823
S000501,Joseph,Holloway,student501@edupredict.com,03306607295,Male,25,DEP005,Data Science,T00228,1,2.3,57.0,Active,"477 Jennifer Causeway Apt. 722, North Marc, FL 25343",2026.0,2026-08-08 12:39:29.823
S000502,David,Rodriguez,student502@edupredict.com,03584693142,Female,21,DEP012,Management,T00047,4,2.54,72.0,Active,"755 Raymond Center, Patrickburgh, VA 98989",2022.0,2026-08-08 12:39:29.824
S000503,Earl,Melton,student503@edupredict.com,03468404289,Male,26,DEP013,Electrical Engineering,T00050,5,2.36,83.0,Active,"27604 Gilmore Shoals Suite 819, Monicaborough, AK 95949",2025.0,2026-08-08 12:39:29.825
S000504,Gina,Mercado,student504@edupredict.com,03498362052,Male,23,DEP016,Architecture,T00225,7,2.02,95.0,Inactive,"95884 Mendez Bridge, Martinberg, VI 76318",2022.0,2026-08-08 12:39:29.827
S000505,Michael,Robbins,student505@edupredict.com,03374439273,Female,19,DEP014,Mechanical Engineering,T00243,5,3.81,58.0,Inactive,"27872 Martinez Mall Suite 590, Michaelstad, MO 64429",2024.0,2026-08-08 12:39:29.827
S000506,Michael,Williams,student506@edupredict.com,03433945917,Female,24,DEP015,Civil Engineering,T00147,7,2.61,74.0,Active,"440 Robert Knoll, East Austin, SC 78570",2022.0,2026-08-08 12:39:29.828
S000507,Mark,Perez,student507@edupredict.com,03381006222,Male,20,DEP005,Data Science,T00294,3,2.5,62.0,Active,"USCGC Cooper, FPO AP 23041",2023.0,2026-08-08 12:39:29.829
S000508,Amanda,Morgan,student508@edupredict.com,03609449396,Female,21,DEP012,Management,T00047,5,2.02,87.0,Inactive,"017 Cruz Isle Apt. 705, New Robert, NV 53127",2024.0,2026-08-08 12:39:29.829
S000509,Vanessa,Taylor,student509@edupredict.com,03498686617,Female,26,DEP004,Artificial Intelligence,T00300,4,2.2,96.0,Active,"855 Richard Squares Apt. 363, Lake Michael, KS 98048",2022.0,2026-08-08 12:39:29.830
S000510,Lisa,Campbell,student510@edupredict.com,03170300253,Male,25,DEP019,Chemistry,T00005,6,2.6,51.0,Active,"081 Fields Crossroad, Port Michael, ME 24280",2021.0,2026-08-08 12:39:29.831
S000511,Maxwell,Sandoval,student511@edupredict.com,03383076767,Female,22,DEP012,Management,T00056,4,3.26,95.0,Active,"0660 Carter Trafficway Apt. 255, West Stephen, PA 87702",2023.0,2026-08-08 12:39:29.832
S000512,Joshua,Drake,student512@edupredict.com,03704418261,Female,23,DEP008,Accounting,T00186,6,3.44,65.0,Active,"56775 Joshua Parkway Apt. 905, Lindamouth, NC 73061",2026.0,2026-08-08 12:39:29.832
S000513,Ashlee,Young,student513@edupredict.com,03566272831,Male,24,DEP010,Economics,T00155,2,3.57,73.0,Active,"3628 Simpson Rest Suite 083, North Zacharyhaven, MO 67458",2024.0,2026-08-08 12:39:29.833
S000514,Theresa,Fernandez,student514@edupredict.com,03723413938,Female,23,DEP012,Management,T00248,8,2.27,60.0,Active,"648 Wilson Ferry Apt. 682, West Christopherfurt, GU 75762",2026.0,2026-08-08 12:39:29.834
S000515,Shawn,Williams,student515@edupredict.com,03455637548,Male,21,DEP014,Mechanical Engineering,T00033,6,3.77,59.0,Active,"7456 Robin Field, Gregoryview, CO 15473",2023.0,2026-08-08 12:39:29.835
S000516,Heather,Holmes,student516@edupredict.com,03526742347,Male,27,DEP014,Mechanical Engineering,T00049,4,3.28,52.0,Active,"PSC 6468, Box 9876, APO AA 04184",2025.0,2026-08-08 12:39:29.835
S000517,Shelby,Mcguire,student517@edupredict.com,03880882944,Male,22,DEP005,Data Science,T00115,6,2.04,68.0,Active,"USNV Williams, FPO AA 47102",2022.0,2026-08-08 12:39:29.835
S000518,Travis,Oconnell,student518@edupredict.com,03265529472,Female,20,DEP015,Civil Engineering,T00039,2,3.11,86.0,Active,"54709 Ware Route Apt. 020, Bryanborough, PW 73570",2021.0,2026-08-08 12:39:29.836
S000519,Lance,Rodriguez,student519@edupredict.com,03952081318,Male,18,DEP008,Accounting,T00063,8,2.15,81.0,Inactive,"2572 Brown Hill, West Andrea, SD 03860",2025.0,2026-08-08 12:39:29.837
S000520,Jacob,Gonzalez,student520@edupredict.com,03857939216,Female,21,DEP018,Physics,T00216,8,2.19,51.0,Active,"USCGC Gomez, FPO AP 49348",2025.0,2026-08-08 12:39:29.837
S000521,Kelly,Carroll,student521@edupredict.com,03273181909,Male,23,DEP008,Accounting,T00208,3,2.85,66.0,Active,"8678 Thomas Junctions, Cynthiaton, FL 11913",2022.0,2026-08-08 12:39:29.838
S000522,Thomas,Stevenson,student522@edupredict.com,03792941029,Female,21,DEP019,Chemistry,T00110,3,3.47,82.0,Active,"23789 Ryan Lock Apt. 583, Coreyside, ME 29119",2026.0,2026-08-08 12:39:29.839
S000523,Robert,Ingram,student523@edupredict.com,03516051558,Male,23,DEP004,Artificial Intelligence,T00300,1,2.81,70.0,Active,"3065 Lindsay Viaduct Apt. 001, Jonesmouth, SC 76780",2024.0,2026-08-08 12:39:29.840
S000524,Tyler,Townsend,student524@edupredict.com,03819711683,Male,28,DEP014,Mechanical Engineering,T00130,5,2.96,64.0,Active,"802 Joy Parks Apt. 071, Lamton, AS 35907",2024.0,2026-08-08 12:39:29.840
S000525,Hunter,Clark,student525@edupredict.com,03677806935,Female,22,DEP012,Management,T00215,1,2.07,74.0,Active,"41335 Ferguson Common Suite 114, Lake Jesseville, NM 72722",2024.0,2026-08-08 12:39:29.842
S000526,Nancy,Lewis,student526@edupredict.com,03995426738,Female,26,DEP015,Civil Engineering,T00252,4,3.34,95.0,Active,"8536 Jasmine Camp Apt. 687, Portermouth, WV 73370",2022.0,2026-08-08 12:39:29.842
S000527,Kimberly,Orr,student527@edupredict.com,03416746709,Female,24,DEP005,Data Science,T00115,4,3.79,81.0,Inactive,"89299 Casey Estate Apt. 409, Lake Robert, AS 05385",2024.0,2026-08-08 12:39:29.844
S000528,Heather,Garza,student528@edupredict.com,03560141365,Male,25,DEP001,Computer Science,T00231,3,2.31,73.0,Active,"09344 Cory Cliff, Nelsonfort, NH 86013",2022.0,2026-08-08 12:39:29.844
S000529,Mackenzie,Maldonado,student529@edupredict.com,03696436267,Male,26,DEP017,Mathematics,T00077,3,2.77,93.0,Inactive,"6049 James Key, Coryfort, WV 23518",2025.0,2026-08-08 12:39:29.845
S000530,Amy,Norris,student530@edupredict.com,03450002518,Female,23,DEP008,Accounting,T00126,6,2.02,66.0,Active,"8165 Jensen Burgs, New Karen, OR 72872",2025.0,2026-08-08 12:39:29.846
S000531,Richard,Todd,student531@edupredict.com,03656627276,Female,20,DEP001,Computer Science,T00098,7,3.18,59.0,Active,"PSC 7895, Box 5117, APO AP 82941",2026.0,2026-08-08 12:39:29.846
S000532,Anthony,Singh,student532@edupredict.com,03784497982,Male,22,DEP009,Finance,T00037,7,3.57,86.0,Active,"86510 Proctor Estates Apt. 733, Blackville, MA 31170",2025.0,2026-08-08 12:39:29.847
S000533,Olivia,Gomez,student533@edupredict.com,03889204762,Female,26,DEP011,Marketing,T00222,6,3.07,96.0,Active,"0163 Teresa Fords Apt. 286, New Harry, VA 43924",2024.0,2026-08-08 12:39:29.848
S000534,Jeffrey,Palmer,student534@edupredict.com,03884166230,Male,23,DEP008,Accounting,T00286,8,2.1,93.0,Active,"226 Melissa Dale Suite 039, Nicolebury, MD 56815",2025.0,2026-08-08 12:39:29.848
S000535,Lindsay,Williams,student535@edupredict.com,03431166497,Male,18,DEP001,Computer Science,T00187,2,2.4,61.0,Active,"6423 Summers Creek, Mathewsmouth, VT 08242",2022.0,2026-08-08 12:39:29.849
S000536,Nicole,Cohen,student536@edupredict.com,03782958054,Female,27,DEP010,Economics,T00236,1,3.09,84.0,Active,"97544 David Glens, West Joshuafort, MN 42033",2021.0,2026-08-08 12:39:29.850
S000537,Charles,Walters,student537@edupredict.com,03154182123,Male,26,DEP008,Accounting,T00002,1,3.08,58.0,Active,"81342 Trevor Rapid, Williamsburgh, MA 24901",2025.0,2026-08-08 12:39:29.851
S000538,Louis,Watts,student538@edupredict.com,03123628785,Female,22,DEP011,Marketing,T00181,6,3.51,59.0,Active,"8677 Tanya Viaduct, Paulchester, VT 80682",2023.0,2026-08-08 12:39:29.851
S000539,Mary,Norman,student539@edupredict.com,03525525985,Male,18,DEP018,Physics,T00221,2,3.13,51.0,Active,"839 Scott Orchard Suite 796, Victoriastad, SC 18798",2023.0,2026-08-08 12:39:29.852
S000540,Joseph,Snow,student540@edupredict.com,03450211912,Female,21,DEP014,Mechanical Engineering,T00171,1,2.36,90.0,Active,"70479 David Pike, Nicholasview, MT 15623",2022.0,2026-08-08 12:39:30.273
S000541,Dylan,Lucero,student541@edupredict.com,03143254955,Female,18,DEP014,Mechanical Engineering,T00200,8,3.99,81.0,Active,"83781 Joel Tunnel, South Edward, IL 03354",2026.0,2026-08-08 12:39:30.274
S000542,Keith,Lynch,student542@edupredict.com,03944455385,Male,26,DEP001,Computer Science,T00231,5,3.76,96.0,Active,"6051 Ashley Mountains, Gordonhaven, DC 46560",2022.0,2026-08-08 12:39:30.274
S000543,Amanda,Contreras,student543@edupredict.com,03550249498,Male,21,DEP008,Accounting,T00186,6,2.4,61.0,Active,"USNS Garcia, FPO AE 30585",2022.0,2026-08-08 12:39:30.275
S000544,Carol,Walker,student544@edupredict.com,03401148247,Male,27,DEP020,Biology,T00173,6,3.21,73.0,Active,"PSC 3428, Box 7780, APO AE 99000",2026.0,2026-08-08 12:39:30.276
S000545,Elizabeth,Anderson,student545@edupredict.com,03767061497,Male,26,DEP001,Computer Science,T00187,6,2.89,51.0,Active,"6888 Hernandez Drives Apt. 516, West Christopher, NE 31521",2022.0,2026-08-08 12:39:30.278
S000546,Crystal,Gallagher,student546@edupredict.com,03390431687,Female,24,DEP012,Management,T00215,1,2.45,77.0,Active,"199 Carrie Shore, Nataliefort, IN 58004",2022.0,2026-08-08 12:39:30.279
S000547,Christine,Brown,student547@edupredict.com,03814466575,Male,28,DEP014,Mechanical Engineering,T00238,5,2.76,89.0,Active,"USCGC Castillo, FPO AE 75613",2026.0,2026-08-08 12:39:30.279
S000548,Michael,Gordon,student548@edupredict.com,03793898055,Male,18,DEP020,Biology,T00127,6,2.1,53.0,Active,"PSC 0109, Box 9500, APO AE 69475",2024.0,2026-08-08 12:39:30.280
S000549,Bradley,Williamson,student549@edupredict.com,03266025506,Male,23,DEP018,Physics,T00172,8,2.7,50.0,Active,"2138 Beth Forges, Carterport, NE 65862",2023.0,2026-08-08 12:39:30.280
S000550,Amber,Carpenter,student550@edupredict.com,03716136246,Female,19,DEP004,Artificial Intelligence,T00290,4,3.79,97.0,Inactive,"8485 Erin Stream, Port Cynthialand, CO 94249",2026.0,2026-08-08 12:39:30.281
S000551,Sharon,Rivera,student551@edupredict.com,03410450753,Female,18,DEP009,Finance,T00021,7,2.84,65.0,Active,"8056 Michaela Curve, New Janetshire, AS 92325",2024.0,2026-08-08 12:39:30.282
S000552,Stephanie,Ramsey,student552@edupredict.com,03146518778,Male,23,DEP019,Chemistry,T00160,6,2.16,60.0,Active,"6352 Johnston Club Apt. 683, Port Meghanmouth, ND 83697",2024.0,2026-08-08 12:39:30.282
S000553,Amanda,Washington,student553@edupredict.com,03890326452,Female,21,DEP006,Cyber Security,T00229,6,2.98,66.0,Active,"4772 Jay Rapid, Port Kimberly, AS 22264",2022.0,2026-08-08 12:39:30.283
S000554,James,Davis,student554@edupredict.com,03575038502,Male,21,DEP014,Mechanical Engineering,T00171,8,2.37,93.0,Active,"10336 Kara Village, Lake Dawnburgh, ME 20887",2025.0,2026-08-08 12:39:30.284
S000555,Stephanie,Forbes,student555@edupredict.com,03790850847,Male,27,DEP020,Biology,T00267,5,3.12,66.0,Active,"0968 Bishop Harbors, Lambertstad, ME 31693",2023.0,2026-08-08 12:39:30.285
S000556,Mary,Brown,student556@edupredict.com,03803995821,Male,22,DEP018,Physics,T00230,2,3.6,94.0,Active,"312 Chen Field, South Michelle, GA 13582",2021.0,2026-08-08 12:39:30.285
S000557,Elizabeth,Hunt,student557@edupredict.com,03970458298,Male,19,DEP007,Business Administration,T00233,4,3.29,67.0,Active,"26125 Todd Alley Suite 946, New Levihaven, DE 35504",2023.0,2026-08-08 12:39:30.286
S000558,Alex,Wyatt,student558@edupredict.com,03775188601,Male,19,DEP019,Chemistry,T00005,4,2.19,76.0,Active,"PSC 5398, Box 6678, APO AP 74257",2022.0,2026-08-08 12:39:30.286
S000559,Mary,Guerrero,student559@edupredict.com,03214263304,Male,27,DEP006,Cyber Security,T00276,7,2.54,85.0,Active,"30825 Thomas Lane Apt. 555, Sanchezstad, CO 29540",2022.0,2026-08-08 12:39:30.287
S000560,Kelly,Lane,student560@edupredict.com,03473545971,Female,18,DEP008,Accounting,T00286,6,3.56,94.0,Active,"39895 Greene Hills Suite 151, North Robert, CO 69841",2025.0,2026-08-08 12:39:30.288
S000561,Kari,Bruce,student561@edupredict.com,03956074368,Female,28,DEP001,Computer Science,T00148,4,3.27,90.0,Active,"799 Mitchell Knoll, Lake Jose, MT 27374",2026.0,2026-08-08 12:39:30.289
S000562,Patricia,Knapp,student562@edupredict.com,03808465189,Female,21,DEP015,Civil Engineering,T00183,3,3.61,63.0,Active,"960 Tonya Drive, East Miaborough, WI 11085",2023.0,2026-08-08 12:39:30.290
S000563,Adrian,Johnson,student563@edupredict.com,03562642314,Female,19,DEP019,Chemistry,T00227,6,2.01,87.0,Inactive,"76480 Dana Wall, West Alexandramouth, KY 69672",2021.0,2026-08-08 12:39:30.290
S000564,Barbara,Smith,student564@edupredict.com,03201895115,Female,23,DEP015,Civil Engineering,T00252,2,3.49,54.0,Active,"34344 Kenneth Burgs, Lake Robertview, CT 14360",2023.0,2026-08-08 12:39:30.292
S000565,Philip,Wilson,student565@edupredict.com,03590981354,Female,19,DEP003,Information Technology,T00099,6,3.58,61.0,Active,"52961 Linda Curve Apt. 464, Port Danielle, ME 11002",2023.0,2026-08-08 12:39:30.293
S000566,Maria,Wood,student566@edupredict.com,03963181905,Male,19,DEP011,Marketing,T00011,6,2.83,57.0,Active,"Unit 0921 Box 1849, DPO AE 67663",2025.0,2026-08-08 12:39:30.293
S000567,Henry,Anderson,student567@edupredict.com,03536677757,Male,23,DEP013,Electrical Engineering,T00119,3,3.33,61.0,Active,"34587 Kayla Bypass, Harrismouth, SC 02579",2025.0,2026-08-08 12:39:30.294
S000568,Richard,White,student568@edupredict.com,03324589811,Male,23,DEP012,Management,T00056,1,3.97,60.0,Active,"24272 Ruiz Hill, Lake Rebecca, WY 43261",2025.0,2026-08-08 12:39:30.295
S000569,Priscilla,Williams,student569@edupredict.com,03923591938,Female,28,DEP017,Mathematics,T00054,2,3.83,74.0,Active,"Unit 5544 Box 0069, DPO AA 67814",2024.0,2026-08-08 12:39:30.295
S000570,Carmen,Green,student570@edupredict.com,03740648106,Female,18,DEP012,Management,T00149,2,2.51,58.0,Active,"021 Jones Ports Apt. 366, Walkertown, PR 10635",2023.0,2026-08-08 12:39:30.296
S000571,Ann,Baker,student571@edupredict.com,03658721178,Male,22,DEP005,Data Science,T00095,6,2.24,60.0,Active,"26270 Williams Forest, Marymouth, DE 11309",2025.0,2026-08-08 12:39:30.298
S000572,Tanner,Barnes,student572@edupredict.com,03276705242,Female,21,DEP002,Software Engineering,T00176,4,3.91,100.0,Active,"PSC 7231, Box 4122, APO AA 58554",2021.0,2026-08-08 12:39:30.298
S000573,Douglas,Brown,student573@edupredict.com,03288227924,Male,19,DEP010,Economics,T00271,3,3.76,72.0,Active,"PSC 1848, Box 9264, APO AA 79377",2022.0,2026-08-08 12:39:30.298
S000574,Jon,Reid,student574@edupredict.com,03292478640,Male,26,DEP017,Mathematics,T00048,8,2.68,54.0,Active,"25369 Melanie Streets Suite 911, Wilsonshire, NM 65663",2021.0,2026-08-08 12:39:30.299
S000575,Kelly,Cline,student575@edupredict.com,03281961903,Male,21,DEP019,Chemistry,T00297,3,3.66,86.0,Active,"47463 Dustin Harbor, Port Leslieburgh, OH 81673",2023.0,2026-08-08 12:39:30.300
S000576,Philip,Hill,student576@edupredict.com,03462549764,Female,26,DEP020,Biology,T00173,5,2.09,82.0,Active,"341 Johnson Walk, Lake Cherylfort, NC 96545",2023.0,2026-08-08 12:39:30.300
S000577,Devin,Stevenson,student577@edupredict.com,03985254281,Female,18,DEP018,Physics,T00251,5,2.36,82.0,Active,"PSC 2332, Box 4420, APO AP 52819",2023.0,2026-08-08 12:39:30.301
S000578,Pamela,Henderson,student578@edupredict.com,03854915638,Female,18,DEP001,Computer Science,T00148,4,2.16,80.0,Active,"USCGC Hunter, FPO AA 11996",2026.0,2026-08-08 12:39:30.301
S000579,Christina,Jacobson,student579@edupredict.com,03247255483,Male,25,DEP009,Finance,T00146,4,2.08,53.0,Active,"97364 Tiffany Trace, New Danafurt, PA 41286",2021.0,2026-08-08 12:39:30.302
S000580,Benjamin,Walker,student580@edupredict.com,03336751363,Female,22,DEP014,Mechanical Engineering,T00257,3,2.27,79.0,Active,"9961 Larry Squares Suite 404, Hernandezside, MN 93923",2021.0,2026-08-08 12:39:30.303
S000581,Steve,Brown,student581@edupredict.com,03346009370,Female,23,DEP005,Data Science,T00294,8,2.59,84.0,Active,"76066 Hensley Loaf, New Angelaberg, PA 51693",2022.0,2026-08-08 12:39:30.304
S000582,Richard,Vega,student582@edupredict.com,03256784804,Female,20,DEP003,Information Technology,T00012,5,2.61,85.0,Active,"89503 Smith Shoal, Port Ryan, DC 10477",2024.0,2026-08-08 12:39:30.304
S000583,Sherri,Williams,student583@edupredict.com,03108814248,Female,27,DEP010,Economics,T00071,6,2.15,92.0,Inactive,"9910 Charles Mission Apt. 268, East Williamfurt, AR 12914",2021.0,2026-08-08 12:39:30.305
S000584,Gregg,Morrison,student584@edupredict.com,03852087799,Male,18,DEP009,Finance,T00037,4,3.09,67.0,Active,"26518 Carrillo Port Apt. 166, West Alexander, GU 72618",2025.0,2026-08-08 12:39:30.306
S000585,Kyle,Walker,student585@edupredict.com,03184885787,Female,22,DEP004,Artificial Intelligence,T00237,6,2.29,78.0,Active,"277 Jay Island, Andrewhaven, NM 62441",2023.0,2026-08-08 12:39:30.306
S000586,Valerie,Vega,student586@edupredict.com,03763368097,Female,26,DEP016,Architecture,T00189,3,3.75,66.0,Active,"USNS Hill, FPO AA 92162",2024.0,2026-08-08 12:39:30.307
S000587,Amanda,Bailey,student587@edupredict.com,03458100809,Female,24,DEP020,Biology,T00112,7,3.98,89.0,Active,"USCGC Barnes, FPO AP 99249",2023.0,2026-08-08 12:39:30.308
S000588,Grant,Montgomery,student588@edupredict.com,03993078457,Male,20,DEP019,Chemistry,T00040,7,2.67,54.0,Active,"507 Kimberly Terrace Suite 545, Lake Debra, HI 96704",2023.0,2026-08-08 12:39:30.308
S000589,Sheila,Nelson,student589@edupredict.com,03473704162,Female,19,DEP004,Artificial Intelligence,T00237,2,3.2,51.0,Active,"USS Howard, FPO AE 53660",2024.0,2026-08-08 12:39:31.521
S000590,Darlene,Nelson,student590@edupredict.com,03908019168,Female,21,DEP005,Data Science,T00095,5,2.12,92.0,Active,"30859 April Park Suite 403, Lake Tinamouth, AZ 92571",2026.0,2026-08-08 12:39:31.522
S000591,Andrew,Roman,student591@edupredict.com,03860769183,Male,26,DEP008,Accounting,T00191,2,2.47,79.0,Active,"88400 Erin Mountain, Candacefurt, HI 06480",2025.0,2026-08-08 12:39:31.522
S000592,Brenda,Edwards,student592@edupredict.com,03150134164,Male,23,DEP020,Biology,T00203,4,3.93,52.0,Active,"4415 Lopez Knolls, Velasquezbury, NE 92211",2026.0,2026-08-08 12:39:31.523
S000593,John,Thornton,student593@edupredict.com,03976991058,Female,27,DEP007,Business Administration,T00124,5,3.17,76.0,Active,"366 Mclaughlin Isle, Monicaberg, IL 97033",2023.0,2026-08-08 12:39:31.524
S000594,Kevin,Garrett,student594@edupredict.com,03201872232,Female,19,DEP008,Accounting,T00063,1,2.31,74.0,Active,"22713 Riley Burg Suite 540, Thorntonmouth, AS 93173",2022.0,2026-08-08 12:39:31.525
S000595,William,Williamson,student595@edupredict.com,03495899122,Female,18,DEP016,Architecture,T00118,4,3.23,92.0,Active,"3176 Joel Rue Apt. 244, West Annfurt, SC 01083",2024.0,2026-08-08 12:39:31.526
S000596,Beth,Ferguson,student596@edupredict.com,03505333213,Female,23,DEP019,Chemistry,T00297,3,2.82,62.0,Active,"0065 French Drive Suite 602, West Cindy, AK 65034",2021.0,2026-08-08 12:39:31.527
S000597,Samuel,Wilson,student597@edupredict.com,03568189500,Male,18,DEP012,Management,T00056,3,3.49,66.0,Inactive,"74165 Amanda Row, Melanieshire, CA 91917",2022.0,2026-08-08 12:39:31.527
S000598,Nicholas,Garrett,student598@edupredict.com,03404704910,Female,18,DEP018,Physics,T00172,4,3.17,58.0,Active,"928 Valerie Causeway Apt. 268, Lake Audrey, MP 76479",2025.0,2026-08-08 12:39:31.528
S000599,Joseph,Chandler,student599@edupredict.com,03355412371,Female,27,DEP020,Biology,T00159,6,2.57,65.0,Active,"835 Hughes Garden, Jonesland, NV 45611",2025.0,2026-08-08 12:39:31.529
S000600,Michelle,King,student600@edupredict.com,03637949691,Female,25,DEP008,Accounting,T00122,8,2.2,53.0,Active,"89701 Love Cliff Apt. 360, Trujilloland, CT 89836",2021.0,2026-08-08 12:39:31.530
S000601,Amanda,Coffey,student601@edupredict.com,03142129117,Male,19,DEP007,Business Administration,T00188,2,2.89,95.0,Active,"409 Joseph Stravenue, Port Craigside, GA 96303",2025.0,2026-08-08 12:39:31.531
S000602,Mary,White,student602@edupredict.com,03387109312,Female,20,DEP008,Accounting,T00087,5,2.16,58.0,Inactive,"60564 Dennis Inlet Apt. 831, Beasleyville, OH 82006",2026.0,2026-08-08 12:39:31.532
S000603,Kimberly,Kelly,student603@edupredict.com,03489502150,Male,23,DEP016,Architecture,T00234,1,2.07,81.0,Inactive,"9568 Brian Spurs, South Mollystad, GA 80010",2023.0,2026-08-08 12:39:31.532
S000604,Christine,Hall,student604@edupredict.com,03663590636,Female,26,DEP008,Accounting,T00063,3,3.3,72.0,Active,"PSC 6319, Box 4946, APO AE 92595",2023.0,2026-08-08 12:39:31.533
S000605,Jorge,Hamilton,student605@edupredict.com,03617034741,Female,21,DEP004,Artificial Intelligence,T00281,5,2.71,96.0,Active,"8680 Porter Loop, Wongberg, OK 60258",2026.0,2026-08-08 12:39:31.533
S000606,Natasha,Norris,student606@edupredict.com,03179791433,Female,18,DEP013,Electrical Engineering,T00167,6,3.61,75.0,Active,"591 Kaitlyn Valley Apt. 794, Lake Whitneyville, MT 24520",2023.0,2026-08-08 12:39:31.535
S000607,Tammie,Hernandez,student607@edupredict.com,03456074192,Male,21,DEP002,Software Engineering,T00194,8,2.3,86.0,Inactive,"4286 Mcmillan Turnpike, Lake Holly, PA 49348",2024.0,2026-08-08 12:39:31.535
S000608,Abigail,Harris,student608@edupredict.com,03127508846,Male,21,DEP020,Biology,T00179,6,3.22,63.0,Active,"3886 Lisa Burg, Cantrellland, OH 42303",2023.0,2026-08-08 12:39:31.536
S000609,Darrell,Mcneil,student609@edupredict.com,03768432500,Female,21,DEP002,Software Engineering,T00062,8,2.81,82.0,Active,"15429 Alexander Wall, Kathrynfurt, AR 58580",2024.0,2026-08-08 12:39:31.537
S000610,Kelly,Moore,student610@edupredict.com,03204399150,Male,24,DEP003,Information Technology,T00135,7,3.51,89.0,Active,"6210 Lindsay Square, Fieldsfurt, CA 22055",2023.0,2026-08-08 12:39:31.537
S000611,Thomas,Villegas,student611@edupredict.com,03496750676,Female,21,DEP011,Marketing,T00038,1,2.11,92.0,Active,"6245 Jones Plain, East Darryl, MT 18215",2023.0,2026-08-08 12:39:31.538
S000612,Madison,Dennis,student612@edupredict.com,03150814487,Male,20,DEP010,Economics,T00249,1,3.15,87.0,Active,"1616 Farley Haven Apt. 434, Blanchardburgh, VA 80000",2026.0,2026-08-08 12:39:31.539
S000613,Brenda,Coleman,student613@edupredict.com,03239867023,Female,18,DEP003,Information Technology,T00051,5,3.89,61.0,Active,"7537 Michael Dam Apt. 063, Amybury, CA 16075",2025.0,2026-08-08 12:39:31.540
S000614,Corey,Young,student614@edupredict.com,03632901378,Female,21,DEP008,Accounting,T00186,3,3.02,90.0,Active,"41256 Macias Light, Wagnertown, ND 57584",2025.0,2026-08-08 12:39:31.541
S000615,Jerry,Howard,student615@edupredict.com,03135487013,Male,28,DEP020,Biology,T00023,3,2.12,76.0,Active,"7058 Samantha Inlet, Suarezville, NV 98931",2026.0,2026-08-08 12:39:31.543
S000616,Lori,Wilson,student616@edupredict.com,03325719080,Female,20,DEP014,Mechanical Engineering,T00219,8,3.32,51.0,Active,"077 Cantrell Walk, Desireeview, VT 21156",2024.0,2026-08-08 12:39:31.543
S000617,Jeffrey,Vega,student617@edupredict.com,03348271329,Male,21,DEP005,Data Science,T00006,3,2.52,80.0,Inactive,"196 Pamela Ridge Suite 489, Ryantown, NM 73840",2022.0,2026-08-08 12:39:31.544
S000618,Justin,Patrick,student618@edupredict.com,03105984508,Female,25,DEP018,Physics,T00154,6,3.72,61.0,Active,"PSC 8078, Box 3526, APO AA 52036",2026.0,2026-08-08 12:39:31.545
S000619,Lisa,Perez,student619@edupredict.com,03671281437,Male,27,DEP019,Chemistry,T00128,4,2.71,85.0,Active,"115 Williams Mount Suite 100, West Suefurt, AL 86234",2023.0,2026-08-08 12:39:31.545
S000620,Robert,Williams,student620@edupredict.com,03400582305,Female,25,DEP010,Economics,T00259,3,3.35,97.0,Active,"077 Ingram Brooks, Jeremyville, UT 75620",2025.0,2026-08-08 12:39:31.546
S000621,Ann,Davenport,student621@edupredict.com,03899545889,Male,26,DEP017,Mathematics,T00239,2,3.83,97.0,Active,"2916 Costa Forges, Andrewland, OR 66780",2026.0,2026-08-08 12:39:31.547
S000622,Dean,Gregory,student622@edupredict.com,03232940219,Male,18,DEP011,Marketing,T00011,4,3.53,100.0,Inactive,"8810 Wells Canyon, Ramosbury, PA 90975",2021.0,2026-08-08 12:39:31.548
S000623,Michele,Santana,student623@edupredict.com,03921699468,Female,28,DEP005,Data Science,T00095,3,2.1,97.0,Active,"477 Brian Flats, Port Jennifermouth, ME 36473",2024.0,2026-08-08 12:39:31.548
S000624,Sherri,Perkins,student624@edupredict.com,03263322409,Female,27,DEP005,Data Science,T00022,4,2.97,91.0,Active,"02928 Cobb Unions Apt. 413, Davisport, FL 12251",2024.0,2026-08-08 12:39:31.549
S000625,Carlos,Patton,student625@edupredict.com,03279453825,Female,22,DEP014,Mechanical Engineering,T00086,8,3.18,76.0,Active,"251 Wayne Cliff Apt. 671, Choihaven, GU 28859",2022.0,2026-08-08 12:39:31.550
S000626,Clinton,Davis,student626@edupredict.com,03273285606,Female,20,DEP002,Software Engineering,T00212,8,3.09,53.0,Active,"66008 Gentry Cliff, West Douglasfurt, OR 74369",2026.0,2026-08-08 12:39:31.551
S000627,Roy,Compton,student627@edupredict.com,03869618723,Female,27,DEP013,Electrical Engineering,T00273,5,2.53,71.0,Active,"USCGC Powers, FPO AP 34508",2022.0,2026-08-08 12:39:31.552
S000628,Chelsea,Clark,student628@edupredict.com,03962504639,Female,28,DEP008,Accounting,T00055,2,2.74,61.0,Active,"19157 Justin Rapid Apt. 206, Port Bradley, IN 69465",2021.0,2026-08-08 12:39:31.552
S000629,Daniel,Carey,student629@edupredict.com,03720032585,Female,24,DEP003,Information Technology,T00123,8,3.07,69.0,Active,"398 Simpson Roads Apt. 975, North Tracyburgh, NH 82890",2025.0,2026-08-08 12:39:31.553
S000630,Evelyn,Robinson,student630@edupredict.com,03592753084,Male,27,DEP015,Civil Engineering,T00106,4,3.45,80.0,Inactive,"53541 Jacqueline Isle, New William, AL 58193",2026.0,2026-08-08 12:39:31.554
S000631,Steven,Bradley,student631@edupredict.com,03674925183,Male,23,DEP012,Management,T00157,7,2.09,84.0,Active,"PSC 5229, Box 8041, APO AE 14558",2022.0,2026-08-08 12:39:31.554
S000632,Andre,Johnson,student632@edupredict.com,03177279319,Male,26,DEP011,Marketing,T00195,2,2.86,79.0,Active,"USCGC Burns, FPO AA 65229",2025.0,2026-08-08 12:39:31.555
S000633,Tina,Harris,student633@edupredict.com,03711802933,Female,22,DEP001,Computer Science,T00060,2,3.21,69.0,Active,"03837 Wyatt Way, North Bryan, NH 37212",2021.0,2026-08-08 12:39:31.555
S000634,Ashley,Jackson,student634@edupredict.com,03663817717,Female,20,DEP015,Civil Engineering,T00106,7,2.27,80.0,Active,"685 Vazquez Loaf Suite 324, Michaelberg, OH 31038",2024.0,2026-08-08 12:39:32.020
S000635,Jesse,Macias,student635@edupredict.com,03423475105,Male,24,DEP012,Management,T00180,8,3.48,81.0,Active,"88926 Brown Plain Suite 426, South Leroystad, IA 09918",2021.0,2026-08-08 12:39:32.021
S000636,Tabitha,King,student636@edupredict.com,03642433574,Male,22,DEP003,Information Technology,T00163,3,3.68,100.0,Active,"89641 Sarah Union Apt. 952, Port Jill, VA 79054",2024.0,2026-08-08 12:39:32.022
S000637,Charles,Barrett,student637@edupredict.com,03712658771,Female,24,DEP018,Physics,T00185,4,2.77,70.0,Active,"65484 Brian Circles, Burgessmouth, KS 87283",2026.0,2026-08-08 12:39:32.023
S000638,Robert,Johnson,student638@edupredict.com,03327824149,Male,26,DEP003,Information Technology,T00017,7,3.31,82.0,Active,"025 Jefferson Locks, Silvaview, PA 38547",2026.0,2026-08-08 12:39:32.024
S000639,Amy,Alexander,student639@edupredict.com,03971931522,Female,27,DEP006,Cyber Security,T00190,8,2.4,98.0,Active,"641 Caldwell Knoll Suite 126, South John, TX 55539",2026.0,2026-08-08 12:39:32.025
S000640,Charlotte,Shah,student640@edupredict.com,03171377681,Female,26,DEP015,Civil Engineering,T00106,3,3.42,100.0,Active,"12446 Owens Vista Suite 915, East Elizabethhaven, CT 45703",2024.0,2026-08-08 12:39:32.026
S000641,Travis,Simpson,student641@edupredict.com,03641173638,Male,22,DEP018,Physics,T00105,6,3.51,72.0,Active,"80666 Garcia Freeway Suite 645, North Erika, UT 26976",2021.0,2026-08-08 12:39:32.026
S000642,Jacqueline,Ingram,student642@edupredict.com,03168825059,Female,25,DEP001,Computer Science,T00165,7,3.61,78.0,Active,"98461 Kristie Heights Suite 790, West Jaredmouth, ME 78174",2024.0,2026-08-08 12:39:32.027
S000643,Preston,Jackson,student643@edupredict.com,03674757359,Male,21,DEP006,Cyber Security,T00031,1,3.84,74.0,Active,"6168 Colon Fall Suite 639, Spencerbury, NH 69023",2024.0,2026-08-08 12:39:32.028
S000644,Mark,Gibson,student644@edupredict.com,03790421102,Male,22,DEP008,Accounting,T00208,3,2.12,91.0,Active,"33186 Scott Orchard, Murphyfort, TN 96181",2024.0,2026-08-08 12:39:32.029
S000645,Eric,Cooper,student645@edupredict.com,03739807309,Male,19,DEP009,Finance,T00100,6,3.09,100.0,Active,"01529 Jackson Flats Apt. 091, Carriefort, AS 38365",2023.0,2026-08-08 12:39:32.029
S000646,Melissa,Wilkins,student646@edupredict.com,03706278063,Male,19,DEP020,Biology,T00179,1,2.15,70.0,Active,"29200 Wells Ways Suite 570, East Georgeborough, SD 01636",2021.0,2026-08-08 12:39:32.031
S000647,Robert,Navarro,student647@edupredict.com,03593735464,Male,27,DEP017,Mathematics,T00261,4,3.36,76.0,Active,"76918 Kevin Walks, South Antonio, SC 77210",2022.0,2026-08-08 12:39:32.031
S000648,Brandon,Velez,student648@edupredict.com,03652255098,Male,24,DEP006,Cyber Security,T00256,3,2.68,77.0,Inactive,"871 Humphrey Causeway, Meganfort, MN 71426",2026.0,2026-08-08 12:39:32.032
S000649,Jordan,Martinez,student649@edupredict.com,03397526507,Female,28,DEP020,Biology,T00019,4,2.37,66.0,Active,"Unit 3061 Box 2756, DPO AA 85760",2026.0,2026-08-08 12:39:32.032
S000650,Christian,Meyer,student650@edupredict.com,03534565547,Female,18,DEP012,Management,T00026,5,3.63,51.0,Inactive,"162 Ronald Square, Mcintoshside, NH 24303",2021.0,2026-08-08 12:39:32.033
S000651,Sean,Strong,student651@edupredict.com,03520083318,Female,25,DEP001,Computer Science,T00060,4,2.38,84.0,Active,"5269 Thomas Junction Suite 571, Erichaven, TX 31193",2021.0,2026-08-08 12:39:32.034
S000652,Molly,Kane,student652@edupredict.com,03463265497,Female,25,DEP010,Economics,T00138,4,3.47,60.0,Inactive,"24763 Kari Cliff Suite 834, South Lisafort, MT 04802",2023.0,2026-08-08 12:39:32.035
S000653,Adrian,Suarez,student653@edupredict.com,03615667662,Male,22,DEP001,Computer Science,T00089,6,2.27,99.0,Active,"56881 Richardson Squares, Ashleystad, CA 39855",2025.0,2026-08-08 12:39:32.035
S000654,Taylor,Wilson,student654@edupredict.com,03170289590,Male,19,DEP003,Information Technology,T00220,6,3.04,87.0,Active,"749 Sanders Roads, East Kevin, PW 63087",2022.0,2026-08-08 12:39:32.036
S000655,Steven,Ellison,student655@edupredict.com,03170472979,Female,21,DEP010,Economics,T00224,8,2.38,57.0,Active,"313 Betty Ridges Suite 982, East Lauren, VT 17324",2021.0,2026-08-08 12:39:32.037
S000656,Cynthia,Lara,student656@edupredict.com,03744652681,Female,20,DEP008,Accounting,T00208,5,3.4,97.0,Active,"Unit 9694 Box 5872, DPO AE 00860",2026.0,2026-08-08 12:39:32.037
S000657,Michael,Lopez,student657@edupredict.com,03759605544,Female,22,DEP011,Marketing,T00246,2,2.98,93.0,Active,"8947 Webb Fields, New Anthonyville, NM 85536",2024.0,2026-08-08 12:39:32.038
S000658,Sharon,Roberson,student658@edupredict.com,03690931382,Female,23,DEP013,Electrical Engineering,T00273,3,2.67,77.0,Active,"409 Jason Bridge Apt. 778, Coreyfurt, MH 24629",2025.0,2026-08-08 12:39:32.039
S000659,Rebekah,Ortiz,student659@edupredict.com,03746265988,Male,20,DEP010,Economics,T00255,4,3.68,84.0,Active,"8669 Richards Hollow, West Mark, MO 88592",2022.0,2026-08-08 12:39:32.040
S000660,Tara,Knapp,student660@edupredict.com,03102603343,Female,23,DEP003,Information Technology,T00111,5,2.83,68.0,Active,"6177 Jose Corner Apt. 311, Jeanetteland, OR 21097",2022.0,2026-08-08 12:39:32.041
S000661,Michelle,Torres,student661@edupredict.com,03200938892,Male,21,DEP018,Physics,T00156,7,3.73,100.0,Active,"0870 Weiss Oval, Joshuaview, NH 30193",2024.0,2026-08-08 12:39:32.042
S000662,Sarah,Wright,student662@edupredict.com,03858475699,Female,18,DEP008,Accounting,T00191,7,2.64,85.0,Active,"6314 Rogers Forest, Wernerport, VT 69380",2023.0,2026-08-08 12:39:32.042
S000663,Jennifer,Merritt,student663@edupredict.com,03474714954,Male,26,DEP006,Cyber Security,T00229,3,2.04,68.0,Active,"25716 Laura Throughway, Aliciaport, AK 53385",2022.0,2026-08-08 12:39:32.043
S000664,Gregory,Sutton,student664@edupredict.com,03106522769,Male,26,DEP001,Computer Science,T00098,2,3.88,91.0,Active,"7741 Lopez Tunnel Apt. 772, New Sharonmouth, PA 88142",2025.0,2026-08-08 12:39:32.044
S000665,Christine,Schmidt,student665@edupredict.com,03513718050,Male,18,DEP003,Information Technology,T00099,2,2.31,97.0,Active,"161 Shannon Valley Suite 561, East Mariahshire, AS 65974",2022.0,2026-08-08 12:39:32.045
S000666,Jennifer,Allen,student666@edupredict.com,03687835411,Female,19,DEP005,Data Science,T00095,5,3.08,78.0,Active,"6110 Thomas Haven Apt. 624, South Brianport, AR 51878",2025.0,2026-08-08 12:39:32.045
S000667,Thomas,Smith,student667@edupredict.com,03963339586,Male,28,DEP005,Data Science,T00294,5,2.74,70.0,Active,"PSC 3477, Box 2153, APO AP 39108",2021.0,2026-08-08 12:39:32.046
S000668,Natalie,Reilly,student668@edupredict.com,03889805049,Male,18,DEP016,Architecture,T00118,8,2.54,78.0,Active,"Unit 3860 Box 7910, DPO AA 34860",2023.0,2026-08-08 12:39:32.046
S000669,Danielle,Moss,student669@edupredict.com,03734212653,Male,22,DEP015,Civil Engineering,T00250,1,3.41,85.0,Active,"Unit 8741 Box 1794, DPO AA 61457",2021.0,2026-08-08 12:39:32.046
S000670,Bianca,Wright,student670@edupredict.com,03414168551,Female,25,DEP020,Biology,T00159,8,3.8,69.0,Active,"8245 Lynn Mill, Jeffreyview, FL 57261",2026.0,2026-08-08 12:39:32.047
S000671,Pamela,Booker,student671@edupredict.com,03516661638,Male,26,DEP012,Management,T00289,8,3.52,79.0,Inactive,"8922 Miller Row Suite 267, Robertmouth, NM 57427",2024.0,2026-08-08 12:39:32.048
S000672,Christopher,Vasquez,student672@edupredict.com,03239099824,Female,23,DEP017,Mathematics,T00053,8,2.95,94.0,Inactive,"381 Teresa Cove Suite 349, New Keithchester, DC 85157",2022.0,2026-08-08 12:39:32.049
S000673,Patrick,Robles,student673@edupredict.com,03226677204,Female,28,DEP008,Accounting,T00217,8,3.86,68.0,Active,"07180 Stevens Prairie, Kimmouth, ND 27125",2021.0,2026-08-08 12:39:32.049
S000674,Heidi,Turner,student674@edupredict.com,03987011479,Male,27,DEP006,Cyber Security,T00190,4,3.91,62.0,Active,"5577 Wilson Burg, Carolinemouth, NY 94597",2025.0,2026-08-08 12:39:32.050
S000675,Tammy,Moore,student675@edupredict.com,03291028243,Male,21,DEP008,Accounting,T00186,8,2.11,70.0,Active,"933 Robertson Spurs, Connorstad, NJ 70567",2022.0,2026-08-08 12:39:32.051
S000676,Sharon,Rodriguez,student676@edupredict.com,03949135298,Female,23,DEP019,Chemistry,T00110,5,3.45,86.0,Active,"2141 Jasmine Lake Suite 950, Williamsview, HI 54435",2025.0,2026-08-08 12:39:32.052
S000677,Mary,Parker,student677@edupredict.com,03774882853,Female,21,DEP014,Mechanical Engineering,T00174,5,3.99,83.0,Active,"951 Justin Rue Suite 339, Potterberg, ND 30371",2022.0,2026-08-08 12:39:32.053
S000678,James,Bauer,student678@edupredict.com,03789982724,Male,26,DEP006,Cyber Security,T00029,6,3.91,65.0,Active,"88955 Russo Points Apt. 863, Smithchester, AL 94144",2021.0,2026-08-08 12:39:33.215
S000679,William,Evans,student679@edupredict.com,03659617948,Female,25,DEP014,Mechanical Engineering,T00257,7,2.83,58.0,Active,"7830 Renee Causeway Apt. 371, New Amandahaven, ID 01070",2021.0,2026-08-08 12:39:33.216
S000680,Grace,Jennings,student680@edupredict.com,03413406114,Male,25,DEP003,Information Technology,T00244,5,3.36,51.0,Active,"5599 Porter Circle Suite 464, West Alexanderside, SD 72616",2023.0,2026-08-08 12:39:33.217
S000681,Cynthia,Arnold,student681@edupredict.com,03811009755,Female,20,DEP020,Biology,T00203,4,3.67,68.0,Inactive,"3162 Lewis Island Apt. 189, Port Brendafort, CT 55484",2023.0,2026-08-08 12:39:33.218
S000682,Cheryl,Rose,student682@edupredict.com,03546529000,Female,19,DEP004,Artificial Intelligence,T00290,7,3.68,50.0,Active,"PSC 0554, Box 4339, APO AA 21120",2026.0,2026-08-08 12:39:33.218
S000683,Jeffrey,Davies,student683@edupredict.com,03516977360,Female,22,DEP019,Chemistry,T00110,5,2.13,87.0,Active,"561 Gordon Shoal Apt. 401, Jenniferchester, GA 61693",2023.0,2026-08-08 12:39:33.219
S000684,Brian,Neal,student684@edupredict.com,03547178845,Female,25,DEP013,Electrical Engineering,T00066,6,2.67,90.0,Active,"01705 Hernandez Harbors, Nelsonville, CT 86440",2022.0,2026-08-08 12:39:33.220
S000685,Gary,Weber,student685@edupredict.com,03867973802,Female,21,DEP004,Artificial Intelligence,T00285,5,3.25,63.0,Active,"07452 Karen Summit, Griffithfurt, CT 93538",2025.0,2026-08-08 12:39:33.220
S000686,Pamela,Hodge,student686@edupredict.com,03592889618,Female,20,DEP002,Software Engineering,T00212,6,3.26,81.0,Inactive,"0151 Ray Brooks, Lewischester, TX 88990",2024.0,2026-08-08 12:39:33.221
S000687,Amanda,Clements,student687@edupredict.com,03946018447,Male,23,DEP012,Management,T00266,5,2.68,86.0,Inactive,"965 Lisa Stream, West Gailshire, AK 71030",2021.0,2026-08-08 12:39:33.222
S000688,Pamela,Mullins,student688@edupredict.com,03208371033,Male,21,DEP003,Information Technology,T00017,2,2.37,83.0,Active,"969 Paul Flats Apt. 580, New Christina, HI 73701",2023.0,2026-08-08 12:39:33.223
S000689,Elizabeth,Zavala,student689@edupredict.com,03260844390,Male,25,DEP019,Chemistry,T00153,6,2.77,50.0,Active,"647 Herrera Ville Apt. 229, New Anthony, VI 16874",2026.0,2026-08-08 12:39:33.224
S000690,Samuel,Garcia,student690@edupredict.com,03719399177,Female,27,DEP019,Chemistry,T00004,3,3.88,66.0,Active,"974 Shepard Streets, Port Faith, LA 26310",2022.0,2026-08-08 12:39:33.225
S000691,Joe,Marsh,student691@edupredict.com,03837817876,Female,26,DEP002,Software Engineering,T00265,6,3.68,97.0,Active,"134 Davidson Highway Apt. 650, Mcgeeport, UT 42440",2022.0,2026-08-08 12:39:33.225
S000692,George,Peterson,student692@edupredict.com,03797989162,Male,23,DEP003,Information Technology,T00263,8,2.9,84.0,Active,"38093 Hernandez Passage Apt. 269, Port Amanda, NM 10556",2023.0,2026-08-08 12:39:33.226
S000693,Shirley,Hart,student693@edupredict.com,03143660255,Female,28,DEP001,Computer Science,T00089,2,3.24,98.0,Active,"76239 Douglas Fort, Lake Robin, GA 85533",2022.0,2026-08-08 12:39:33.227
S000694,Jordan,Hill,student694@edupredict.com,03815990241,Male,27,DEP006,Cyber Security,T00277,8,3.09,59.0,Active,"98165 Andrea Path Apt. 987, Ballland, FM 45563",2024.0,2026-08-08 12:39:33.228
S000695,Austin,Erickson,student695@edupredict.com,03615445846,Female,18,DEP007,Business Administration,T00298,6,3.02,64.0,Active,"Unit 5030 Box 4389, DPO AE 56148",2024.0,2026-08-08 12:39:33.228
S000696,Carol,Smith,student696@edupredict.com,03558512328,Female,21,DEP009,Finance,T00058,6,2.26,85.0,Active,"3191 Hughes Locks Apt. 767, Brownborough, MD 93771",2023.0,2026-08-08 12:39:33.229
S000697,Joseph,Huang,student697@edupredict.com,03694522596,Female,24,DEP006,Cyber Security,T00277,8,2.84,84.0,Active,"1951 Smith Skyway, Christineville, GA 84081",2026.0,2026-08-08 12:39:33.230
S000698,Miranda,Bishop,student698@edupredict.com,03576501272,Female,26,DEP012,Management,T00090,3,3.05,83.0,Active,"43436 Bates Rue, South Brian, MT 54482",2025.0,2026-08-08 12:39:33.230
S000699,Carol,Carter,student699@edupredict.com,03298612455,Male,25,DEP002,Software Engineering,T00136,8,3.34,88.0,Active,"825 Kevin Centers, New Brett, PA 67419",2023.0,2026-08-08 12:39:33.231
S000700,Jeremy,Terry,student700@edupredict.com,03881711146,Female,21,DEP017,Mathematics,T00161,5,2.98,76.0,Inactive,"104 Cummings Courts, Heatherburgh, DC 88365",2021.0,2026-08-08 12:39:33.232
S000701,Allison,Reyes,student701@edupredict.com,03322244388,Female,22,DEP017,Mathematics,T00108,7,3.8,89.0,Active,"0892 Jennifer Spur, Huffville, LA 31575",2021.0,2026-08-08 12:39:33.346
S000702,Veronica,Garcia,student702@edupredict.com,03906303103,Female,18,DEP010,Economics,T00134,6,3.83,67.0,Active,"USNV Perez, FPO AA 47753",2022.0,2026-08-08 12:39:33.346
S000703,Sandra,Watson,student703@edupredict.com,03888386953,Male,18,DEP004,Artificial Intelligence,T00070,8,2.85,67.0,Active,"29638 John Inlet Suite 957, Hollyhaven, WV 59750",2025.0,2026-08-08 12:39:33.347
S000704,Kenneth,Gardner,student704@edupredict.com,03733796103,Male,22,DEP020,Biology,T00019,6,3.85,64.0,Active,"17671 Lara Spring Apt. 056, Michelleton, WV 75765",2026.0,2026-08-08 12:39:33.348
S000705,Sarah,Bradley,student705@edupredict.com,03931681600,Female,22,DEP007,Business Administration,T00188,3,3.33,65.0,Active,"Unit 7052 Box 5007, DPO AP 94097",2025.0,2026-08-08 12:39:33.348
S000706,Nicole,Garcia,student706@edupredict.com,03167195108,Female,23,DEP011,Marketing,T00075,5,2.27,59.0,Active,"41246 Katherine Tunnel Apt. 501, Justinton, FL 41994",2021.0,2026-08-08 12:39:33.349
S000707,Ricky,Mendez,student707@edupredict.com,03991710633,Female,19,DEP001,Computer Science,T00253,1,3.02,51.0,Active,"154 Sanchez Hills Apt. 749, Vargasberg, AK 65152",2022.0,2026-08-08 12:39:33.350
S000708,Michelle,Gonzalez,student708@edupredict.com,03684568320,Female,28,DEP012,Management,T00180,8,2.77,90.0,Active,"9627 Erin Passage Apt. 790, North Jared, CT 77913",2024.0,2026-08-08 12:39:33.350
S000709,Brian,Keller,student709@edupredict.com,03635492772,Female,18,DEP002,Software Engineering,T00194,6,2.43,88.0,Active,"644 Miller Oval, Peterborough, NM 06289",2023.0,2026-08-08 12:39:33.351
S000710,Anthony,Hicks,student710@edupredict.com,03371693017,Male,26,DEP004,Artificial Intelligence,T00067,5,3.35,72.0,Active,"07484 Dennis Shoals Suite 768, Josehaven, NE 91717",2022.0,2026-08-08 12:39:33.352
S000711,Ronald,Miller,student711@edupredict.com,03941728752,Female,18,DEP012,Management,T00102,2,2.2,94.0,Inactive,"46012 Wilson Forges, Sierratown, NH 92266",2021.0,2026-08-08 12:39:33.353
S000712,Jeffrey,Gillespie,student712@edupredict.com,03124831435,Male,24,DEP004,Artificial Intelligence,T00260,2,2.85,96.0,Active,"107 Anderson Camp, South Tony, FL 73830",2026.0,2026-08-08 12:39:33.353
S000713,John,Harper,student713@edupredict.com,03727020834,Male,23,DEP017,Mathematics,T00137,7,3.23,57.0,Active,"97098 Kim Brooks, West Lisamouth, GA 36015",2024.0,2026-08-08 12:39:33.354
S000714,Jason,Nixon,student714@edupredict.com,03269565258,Male,19,DEP007,Business Administration,T00143,8,2.3,50.0,Active,"7102 Phillips Fords, Jonathanville, OH 03539",2021.0,2026-08-08 12:39:33.355
S000715,Ethan,Perez,student715@edupredict.com,03308362279,Female,25,DEP003,Information Technology,T00163,5,2.88,86.0,Inactive,"66032 Hayes Mews Suite 152, Amandaborough, LA 98112",2023.0,2026-08-08 12:39:33.356
S000716,Brian,Johnson,student716@edupredict.com,03535776207,Female,19,DEP012,Management,T00024,8,2.93,55.0,Active,"40853 Holland Crescent Apt. 936, Lauramouth, MD 79419",2022.0,2026-08-08 12:39:33.357
S000717,Connie,Ferguson,student717@edupredict.com,03725703766,Male,25,DEP006,Cyber Security,T00277,8,2.53,61.0,Active,"Unit 2321 Box 6555, DPO AA 19504",2022.0,2026-08-08 12:39:33.357
S000718,Summer,Kennedy,student718@edupredict.com,03936565038,Male,21,DEP013,Electrical Engineering,T00066,7,2.48,73.0,Active,"594 Rose Tunnel Apt. 270, Dylanchester, SC 26444",2024.0,2026-08-08 12:39:33.358
S000719,Heather,James,student719@edupredict.com,03563690083,Male,23,DEP014,Mechanical Engineering,T00003,4,2.84,72.0,Active,"7661 Snyder Alley, Timothyview, HI 68588",2025.0,2026-08-08 12:39:33.359
S000720,Brady,Robertson,student720@edupredict.com,03323588017,Male,23,DEP011,Marketing,T00181,2,2.31,58.0,Inactive,"0892 Jones Ferry, Williamschester, MA 01145",2021.0,2026-08-08 12:39:33.359
S000721,Crystal,Olson,student721@edupredict.com,03732923037,Female,19,DEP002,Software Engineering,T00096,5,3.53,57.0,Active,"782 Carter Radial, Port Pamelafort, GA 74983",2024.0,2026-08-08 12:39:33.360
S000722,Julia,Whitaker,student722@edupredict.com,03303059154,Female,22,DEP020,Biology,T00159,6,2.63,50.0,Active,"USCGC Rivera, FPO AE 55789",2021.0,2026-08-08 12:39:33.361
S000723,Gary,Horton,student723@edupredict.com,03959428646,Male,27,DEP007,Business Administration,T00298,5,2.29,85.0,Active,"007 Henderson Road Apt. 469, Anthonyberg, CT 68800",2025.0,2026-08-08 12:39:33.783
S000724,Donald,Parker,student724@edupredict.com,03542890140,Male,19,DEP004,Artificial Intelligence,T00300,6,3.95,63.0,Active,"4990 Mercer Squares, North Pedrohaven, TX 43811",2022.0,2026-08-08 12:39:33.784
S000725,Steve,Washington,student725@edupredict.com,03852688832,Male,20,DEP006,Cyber Security,T00031,1,3.84,96.0,Active,"67554 Scott Branch Apt. 049, Dicksonchester, UT 45518",2024.0,2026-08-08 12:39:33.784
S000726,Katherine,Alexander,student726@edupredict.com,03627346467,Female,28,DEP001,Computer Science,T00231,3,3.47,73.0,Active,"4104 Franklin Mall Apt. 916, Chrisborough, MI 96240",2026.0,2026-08-08 12:39:33.785
S000727,Marco,Pace,student727@edupredict.com,03196346633,Male,22,DEP005,Data Science,T00115,5,3.73,77.0,Active,"48650 Wayne Port Apt. 282, Morganhaven, CA 27848",2021.0,2026-08-08 12:39:33.786
S000728,Gary,Wells,student728@edupredict.com,03302660444,Female,18,DEP001,Computer Science,T00240,7,3.71,99.0,Active,"47391 Wallace Hill Suite 640, South Gregory, OK 75890",2023.0,2026-08-08 12:39:33.787
S000729,Douglas,Meyers,student729@edupredict.com,03526228327,Female,24,DEP012,Management,T00090,4,3.13,59.0,Active,"7902 Herman Rest Suite 618, Crawfordfort, NE 95274",2024.0,2026-08-08 12:39:33.787
S000730,Adriana,Williams,student730@edupredict.com,03738010707,Male,20,DEP012,Management,T00289,6,2.71,50.0,Active,"19330 Glenn Shore, West Kennethville, DE 02160",2024.0,2026-08-08 12:39:33.789
S000731,Cynthia,Chambers,student731@edupredict.com,03229131842,Male,23,DEP007,Business Administration,T00197,1,3.81,79.0,Active,"19963 Jennifer Rest Suite 695, Shawnbury, NH 21458",2021.0,2026-08-08 12:39:33.789
S000732,Melissa,Maynard,student732@edupredict.com,03219787519,Male,21,DEP005,Data Science,T00052,7,3.68,73.0,Active,"81599 Tiffany Center, East Charles, IA 49097",2026.0,2026-08-08 12:39:33.790
S000733,Wanda,Logan,student733@edupredict.com,03661556145,Female,23,DEP019,Chemistry,T00198,6,3.55,84.0,Active,"71087 Joseph Common, New Tannermouth, GA 45186",2026.0,2026-08-08 12:39:33.791
S000734,Rebecca,Larson,student734@edupredict.com,03703427483,Male,20,DEP009,Finance,T00264,6,3.37,60.0,Inactive,"765 Jessica Pass Apt. 226, Ryanstad, NC 06763",2026.0,2026-08-08 12:39:33.791
S000735,Jennifer,Butler,student735@edupredict.com,03620278027,Male,20,DEP010,Economics,T00010,1,2.7,100.0,Active,"358 Daniel Ways, South Amy, MP 51213",2026.0,2026-08-08 12:39:33.792
S000736,Kathy,Jackson,student736@edupredict.com,03214985849,Male,19,DEP008,Accounting,T00191,8,2.37,98.0,Inactive,"80469 Buck Isle, South Laurabury, ID 62598",2023.0,2026-08-08 12:39:33.793
S000737,Alison,Clements,student737@edupredict.com,03701992204,Male,18,DEP006,Cyber Security,T00029,1,3.99,68.0,Active,"780 Cole Flat Suite 893, Port Kristina, OR 06551",2021.0,2026-08-08 12:39:33.794
S000738,Carrie,Drake,student738@edupredict.com,03482935525,Female,28,DEP002,Software Engineering,T00136,7,2.04,84.0,Active,"87837 Kimberly Street Suite 978, Jacksonhaven, MO 32244",2023.0,2026-08-08 12:39:33.794
S000739,Timothy,Charles,student739@edupredict.com,03822171738,Female,23,DEP010,Economics,T00155,8,3.59,52.0,Active,"537 Wagner Rapids, Shafferbury, NV 99742",2024.0,2026-08-08 12:39:33.795
S000740,Amber,Stone,student740@edupredict.com,03639717829,Female,20,DEP005,Data Science,T00258,3,2.86,54.0,Active,"6912 Carlson Forest Suite 870, Greenberg, PA 73847",2025.0,2026-08-08 12:39:33.797
S000741,Michael,Cook,student741@edupredict.com,03241231795,Female,21,DEP020,Biology,T00023,5,2.28,85.0,Active,"2946 Morgan Causeway, Williamchester, OK 13503",2026.0,2026-08-08 12:39:33.797
S000742,Patrick,Ryan,student742@edupredict.com,03110874181,Female,19,DEP016,Architecture,T00083,6,2.67,91.0,Active,"1214 Silva Cove Suite 263, Charleschester, NE 41195",2024.0,2026-08-08 12:39:33.798
S000743,Sarah,Holmes,student743@edupredict.com,03613740678,Female,26,DEP017,Mathematics,T00139,5,2.65,87.0,Active,"261 Natalie Hollow Apt. 646, Alexport, MP 30212",2025.0,2026-08-08 12:39:33.799
S000744,Hannah,Lang,student744@edupredict.com,03564246353,Female,24,DEP019,Chemistry,T00198,8,2.16,83.0,Active,"1328 Jennifer Brook Suite 792, West Jimmy, ND 27751",2026.0,2026-08-08 12:39:33.800
S000745,Lucas,Brown,student745@edupredict.com,03736183927,Female,18,DEP020,Biology,T00080,4,3.41,66.0,Active,"957 Melanie Lodge Apt. 040, Timothyfort, CO 05513",2022.0,2026-08-08 12:39:33.801
S000746,Jonathan,Allen,student746@edupredict.com,03511814639,Female,28,DEP014,Mechanical Engineering,T00103,7,2.9,97.0,Active,"67988 Morgan Extension, Carlfurt, GU 11187",2024.0,2026-08-08 12:39:33.801
S000747,James,Smith,student747@edupredict.com,03219131727,Female,25,DEP012,Management,T00192,6,2.85,81.0,Inactive,"701 Weeks Cove Suite 067, Derekville, GA 89596",2024.0,2026-08-08 12:39:33.802
S000748,Robert,Brown,student748@edupredict.com,03307414278,Male,18,DEP015,Civil Engineering,T00147,5,3.88,91.0,Active,"USNS Garcia, FPO AE 96714",2023.0,2026-08-08 12:39:33.803
S000749,Michael,Rodriguez,student749@edupredict.com,03871865174,Male,18,DEP010,Economics,T00168,2,3.67,58.0,Active,"525 Santiago Rapids, East Dianeshire, WV 88812",2026.0,2026-08-08 12:39:33.803
S000750,Rebecca,Williams,student750@edupredict.com,03200344861,Male,21,DEP010,Economics,T00071,7,3.46,62.0,Active,"786 Jonathan Harbors Apt. 090, Ericside, PA 76762",2023.0,2026-08-08 12:39:33.804
S000751,Amy,Cline,student751@edupredict.com,03319341808,Female,25,DEP015,Civil Engineering,T00170,7,2.41,50.0,Active,"87059 Shane Way, Woodsborough, RI 81822",2026.0,2026-08-08 12:39:33.805
S000752,Juan,Fletcher,student752@edupredict.com,03488934748,Female,27,DEP015,Civil Engineering,T00020,7,2.1,99.0,Active,"535 Luke Valley Apt. 150, New Aliciafurt, NV 64521",2024.0,2026-08-08 12:39:33.806
S000753,Jessica,Curtis,student753@edupredict.com,03829252828,Female,28,DEP001,Computer Science,T00148,5,2.17,71.0,Active,"21684 Wendy Mission Apt. 721, Hillberg, VI 80043",2023.0,2026-08-08 12:39:33.807
S000754,Jennifer,Watkins,student754@edupredict.com,03896561875,Female,28,DEP020,Biology,T00201,4,3.02,75.0,Active,"755 Obrien Squares Suite 102, Stevenville, TX 64142",2026.0,2026-08-08 12:39:33.807
S000755,Corey,Elliott,student755@edupredict.com,03645370451,Male,23,DEP008,Accounting,T00063,5,3.6,95.0,Active,"7728 Cody Ports Apt. 527, Clairebury, MI 02761",2024.0,2026-08-08 12:39:33.808
S000756,Rebecca,Bush,student756@edupredict.com,03746431524,Male,20,DEP008,Accounting,T00069,5,2.14,71.0,Inactive,"6877 Barr Green Apt. 226, Morganmouth, MD 43155",2022.0,2026-08-08 12:39:33.809
S000757,Rachel,Davidson,student757@edupredict.com,03597863846,Female,23,DEP019,Chemistry,T00160,6,2.33,82.0,Active,"570 Miller Trail Suite 609, Jordanside, AK 25481",2023.0,2026-08-08 12:39:33.810
S000758,Robert,Morris,student758@edupredict.com,03998127779,Female,19,DEP020,Biology,T00080,8,3.58,61.0,Active,"44770 Bell Circles Apt. 354, East Bradley, FM 04330",2025.0,2026-08-08 12:39:33.810
S000759,Jenny,Moore,student759@edupredict.com,03218343685,Female,25,DEP012,Management,T00272,8,3.8,53.0,Active,"8299 Potter Lake, Thomashaven, TN 88157",2026.0,2026-08-08 12:39:33.812
S000760,Steven,Smith,student760@edupredict.com,03499555650,Female,23,DEP018,Physics,T00172,4,3.9,52.0,Active,"3366 Carlson Park Suite 149, New Anthonymouth, MO 10594",2023.0,2026-08-08 12:39:33.812
S000761,Peter,Smith,student761@edupredict.com,03193679744,Female,26,DEP001,Computer Science,T00089,2,2.39,59.0,Active,"474 Isaac Spurs, Port Alexandershire, CO 65301",2025.0,2026-08-08 12:39:33.813
S000762,Cody,Parks,student762@edupredict.com,03228634827,Male,24,DEP010,Economics,T00155,7,2.21,77.0,Active,"3895 Blake Garden Apt. 908, Stephensburgh, TX 77842",2022.0,2026-08-08 12:39:33.814
S000763,Kaitlyn,Wallace,student763@edupredict.com,03280550808,Female,24,DEP011,Marketing,T00181,2,2.95,76.0,Active,"PSC 1021, Box 7009, APO AE 92500",2025.0,2026-08-08 12:39:33.814
S000764,Steven,Palmer,student764@edupredict.com,03203126746,Male,23,DEP007,Business Administration,T00084,8,3.97,75.0,Active,"0825 Miranda Mountains, East Caroline, MD 91306",2026.0,2026-08-08 12:39:33.815
S000765,Barbara,Holden,student765@edupredict.com,03364366487,Male,23,DEP020,Biology,T00112,5,2.55,59.0,Active,"1876 Washington Garden Apt. 186, West Joseburgh, MH 32992",2024.0,2026-08-08 12:39:33.816
S000766,Frank,Perkins,student766@edupredict.com,03746330538,Female,20,DEP008,Accounting,T00208,8,3.79,58.0,Active,"09137 Emily Flats Apt. 561, Lake Adambury, FL 95065",2021.0,2026-08-08 12:39:35.022
S000767,Emily,Baker,student767@edupredict.com,03343288022,Male,22,DEP020,Biology,T00179,5,3.72,69.0,Active,"076 Clarke Run Suite 693, East Ericaborough, MA 86382",2025.0,2026-08-08 12:39:35.023
S000768,Kelly,Green,student768@edupredict.com,03937936834,Female,26,DEP013,Electrical Engineering,T00291,5,3.2,63.0,Active,"130 Gomez Shoals Suite 041, Dixonborough, AZ 41832",2025.0,2026-08-08 12:39:35.024
S000769,Lisa,Giles,student769@edupredict.com,03442132753,Female,18,DEP018,Physics,T00230,8,2.6,69.0,Inactive,"6617 Smith Square, Leeville, GU 74328",2023.0,2026-08-08 12:39:35.025
S000770,Holly,Summers,student770@edupredict.com,03212814199,Female,25,DEP006,Cyber Security,T00043,1,3.57,91.0,Active,"083 Frank Islands, Harrisshire, MP 32868",2021.0,2026-08-08 12:39:35.026
S000771,Sharon,Williams,student771@edupredict.com,03198259080,Male,25,DEP019,Chemistry,T00044,3,3.56,81.0,Active,"USCGC Sanders, FPO AE 62572",2024.0,2026-08-08 12:39:35.026
S000772,Cynthia,Morrow,student772@edupredict.com,03404097418,Female,22,DEP006,Cyber Security,T00132,8,2.37,64.0,Active,"55990 Kimberly Prairie Suite 141, Berryborough, VT 02977",2025.0,2026-08-08 12:39:35.027
S000773,Barbara,Mendoza,student773@edupredict.com,03511816387,Male,22,DEP011,Marketing,T00222,3,3.65,69.0,Active,"990 Mooney Forge Apt. 532, Griffithton, TX 28013",2025.0,2026-08-08 12:39:35.028
S000774,Raven,Randolph,student774@edupredict.com,03575551918,Female,25,DEP002,Software Engineering,T00101,7,3.25,76.0,Active,"5590 Dorsey Track Suite 150, Josephland, NV 58156",2025.0,2026-08-08 12:39:35.029
S000775,Jesus,Savage,student775@edupredict.com,03801340024,Female,18,DEP001,Computer Science,T00240,3,3.41,51.0,Active,"PSC 2775, Box 0500, APO AE 82521",2025.0,2026-08-08 12:39:35.029
S000776,Kevin,Nunez,student776@edupredict.com,03201615624,Male,23,DEP006,Cyber Security,T00277,1,3.02,65.0,Active,"9143 Courtney River Suite 449, South Richardbury, VT 97890",2026.0,2026-08-08 12:39:35.030
S000777,Sarah,Estrada,student777@edupredict.com,03376952872,Male,24,DEP012,Management,T00041,7,3.96,73.0,Active,"4812 Gilbert Rest Suite 005, West Christophertown, KS 93115",2022.0,2026-08-08 12:39:35.031
S000778,Ian,Anderson,student778@edupredict.com,03346561784,Male,28,DEP020,Biology,T00179,2,2.39,65.0,Active,"935 Joel Via, New Joseph, WY 55515",2026.0,2026-08-08 12:39:35.032
S000779,Katherine,Welch,student779@edupredict.com,03390498641,Male,27,DEP007,Business Administration,T00141,8,2.24,93.0,Inactive,"29916 Thomas Lane Suite 068, South Michael, TX 50523",2025.0,2026-08-08 12:39:35.032
S000780,Nicholas,Martinez,student780@edupredict.com,03729433119,Female,19,DEP017,Mathematics,T00137,7,3.46,59.0,Active,"93912 Brown Hollow Suite 045, South Vicki, IN 25431",2022.0,2026-08-08 12:39:35.033
S000781,Amanda,Graham,student781@edupredict.com,03501832858,Male,25,DEP005,Data Science,T00152,1,3.88,86.0,Active,"253 Frances Valleys Apt. 407, Mclaughlinberg, SC 80039",2022.0,2026-08-08 12:39:35.034
S000782,Janet,Howard,student782@edupredict.com,03388051508,Male,19,DEP015,Civil Engineering,T00061,7,3.09,76.0,Active,"82316 Medina Fords Apt. 125, Robertview, NY 19774",2024.0,2026-08-08 12:39:35.035
S000783,William,Johnston,student783@edupredict.com,03167437135,Female,18,DEP001,Computer Science,T00296,6,2.34,59.0,Active,"809 Jason Camp Suite 111, West Alexishaven, MN 76534",2023.0,2026-08-08 12:39:35.035
S000784,Alexander,Bradford,student784@edupredict.com,03992893387,Female,26,DEP005,Data Science,T00214,4,2.19,83.0,Active,"214 Cortez Mission Apt. 994, Greeneview, NE 02304",2021.0,2026-08-08 12:39:35.039
S000785,Douglas,Hoover,student785@edupredict.com,03684452833,Female,26,DEP002,Software Engineering,T00001,4,3.36,67.0,Active,"350 Thompson Groves, New Michelle, AZ 41061",2025.0,2026-08-08 12:39:35.039
S000786,Rodney,Sims,student786@edupredict.com,03243173124,Male,28,DEP013,Electrical Engineering,T00210,7,3.9,76.0,Active,"68007 Brenda Branch, Coreymouth, TX 75704",2024.0,2026-08-08 12:39:35.040
S000787,Kristen,Garcia,student787@edupredict.com,03725805236,Male,22,DEP014,Mechanical Engineering,T00049,8,3.24,78.0,Active,"45801 Martin Stravenue, East Zacharyton, AR 36435",2022.0,2026-08-08 12:39:35.041
S000788,Deborah,Gordon,student788@edupredict.com,03874812910,Female,19,DEP020,Biology,T00112,2,3.19,58.0,Active,"1874 Robbins Drive Apt. 233, West Mary, SC 29671",2023.0,2026-08-08 12:39:35.042
S000789,Robert,Adams,student789@edupredict.com,03574421912,Male,21,DEP011,Marketing,T00133,2,3.88,57.0,Active,"250 Long Orchard Suite 102, West Sarah, FM 75008",2024.0,2026-08-08 12:39:35.042
S000790,Brian,Malone,student790@edupredict.com,03289552196,Male,26,DEP016,Architecture,T00008,5,2.7,50.0,Inactive,"3011 Karl Parks Apt. 734, Lake Russellside, OH 20768",2023.0,2026-08-08 12:39:35.043
S000791,Edward,Mitchell,student791@edupredict.com,03697546496,Male,28,DEP004,Artificial Intelligence,T00150,8,3.42,97.0,Active,"90683 Lisa Lock, Stevensberg, ID 56234",2023.0,2026-08-08 12:39:35.044
S000792,David,Romero,student792@edupredict.com,03454350414,Male,18,DEP004,Artificial Intelligence,T00260,6,2.34,61.0,Active,"5053 Michael Crest, Matthewport, MD 45317",2021.0,2026-08-08 12:39:35.045
S000793,Sarah,Thompson,student793@edupredict.com,03535227190,Male,19,DEP013,Electrical Engineering,T00065,6,3.58,90.0,Active,"33715 Glover Viaduct, New Briana, NC 66084",2026.0,2026-08-08 12:39:35.045
S000794,Beverly,Norman,student794@edupredict.com,03775037029,Female,20,DEP013,Electrical Engineering,T00273,6,3.26,86.0,Active,"485 Sherry Plaza Apt. 008, East Ethanmouth, NJ 89189",2025.0,2026-08-08 12:39:35.046
S000795,Brian,Nunez,student795@edupredict.com,03194479570,Male,20,DEP019,Chemistry,T00198,4,3.09,83.0,Active,"244 Kane Drives, West Jason, AK 41086",2021.0,2026-08-08 12:39:35.049
S000796,Mario,Dominguez,student796@edupredict.com,03622113072,Male,24,DEP001,Computer Science,T00098,2,2.61,87.0,Active,"08797 Robert Plain Suite 944, Port Lindahaven, NC 30834",2022.0,2026-08-08 12:39:35.049
S000797,Nicholas,Miller,student797@edupredict.com,03147110469,Male,23,DEP017,Mathematics,T00048,8,3.75,62.0,Active,"3043 Smith Mall, Jacobsshire, PR 49451",2026.0,2026-08-08 12:39:35.051
S000798,Jonathan,Valencia,student798@edupredict.com,03148210689,Female,18,DEP015,Civil Engineering,T00106,5,2.23,77.0,Inactive,"458 Harmon Estate, Lake Robertbury, WI 93386",2023.0,2026-08-08 12:39:35.052
S000799,Rebecca,Rodriguez,student799@edupredict.com,03218175955,Female,23,DEP007,Business Administration,T00036,2,2.14,57.0,Active,"037 John Road Apt. 731, Williamborough, PR 52816",2023.0,2026-08-08 12:39:35.053
S000800,Cynthia,Mitchell,student800@edupredict.com,03431889617,Female,23,DEP002,Software Engineering,T00194,3,2.17,53.0,Inactive,"745 Donna Fields, Annabury, WI 68306",2022.0,2026-08-08 12:39:35.054
S000801,Judy,Dickson,student801@edupredict.com,03510948121,Female,27,DEP001,Computer Science,T00089,4,3.1,83.0,Active,"563 Steven Junction Apt. 468, South Amanda, KY 35682",2025.0,2026-08-08 12:39:35.054
S000802,Ryan,Moreno,student802@edupredict.com,03251046159,Male,20,DEP009,Finance,T00178,7,3.8,72.0,Active,"34805 Jonathan Plains, Taylorburgh, WY 80964",2025.0,2026-08-08 12:39:35.057
S000803,Madison,Moody,student803@edupredict.com,03237461060,Male,28,DEP018,Physics,T00035,3,3.49,96.0,Active,"1538 Richmond Expressway Suite 513, Port Jamesport, NH 10548",2026.0,2026-08-08 12:39:35.058
S000804,Brittany,Long,student804@edupredict.com,03874615692,Male,24,DEP013,Electrical Engineering,T00030,2,3.25,86.0,Active,"USS Mendez, FPO AE 24719",2026.0,2026-08-08 12:39:35.059
S000805,Nicole,Ramsey,student805@edupredict.com,03610605345,Female,23,DEP019,Chemistry,T00045,2,3.33,95.0,Active,"33886 Allison Bypass Apt. 162, Joelshire, ME 07030",2024.0,2026-08-08 12:39:35.059
S000806,Alicia,Montgomery,student806@edupredict.com,03577489064,Male,22,DEP008,Accounting,T00002,6,2.58,68.0,Active,"24330 Rhodes Underpass, Christinemouth, VI 55139",2025.0,2026-08-08 12:39:35.060
S000807,Kyle,Allen,student807@edupredict.com,03987731776,Male,25,DEP014,Mechanical Engineering,T00171,3,3.95,59.0,Active,"1265 Samuel Estate, Tylerfort, MH 13761",2024.0,2026-08-08 12:39:35.061
S000808,Jason,Peterson,student808@edupredict.com,03403295183,Male,28,DEP017,Mathematics,T00085,1,3.26,92.0,Active,"8997 Burnett Street, Lynnshire, NE 88925",2022.0,2026-08-08 12:39:35.061
S000809,Ashley,Giles,student809@edupredict.com,03116785427,Male,27,DEP015,Civil Engineering,T00250,3,2.05,60.0,Active,"218 Michael Spur, Port Lisa, HI 25664",2022.0,2026-08-08 12:39:35.062
S000810,Michelle,Vargas,student810@edupredict.com,03483936021,Female,28,DEP020,Biology,T00112,2,2.96,60.0,Active,"130 Bruce Hill, East Josephshire, NY 30382",2026.0,2026-08-08 12:39:35.516
S000811,Patricia,Copeland,student811@edupredict.com,03218643802,Female,20,DEP018,Physics,T00105,3,3.18,92.0,Active,"10946 Mitchell Pines, West Jennifer, NC 76767",2021.0,2026-08-08 12:39:35.516
S000812,Arthur,Thompson,student812@edupredict.com,03140918761,Male,19,DEP013,Electrical Engineering,T00273,6,3.18,96.0,Active,"02660 King Views, Bentonberg, SD 22934",2022.0,2026-08-08 12:39:35.517
S000813,Kathleen,Martin,student813@edupredict.com,03214784838,Male,18,DEP010,Economics,T00168,5,2.3,63.0,Active,"61473 Brian Road Apt. 998, Edwardhaven, OH 53789",2025.0,2026-08-08 12:39:35.518
S000814,Stacey,Edwards,student814@edupredict.com,03898591484,Female,24,DEP011,Marketing,T00222,7,3.37,90.0,Active,"0503 Sandy Mountain Suite 720, Greenchester, PA 12522",2022.0,2026-08-08 12:39:35.519
S000815,Elizabeth,Simmons,student815@edupredict.com,03803916435,Female,28,DEP012,Management,T00094,4,2.08,98.0,Active,"97501 Crystal Locks Suite 619, South Sandramouth, VI 68539",2023.0,2026-08-08 12:39:35.519
S000816,Vincent,Archer,student816@edupredict.com,03941029196,Female,22,DEP005,Data Science,T00052,2,2.93,68.0,Active,"026 Taylor View Suite 563, Danielstad, AL 88502",2025.0,2026-08-08 12:39:35.521
S000817,Craig,Lopez,student817@edupredict.com,03503527180,Female,23,DEP007,Business Administration,T00124,8,2.88,91.0,Active,"47038 Crawford Highway, Harpermouth, CT 76423",2025.0,2026-08-08 12:39:35.521
S000818,Cindy,Hardy,student818@edupredict.com,03496914230,Male,20,DEP005,Data Science,T00027,1,2.77,96.0,Active,"249 Charles Track, Gutierrezville, HI 13012",2021.0,2026-08-08 12:39:35.523
S000819,Eric,Oliver,student819@edupredict.com,03464948898,Male,20,DEP014,Mechanical Engineering,T00049,4,2.24,58.0,Active,"323 Kathryn Trail Suite 227, East Gregoryview, WY 43087",2026.0,2026-08-08 12:39:35.523
S000820,Jennifer,Orozco,student820@edupredict.com,03435923169,Female,18,DEP018,Physics,T00172,1,2.79,89.0,Active,"14423 Edwards Mission Apt. 390, Rachelborough, MO 10263",2025.0,2026-08-08 12:39:35.524
S000821,Paula,Mitchell,student821@edupredict.com,03527288513,Male,25,DEP008,Accounting,T00122,2,2.19,56.0,Active,"USNS Burke, FPO AE 85269",2022.0,2026-08-08 12:39:35.525
S000822,Brett,Taylor,student822@edupredict.com,03211159764,Male,23,DEP008,Accounting,T00226,6,2.23,67.0,Active,"Unit 4268 Box 4658, DPO AA 41725",2024.0,2026-08-08 12:39:35.525
S000823,Timothy,Kim,student823@edupredict.com,03505759767,Female,27,DEP002,Software Engineering,T00145,2,3.25,52.0,Active,"68999 Hall Rest, West Nicholebury, DC 97437",2022.0,2026-08-08 12:39:35.526
S000824,Sheri,Flores,student824@edupredict.com,03227292634,Male,25,DEP019,Chemistry,T00153,4,3.45,83.0,Active,"59594 Hahn Pass, Lake Krystal, WV 15948",2024.0,2026-08-08 12:39:35.527
S000825,Barbara,Hammond,student825@edupredict.com,03577335707,Female,27,DEP006,Cyber Security,T00043,6,3.12,60.0,Active,"6703 Steven Glen, North Johnstad, WV 11790",2023.0,2026-08-08 12:39:35.527
S000826,Melissa,Hunt,student826@edupredict.com,03642345482,Female,28,DEP004,Artificial Intelligence,T00129,2,2.9,56.0,Active,"8713 Mcconnell Groves, West Brendanside, NH 05308",2023.0,2026-08-08 12:39:35.528
S000827,Crystal,Gallegos,student827@edupredict.com,03921317443,Female,21,DEP013,Electrical Engineering,T00066,3,3.44,90.0,Inactive,"35382 Wendy Springs, Wolfeland, KS 22740",2022.0,2026-08-08 12:39:35.529
S000828,James,Mendoza,student828@edupredict.com,03762792312,Male,26,DEP006,Cyber Security,T00282,3,2.99,54.0,Inactive,"52251 Kristen Walks Suite 788, Lawrencetown, IL 62487",2026.0,2026-08-08 12:39:35.529
S000829,Zachary,Riley,student829@edupredict.com,03146530461,Male,18,DEP010,Economics,T00134,8,3.97,76.0,Inactive,"PSC 3050, Box 9277, APO AA 07742",2024.0,2026-08-08 12:39:35.530
S000830,Shane,Mccormick,student830@edupredict.com,03499084939,Male,24,DEP009,Finance,T00279,3,2.62,97.0,Active,"10338 Nguyen Crest, West Brittany, NV 23520",2022.0,2026-08-08 12:39:35.531
S000831,Keith,Roy,student831@edupredict.com,03892365210,Female,21,DEP005,Data Science,T00214,3,3.18,62.0,Inactive,"663 Leon Plains Suite 438, South James, NE 76433",2026.0,2026-08-08 12:39:35.532
S000832,Stacey,Robinson,student832@edupredict.com,03638205797,Male,27,DEP011,Marketing,T00181,7,3.71,68.0,Active,"87068 Adkins Path, Bensonchester, PR 38461",2025.0,2026-08-08 12:39:35.533
S000833,Tyler,Mcgrath,student833@edupredict.com,03797144759,Male,27,DEP017,Mathematics,T00288,7,2.82,58.0,Active,"353 Lauren Loaf, Robertsonberg, GU 36552",2025.0,2026-08-08 12:39:35.534
S000834,Austin,Green,student834@edupredict.com,03954753577,Female,18,DEP005,Data Science,T00027,4,2.39,70.0,Active,"29043 Derek Flat Apt. 075, Georgefort, OK 82598",2025.0,2026-08-08 12:39:35.535
S000835,Daniel,Anderson,student835@edupredict.com,03193159263,Male,24,DEP018,Physics,T00216,3,2.87,94.0,Inactive,"1877 Amanda Squares, New Mariahmouth, CO 10526",2022.0,2026-08-08 12:39:35.535
S000836,Sonya,Rodriguez,student836@edupredict.com,03237519629,Male,18,DEP011,Marketing,T00218,1,2.95,75.0,Active,"9652 Boyd Prairie, Andrewmouth, ND 93340",2022.0,2026-08-08 12:39:35.537
S000837,Miguel,Walters,student837@edupredict.com,03867383196,Female,20,DEP003,Information Technology,T00051,2,2.43,81.0,Active,"6178 John Garden Apt. 738, Yangville, MT 32577",2025.0,2026-08-08 12:39:35.538
S000838,Angela,Martin,student838@edupredict.com,03353672127,Male,19,DEP016,Architecture,T00083,2,2.37,72.0,Inactive,"475 Briggs Glens, Davidfurt, MN 41748",2023.0,2026-08-08 12:39:35.538
S000839,Tony,Ward,student839@edupredict.com,03464214911,Female,23,DEP001,Computer Science,T00187,6,3.68,91.0,Active,"24133 Jeremy Shore Suite 466, South Ellen, WY 01600",2022.0,2026-08-08 12:39:35.539
S000840,Paul,Williams,student840@edupredict.com,03917426774,Male,25,DEP014,Mechanical Engineering,T00086,3,2.04,55.0,Inactive,"0788 Stone Camp, Angelaland, MS 35301",2022.0,2026-08-08 12:39:35.540
S000841,Kelly,Huang,student841@edupredict.com,03429021549,Female,23,DEP011,Marketing,T00011,8,2.28,94.0,Active,"6462 Whitney Light Suite 128, East Markland, WI 37164",2026.0,2026-08-08 12:39:35.541
S000842,Veronica,Brown,student842@edupredict.com,03683087024,Male,28,DEP007,Business Administration,T00124,8,2.52,58.0,Active,"26670 Julie Island Apt. 839, South Carl, NC 35482",2023.0,2026-08-08 12:39:35.541
S000843,Denise,Bentley,student843@edupredict.com,03922069033,Male,21,DEP014,Mechanical Engineering,T00202,2,2.49,98.0,Active,"2429 Campbell Trafficway Apt. 993, West Robertstad, WI 51119",2026.0,2026-08-08 12:39:35.542
S000844,Shelly,Rice,student844@edupredict.com,03916168644,Male,25,DEP001,Computer Science,T00015,4,3.1,64.0,Active,"Unit 2202 Box 8231, DPO AE 16071",2023.0,2026-08-08 12:39:35.542
S000845,Steve,Roach,student845@edupredict.com,03686090953,Female,20,DEP015,Civil Engineering,T00211,5,2.79,83.0,Active,"06422 Smith Parkways Apt. 466, East Karen, MS 69745",2025.0,2026-08-08 12:39:35.543
S000846,Joseph,Perez,student846@edupredict.com,03185372849,Male,22,DEP009,Finance,T00264,2,3.99,54.0,Active,"77051 Dennis Burg Apt. 150, West Jennifer, NC 25752",2024.0,2026-08-08 12:39:35.545
S000847,Andrew,Lawrence,student847@edupredict.com,03194992823,Female,21,DEP018,Physics,T00156,8,3.62,71.0,Active,"0172 Ford Pass Suite 831, New Mariemouth, AR 15773",2024.0,2026-08-08 12:39:35.545
S000848,Catherine,Jones,student848@edupredict.com,03316432223,Female,20,DEP020,Biology,T00179,5,2.78,66.0,Inactive,"6337 Green Cove Suite 822, Martinshire, OR 46019",2022.0,2026-08-08 12:39:35.546
S000849,Vincent,Whitehead,student849@edupredict.com,03370939753,Female,26,DEP005,Data Science,T00199,1,3.87,51.0,Active,"9913 Karina Ridge, Ginaport, WA 80181",2022.0,2026-08-08 12:39:35.547
S000850,Joe,Mcmillan,student850@edupredict.com,03454083425,Male,24,DEP007,Business Administration,T00233,5,3.4,89.0,Inactive,"9624 Gardner Valley, Palmershire, MP 59148",2025.0,2026-08-08 12:39:35.548
S000851,Timothy,Acosta,student851@edupredict.com,03426846109,Female,24,DEP005,Data Science,T00022,4,3.11,83.0,Active,"11701 Arnold Ferry, North Jacksonfort, OR 60633",2024.0,2026-08-08 12:39:35.548
S000852,Alexandra,Martin,student852@edupredict.com,03190623184,Male,28,DEP003,Information Technology,T00074,4,3.2,71.0,Active,"PSC 0275, Box 5493, APO AA 49679",2025.0,2026-08-08 12:39:35.549
S000853,David,Fernandez,student853@edupredict.com,03183724438,Female,20,DEP002,Software Engineering,T00078,3,2.57,85.0,Active,"Unit 3501 Box 3808, DPO AP 75105",2025.0,2026-08-08 12:39:35.549
S000854,Erin,Reeves,student854@edupredict.com,03572657507,Female,22,DEP008,Accounting,T00208,8,3.53,59.0,Active,"709 Roberts Dale, New Vincent, MN 59050",2021.0,2026-08-08 12:39:35.550
S000855,Charles,Wolf,student855@edupredict.com,03819314653,Male,20,DEP002,Software Engineering,T00212,2,2.77,95.0,Active,"12573 Gloria Crest, Priceshire, SC 20590",2024.0,2026-08-08 12:39:35.550
S000856,Connie,Henderson,student856@edupredict.com,03680421892,Male,28,DEP019,Chemistry,T00004,6,2.38,51.0,Active,"2408 Miller Roads, West Mckenzie, NH 41502",2021.0,2026-08-08 12:39:36.776
S000857,David,Brock,student857@edupredict.com,03109649036,Female,20,DEP002,Software Engineering,T00194,5,2.3,74.0,Active,"242 Robert Mission, East Sarah, TN 77992",2024.0,2026-08-08 12:39:36.777
S000858,Edwin,Ellis,student858@edupredict.com,03426577981,Female,27,DEP009,Finance,T00146,2,3.54,86.0,Inactive,"668 Veronica Viaduct Suite 858, Port Dawn, NM 22810",2021.0,2026-08-08 12:39:36.777
S000859,Daniel,Mcgee,student859@edupredict.com,03152926800,Male,21,DEP015,Civil Engineering,T00196,7,2.99,65.0,Active,"49660 Aaron Avenue Suite 058, North Sandra, IN 39395",2023.0,2026-08-08 12:39:36.778
S000860,Pamela,Mendoza,student860@edupredict.com,03330075450,Female,27,DEP016,Architecture,T00189,8,2.98,77.0,Active,"PSC 5298, Box 6390, APO AE 57722",2025.0,2026-08-08 12:39:36.778
S000861,Samantha,Vang,student861@edupredict.com,03326260174,Female,25,DEP019,Chemistry,T00045,7,2.27,90.0,Active,"03150 West Cape, Hallhaven, ID 81880",2021.0,2026-08-08 12:39:36.779
S000862,David,Gonzalez,student862@edupredict.com,03266370864,Male,20,DEP015,Civil Engineering,T00039,6,2.64,55.0,Active,"32559 Kaufman Parks Suite 920, North Rachelview, VI 24344",2025.0,2026-08-08 12:39:36.780
S000863,Austin,Porter,student863@edupredict.com,03427557635,Male,18,DEP004,Artificial Intelligence,T00129,2,2.11,85.0,Active,"USNV Woodward, FPO AE 62591",2022.0,2026-08-08 12:39:36.780
S000864,Carmen,Fowler,student864@edupredict.com,03815173188,Male,28,DEP014,Mechanical Engineering,T00257,6,3.48,82.0,Active,"130 Allen Mountains Apt. 260, Lake Rogerberg, MI 78547",2022.0,2026-08-08 12:39:36.781
S000865,Carly,Gilmore,student865@edupredict.com,03188368422,Female,19,DEP017,Mathematics,T00239,2,2.44,64.0,Active,"914 Owens Tunnel Apt. 454, Port Stevenchester, UT 44981",2023.0,2026-08-08 12:39:36.782
S000866,Vanessa,Johnson,student866@edupredict.com,03565153744,Male,23,DEP015,Civil Engineering,T00025,4,2.89,55.0,Active,"9258 Livingston Rest Suite 203, Lake Justinbury, WI 87317",2024.0,2026-08-08 12:39:36.783
S000867,Crystal,White,student867@edupredict.com,03960486439,Male,25,DEP003,Information Technology,T00244,1,3.62,51.0,Active,"244 Mcdonald Mountain, North Michaelmouth, ME 41455",2026.0,2026-08-08 12:39:36.785
S000868,Michael,Brewer,student868@edupredict.com,03316081413,Male,25,DEP002,Software Engineering,T00212,2,2.64,55.0,Active,"963 Jesus Grove Apt. 676, Barnesbury, MH 94864",2021.0,2026-08-08 12:39:36.786
S000869,Melissa,Bernard,student869@edupredict.com,03295467853,Male,25,DEP015,Civil Engineering,T00252,8,2.37,88.0,Active,"3353 Allen Wells, Sotobury, NV 81611",2022.0,2026-08-08 12:39:36.787
S000870,Allen,Allen,student870@edupredict.com,03750851809,Male,20,DEP014,Mechanical Engineering,T00086,2,2.08,93.0,Active,"6788 Kenneth Pike Apt. 934, Scottville, NV 65789",2023.0,2026-08-08 12:39:36.787
S000871,Stacey,Booth,student871@edupredict.com,03452700383,Male,18,DEP009,Finance,T00076,8,3.79,59.0,Active,"390 Stephens Groves Suite 141, Jessicaport, WA 84671",2024.0,2026-08-08 12:39:36.788
S000872,Tony,Smith,student872@edupredict.com,03158901990,Male,18,DEP019,Chemistry,T00079,4,3.3,79.0,Active,"7853 Pearson Track Suite 424, North Pamela, ND 27842",2026.0,2026-08-08 12:39:36.789
S000873,Carol,Harris,student873@edupredict.com,03357574985,Male,22,DEP002,Software Engineering,T00062,7,2.86,95.0,Active,"Unit 0785 Box 1674, DPO AP 78109",2022.0,2026-08-08 12:39:36.789
S000874,Krista,Ellis,student874@edupredict.com,03952263927,Female,28,DEP011,Marketing,T00075,5,3.31,68.0,Active,"798 Smith Drive Apt. 293, South Tammyville, MN 94068",2026.0,2026-08-08 12:39:36.790
S000875,Patrick,Leach,student875@edupredict.com,03331578243,Male,23,DEP013,Electrical Engineering,T00273,8,2.24,71.0,Active,"2202 Rachel Ridge, East Andrew, IA 70848",2026.0,2026-08-08 12:39:36.791
S000876,Mary,Carter,student876@edupredict.com,03951117553,Female,22,DEP005,Data Science,T00152,5,3.48,54.0,Active,"5073 Debra Mission Suite 558, Danielview, NY 52827",2026.0,2026-08-08 12:39:36.791
S000877,David,Casey,student877@edupredict.com,03721983506,Female,22,DEP016,Architecture,T00184,2,2.68,57.0,Active,"51026 Gordon Stream, New Stevenport, WA 43828",2026.0,2026-08-08 12:39:36.792
S000878,Dana,Cole,student878@edupredict.com,03595280082,Male,24,DEP020,Biology,T00203,3,3.34,91.0,Active,"6902 Nicole Rapid, East Mitchellmouth, NH 38240",2026.0,2026-08-08 12:39:36.793
S000879,John,Brown,student879@edupredict.com,03672327711,Female,19,DEP010,Economics,T00193,4,2.78,60.0,Active,"9637 Robert Forest, Nortonside, GA 15238",2026.0,2026-08-08 12:39:36.793
S000880,Amy,Jones,student880@edupredict.com,03786394469,Male,26,DEP012,Management,T00024,2,3.37,85.0,Active,"8219 Stephenson Corners Suite 032, Port Melissachester, CT 08393",2024.0,2026-08-08 12:39:36.794
S000881,Gabriel,Copeland,student881@edupredict.com,03564507810,Female,28,DEP010,Economics,T00259,8,3.46,54.0,Active,"96986 Andrea River, Contrerasmouth, FM 54616",2025.0,2026-08-08 12:39:36.795
S000882,Marie,Tucker,student882@edupredict.com,03486768902,Male,22,DEP004,Artificial Intelligence,T00285,6,2.37,89.0,Inactive,"45681 Michael Flats Apt. 940, Myersburgh, ND 66075",2021.0,2026-08-08 12:39:36.796
S000883,Deborah,King,student883@edupredict.com,03163026015,Male,22,DEP017,Mathematics,T00108,1,2.56,69.0,Inactive,"63024 Lin Causeway Suite 132, Stephensonview, IN 54224",2022.0,2026-08-08 12:39:36.796
S000884,Cameron,Vincent,student884@edupredict.com,03361794018,Male,21,DEP016,Architecture,T00234,2,2.71,60.0,Active,"544 Lindsey Ports, South Williamton, UT 93939",2024.0,2026-08-08 12:39:36.797
S000885,Garrett,Hogan,student885@edupredict.com,03844460873,Female,18,DEP016,Architecture,T00008,2,2.94,91.0,Active,"8234 Mcconnell Summit Apt. 148, New Connieport, PR 00799",2026.0,2026-08-08 12:39:36.798
S000886,Sean,Hayden,student886@edupredict.com,03544130712,Male,28,DEP019,Chemistry,T00153,8,2.79,97.0,Active,"1806 Kimberly Divide Suite 459, Mooreport, MD 96761",2021.0,2026-08-08 12:39:36.799
S000887,Walter,Woods,student887@edupredict.com,03559831964,Female,26,DEP010,Economics,T00010,1,3.02,63.0,Inactive,"419 Rocha Meadows, New Sheryl, LA 76197",2025.0,2026-08-08 12:39:36.800
S000888,Robert,Brown,student888@edupredict.com,03427120339,Female,25,DEP019,Chemistry,T00079,7,2.1,68.0,Active,"771 James Fork Suite 725, South Michelle, NE 29824",2024.0,2026-08-08 12:39:36.800
S000889,Michael,Morse,student889@edupredict.com,03815205804,Male,24,DEP016,Architecture,T00007,6,2.26,81.0,Active,"973 Sheppard Key, West Miguelburgh, VT 21371",2024.0,2026-08-08 12:39:36.802
S000890,Alexander,Hanson,student890@edupredict.com,03268609189,Female,24,DEP012,Management,T00235,6,2.3,81.0,Active,"5143 Gutierrez Plain Suite 321, Port Connie, MP 63521",2025.0,2026-08-08 12:39:36.802
S000891,Chelsea,Myers,student891@edupredict.com,03431128963,Male,25,DEP014,Mechanical Engineering,T00130,6,2.81,51.0,Active,"USCGC Kennedy, FPO AA 28175",2025.0,2026-08-08 12:39:36.803
S000892,Cathy,Martinez,student892@edupredict.com,03955178363,Female,18,DEP013,Electrical Engineering,T00278,3,2.18,71.0,Active,"565 Rios Fields Suite 305, West Zacharyfurt, UT 36230",2022.0,2026-08-08 12:39:36.804
S000893,John,Fuller,student893@edupredict.com,03518933054,Female,19,DEP018,Physics,T00216,4,3.63,63.0,Active,"USS Hebert, FPO AA 28645",2021.0,2026-08-08 12:39:36.804
S000894,Emily,Atkinson,student894@edupredict.com,03218488758,Female,28,DEP011,Marketing,T00181,3,2.66,54.0,Active,"99525 Shelly Street, Brooksshire, VT 53419",2025.0,2026-08-08 12:39:36.805
S000895,Melanie,Gonzalez,student895@edupredict.com,03153008704,Male,23,DEP014,Mechanical Engineering,T00130,6,3.46,58.0,Inactive,"912 Delacruz Locks, Lake Jacquelinestad, OH 59114",2021.0,2026-08-08 12:39:36.806
S000896,Kathleen,Fritz,student896@edupredict.com,03731827722,Male,20,DEP002,Software Engineering,T00145,2,3.27,50.0,Active,"5370 Charlene Cape, Lake Jenniferfort, PA 22648",2023.0,2026-08-08 12:39:36.806
S000897,Mark,Aguilar,student897@edupredict.com,03656290686,Male,28,DEP003,Information Technology,T00051,2,3.06,56.0,Active,"9978 Martin Shoal, Port Jenniferstad, NY 25063",2026.0,2026-08-08 12:39:36.807
S000898,Christopher,Hall,student898@edupredict.com,03767455289,Female,24,DEP014,Mechanical Engineering,T00092,2,2.36,51.0,Active,"5169 Michael Estates, Davidshire, IL 21099",2024.0,2026-08-08 12:39:36.808
S000899,Danielle,Thompson,student899@edupredict.com,03158388447,Male,21,DEP007,Business Administration,T00124,6,2.94,70.0,Active,"23816 Scott Field Apt. 901, South Ryanberg, VI 41820",2026.0,2026-08-08 12:39:36.809
S000900,Jennifer,Lopez,student900@edupredict.com,03558431823,Male,20,DEP012,Management,T00097,6,3.77,52.0,Active,"7985 Nelson Ferry, Lake Tiffany, MD 17119",2023.0,2026-08-08 12:39:36.809
S000901,Jeffrey,Chapman,student901@edupredict.com,03136981943,Male,21,DEP014,Mechanical Engineering,T00174,4,3.27,81.0,Active,"98102 Jennifer Views Suite 338, East Stephanieshire, IL 99613",2026.0,2026-08-08 12:39:37.194
S000902,Leah,Berry,student902@edupredict.com,03681472049,Female,22,DEP016,Architecture,T00189,5,2.86,90.0,Active,"74768 Dunn Road, North Sandraborough, MS 29882",2021.0,2026-08-08 12:39:37.194
S000903,Tony,Johnson,student903@edupredict.com,03291791458,Male,21,DEP018,Physics,T00156,8,2.38,59.0,Active,"1064 Charles Keys, Lake Calvinfurt, MH 26133",2022.0,2026-08-08 12:39:37.195
S000904,Zachary,Sanders,student904@edupredict.com,03100153340,Female,21,DEP018,Physics,T00035,4,3.32,86.0,Active,"5606 Anthony Mountain, North Kimburgh, AL 63336",2025.0,2026-08-08 12:39:37.196
S000905,Allison,Lara,student905@edupredict.com,03319290852,Female,18,DEP009,Finance,T00178,5,3.63,87.0,Active,"USNS Caldwell, FPO AE 62449",2025.0,2026-08-08 12:39:37.196
S000906,Meredith,Johnson,student906@edupredict.com,03449317254,Female,26,DEP011,Marketing,T00218,2,3.09,54.0,Active,"9814 Juan Ville Apt. 517, West Elizabethview, WY 11476",2025.0,2026-08-08 12:39:37.197
S000907,Caroline,Spence,student907@edupredict.com,03663625553,Male,19,DEP014,Mechanical Engineering,T00174,5,2.57,56.0,Active,"236 Sophia Shores Suite 999, Thompsonfurt, OH 72206",2022.0,2026-08-08 12:39:37.198
S000908,Jane,Avila,student908@edupredict.com,03667559763,Male,19,DEP004,Artificial Intelligence,T00285,1,2.44,64.0,Active,"98211 Mitchell Coves, Lake Patricia, MP 14989",2022.0,2026-08-08 12:39:37.198
S000909,Kathleen,Anderson,student909@edupredict.com,03557707079,Female,24,DEP019,Chemistry,T00128,3,2.78,77.0,Active,"16625 Gardner Camp, Chapmanview, IL 12704",2025.0,2026-08-08 12:39:37.199
S000910,Diane,Grant,student910@edupredict.com,03288506624,Female,22,DEP015,Civil Engineering,T00147,6,2.73,83.0,Active,"4913 Burch Way Apt. 133, Ralphbury, OR 62815",2023.0,2026-08-08 12:39:37.200
S000911,Alison,Landry,student911@edupredict.com,03515016312,Male,27,DEP013,Electrical Engineering,T00273,5,2.55,97.0,Active,"8886 Long Stravenue, Alyssaland, CT 18722",2023.0,2026-08-08 12:39:37.201
S000912,Kimberly,Salas,student912@edupredict.com,03839315365,Female,25,DEP016,Architecture,T00189,5,3.11,84.0,Active,"000 Troy Corner Suite 520, East Valeriechester, FM 60261",2023.0,2026-08-08 12:39:37.203
S000913,Robert,Wood,student913@edupredict.com,03929174325,Female,24,DEP006,Cyber Security,T00276,8,3.92,74.0,Active,"681 Serrano Creek, Susanton, CA 21284",2022.0,2026-08-08 12:39:37.204
S000914,Tammy,Vargas,student914@edupredict.com,03364747598,Female,25,DEP014,Mechanical Engineering,T00049,7,2.72,74.0,Active,"152 Erik Wall Suite 579, East Alanfurt, DE 05034",2023.0,2026-08-08 12:39:37.204
S000915,Cindy,Rodriguez,student915@edupredict.com,03322331514,Male,28,DEP007,Business Administration,T00141,7,2.76,79.0,Active,"390 Davis Alley, West Nicholas, DC 92570",2025.0,2026-08-08 12:39:37.205
S000916,David,Cox,student916@edupredict.com,03622369763,Female,27,DEP020,Biology,T00127,2,3.9,95.0,Active,"Unit 4384 Box 2237, DPO AP 95452",2026.0,2026-08-08 12:39:37.206
S000917,Rebecca,Rose,student917@edupredict.com,03857513374,Male,28,DEP018,Physics,T00156,5,2.78,53.0,Active,"Unit 2611 Box 3795, DPO AA 03739",2021.0,2026-08-08 12:39:37.206
S000918,Carrie,Barrett,student918@edupredict.com,03216150677,Female,18,DEP020,Biology,T00203,5,2.07,87.0,Inactive,"657 Amanda Way, Schwartzmouth, VA 55563",2021.0,2026-08-08 12:39:37.207
S000919,Stacy,Bauer,student919@edupredict.com,03580142889,Male,23,DEP019,Chemistry,T00044,8,3.25,82.0,Active,"5447 Martinez Parkway, East Crystal, PA 62631",2024.0,2026-08-08 12:39:37.207
S000920,Deborah,Wang,student920@edupredict.com,03131764945,Male,26,DEP019,Chemistry,T00198,3,3.74,71.0,Active,"654 Blevins Ports Apt. 540, Port Steven, IA 24574",2024.0,2026-08-08 12:39:37.208
S000921,Krystal,Herrera,student921@edupredict.com,03303306266,Male,23,DEP003,Information Technology,T00135,5,2.58,67.0,Active,"0886 Walters Villages, South Donald, KY 09218",2024.0,2026-08-08 12:39:37.209
S000922,Michael,Carr,student922@edupredict.com,03477352461,Male,20,DEP005,Data Science,T00262,6,2.44,60.0,Active,"3693 Christopher Vista Suite 658, South Georgemouth, PR 76119",2024.0,2026-08-08 12:39:37.210
S000923,Chris,Martinez,student923@edupredict.com,03233347656,Female,28,DEP020,Biology,T00080,2,3.32,74.0,Active,"564 Donna Circle Suite 543, Lake Terrance, TX 49369",2023.0,2026-08-08 12:39:37.210
S000924,Ashley,Morris,student924@edupredict.com,03814550902,Male,18,DEP001,Computer Science,T00028,5,2.22,52.0,Active,"057 Judith Orchard, North Leah, WI 10493",2026.0,2026-08-08 12:39:37.211
S000925,Andrew,Wade,student925@edupredict.com,03605471289,Male,20,DEP008,Accounting,T00055,4,2.93,76.0,Active,"72963 Mary Street Apt. 058, East Christopher, WV 55571",2024.0,2026-08-08 12:39:37.212
S000926,Kelsey,Johnson,student926@edupredict.com,03219711642,Male,27,DEP018,Physics,T00204,7,3.24,84.0,Active,"6362 Le Mill Suite 300, Jonesville, ID 92989",2025.0,2026-08-08 12:39:37.213
S000927,Nicholas,Lopez,student927@edupredict.com,03569417031,Male,26,DEP005,Data Science,T00228,6,3.44,59.0,Active,"526 Bradford Pine, Grimestown, UT 50944",2025.0,2026-08-08 12:39:37.214
S000928,William,Smith,student928@edupredict.com,03177887038,Male,22,DEP010,Economics,T00255,8,3.08,72.0,Active,"72148 Julie Land Suite 546, Kristenfort, ME 54236",2024.0,2026-08-08 12:39:37.215
S000929,Michael,Harrison,student929@edupredict.com,03117472172,Male,20,DEP010,Economics,T00193,8,2.15,86.0,Active,"21237 Mcpherson Points Suite 438, Schmittside, AL 13765",2024.0,2026-08-08 12:39:37.215
S000930,Amanda,Ramirez,student930@edupredict.com,03736723932,Male,18,DEP017,Mathematics,T00077,6,2.93,72.0,Active,"1832 Christy Crossing, Lake Annaland, NY 28775",2021.0,2026-08-08 12:39:37.216
S000931,William,Watts,student931@edupredict.com,03920341401,Male,26,DEP001,Computer Science,T00231,5,3.83,75.0,Active,"69030 Acosta Parks, Gravesstad, SD 83592",2023.0,2026-08-08 12:39:37.217
S000932,Scott,Silva,student932@edupredict.com,03211606059,Female,28,DEP002,Software Engineering,T00212,7,2.78,81.0,Active,"8617 Nunez Mission, Christinamouth, WA 83996",2023.0,2026-08-08 12:39:37.218
S000933,Daniel,Young,student933@edupredict.com,03404228472,Female,28,DEP002,Software Engineering,T00001,5,2.38,75.0,Active,"11549 Nicole Brook Apt. 871, Port Joseph, WY 77163",2021.0,2026-08-08 12:39:37.219
S000934,Justin,Gutierrez,student934@edupredict.com,03664499824,Male,26,DEP009,Finance,T00146,8,3.91,69.0,Inactive,"8130 Kevin Ridge Suite 794, Port Mauricebury, NY 91781",2026.0,2026-08-08 12:39:37.220
S000935,Anthony,Harrington,student935@edupredict.com,03342433550,Male,25,DEP004,Artificial Intelligence,T00290,1,3.29,99.0,Active,"858 Sanders Drive Apt. 413, Rebeccaport, GA 01408",2025.0,2026-08-08 12:39:37.220
S000936,Andrea,White,student936@edupredict.com,03923729007,Male,28,DEP020,Biology,T00140,6,3.78,59.0,Active,"369 Castillo Island, Murrayhaven, MN 81684",2026.0,2026-08-08 12:39:37.221
S000937,Barbara,Smith,student937@edupredict.com,03553252689,Male,22,DEP009,Finance,T00082,2,3.81,73.0,Active,"166 Kathryn Parks, Elizabethtown, MI 50205",2024.0,2026-08-08 12:39:37.222
S000938,Wendy,Mosley,student938@edupredict.com,03162048911,Female,20,DEP003,Information Technology,T00111,8,2.04,72.0,Active,"701 Parker Mount Suite 211, Leeshire, VA 74624",2022.0,2026-08-08 12:39:37.223
S000939,Stephanie,Sims,student939@edupredict.com,03491534943,Male,23,DEP018,Physics,T00016,2,3.96,51.0,Active,"78861 John Cove Apt. 298, West Troy, WI 20334",2026.0,2026-08-08 12:39:37.224
S000940,John,Berg,student940@edupredict.com,03838576654,Male,20,DEP002,Software Engineering,T00292,4,3.9,71.0,Active,"07378 Dawson Trafficway Suite 434, Sandraton, SC 40328",2024.0,2026-08-08 12:39:37.224
S000941,Nicholas,Graham,student941@edupredict.com,03674619639,Female,25,DEP017,Mathematics,T00048,4,3.94,69.0,Active,"889 Mejia Ports, New Joseph, IL 91180",2024.0,2026-08-08 12:39:37.225
S000942,Mark,Wilson,student942@edupredict.com,03833451012,Male,27,DEP018,Physics,T00154,4,3.6,65.0,Active,"0759 Small Mall, Dunnfurt, NH 02307",2025.0,2026-08-08 12:39:37.226
S000943,Marc,Barnes,student943@edupredict.com,03262105296,Male,28,DEP020,Biology,T00034,8,3.25,88.0,Active,"9170 Jacob Village Apt. 997, Port Amyville, SC 23834",2026.0,2026-08-08 12:39:37.227
S000944,Megan,Burke,student944@edupredict.com,03155298803,Male,26,DEP010,Economics,T00293,1,2.79,70.0,Active,"PSC 4946, Box 7413, APO AE 04079",2021.0,2026-08-08 12:39:37.227
S000945,Nicholas,Mendez,student945@edupredict.com,03538216076,Male,21,DEP003,Information Technology,T00220,5,2.73,51.0,Active,"6851 Patrick Crossroad, Port Tonya, MH 81571",2024.0,2026-08-08 12:39:38.572
S000946,Jacqueline,Valenzuela,student946@edupredict.com,03500980753,Female,19,DEP019,Chemistry,T00128,3,2.04,53.0,Active,"800 Thomas Estate, Crystaltown, MA 12897",2021.0,2026-08-08 12:39:38.573
S000947,George,Garrison,student947@edupredict.com,03936874820,Male,21,DEP005,Data Science,T00068,1,3.11,61.0,Active,"4369 Thomas Gardens Suite 045, Lydiaborough, KS 48335",2023.0,2026-08-08 12:39:38.574
S000948,Bonnie,Fisher,student948@edupredict.com,03831754121,Female,21,DEP003,Information Technology,T00012,2,3.54,87.0,Active,"611 Elizabeth Course Suite 355, Pattersonberg, VT 54195",2024.0,2026-08-08 12:39:38.574
S000949,Katherine,Cooper,student949@edupredict.com,03211702738,Male,21,DEP002,Software Engineering,T00136,4,3.17,72.0,Active,"68888 Lewis Forks, Kimberlymouth, OR 30994",2025.0,2026-08-08 12:39:38.575
S000950,Yvonne,Taylor,student950@edupredict.com,03470919717,Male,28,DEP006,Cyber Security,T00169,1,2.29,98.0,Active,"Unit 0793 Box 4411, DPO AA 16160",2024.0,2026-08-08 12:39:38.576
S000951,Travis,Cook,student951@edupredict.com,03744766899,Female,24,DEP003,Information Technology,T00220,1,3.84,92.0,Active,"USNS Stevenson, FPO AE 90286",2022.0,2026-08-08 12:39:38.576
S000952,Kathryn,Santos,student952@edupredict.com,03482903987,Female,26,DEP009,Finance,T00264,5,3.38,63.0,Active,"9441 Steven Land Suite 840, Waynehaven, SD 04128",2021.0,2026-08-08 12:39:38.577
S000953,Anthony,Jones,student953@edupredict.com,03930255822,Female,28,DEP014,Mechanical Engineering,T00243,6,2.74,85.0,Active,"657 Jenkins Station Apt. 824, Victoriaborough, KS 32615",2026.0,2026-08-08 12:39:38.578
S000954,Jordan,Cole,student954@edupredict.com,03323843919,Female,18,DEP002,Software Engineering,T00194,7,2.32,79.0,Active,"7011 Jose Village, North Darren, CA 86511",2022.0,2026-08-08 12:39:38.578
S000955,Nicole,Kelly,student955@edupredict.com,03934747704,Male,24,DEP009,Finance,T00146,5,3.97,91.0,Active,"360 James Islands, Amberbury, MS 04421",2023.0,2026-08-08 12:39:38.580
S000956,Andrew,Munoz,student956@edupredict.com,03974102413,Female,23,DEP003,Information Technology,T00163,2,3.97,82.0,Active,"72240 Spencer Expressway Suite 067, New Kurt, AK 96950",2021.0,2026-08-08 12:39:38.580
S000957,Christina,Alexander,student957@edupredict.com,03727678333,Female,27,DEP013,Electrical Engineering,T00119,5,2.56,56.0,Active,"043 Matthew Harbors Suite 268, Lake Joshua, VI 05620",2026.0,2026-08-08 12:39:38.581
S000958,Christopher,Hudson,student958@edupredict.com,03753140636,Female,18,DEP020,Biology,T00116,6,2.63,85.0,Active,"0160 Cook Village Suite 228, Mannton, MO 43923",2023.0,2026-08-08 12:39:38.582
S000959,Stephanie,Cook,student959@edupredict.com,03223514977,Male,18,DEP009,Finance,T00120,6,2.51,72.0,Active,"9810 Martin Turnpike Suite 861, Lake Rachelmouth, DE 88918",2026.0,2026-08-08 12:39:38.583
S000960,James,Gomez,student960@edupredict.com,03201888760,Female,22,DEP004,Artificial Intelligence,T00237,4,3.68,60.0,Active,"383 Jessica Forest Apt. 809, Kristenview, PW 50909",2026.0,2026-08-08 12:39:38.584
S000961,Shannon,Mckinney,student961@edupredict.com,03881675663,Male,20,DEP014,Mechanical Engineering,T00033,1,2.49,91.0,Active,"948 Powell Center Apt. 126, Robertsside, NY 23418",2021.0,2026-08-08 12:39:38.585
S000962,Angel,Morris,student962@edupredict.com,03976984003,Male,22,DEP016,Architecture,T00234,5,2.59,90.0,Active,"346 Thornton Crossroad, Port Rachel, MA 32318",2023.0,2026-08-08 12:39:38.585
S000963,Kevin,Allen,student963@edupredict.com,03606236542,Male,27,DEP016,Architecture,T00007,6,3.02,63.0,Active,"67096 Joy Spurs Suite 272, Mariemouth, MT 92340",2025.0,2026-08-08 12:39:38.586
S000964,Matthew,Perkins,student964@edupredict.com,03522720672,Female,21,DEP008,Accounting,T00055,2,2.81,60.0,Active,"18479 Perez Islands, Griffinfort, MP 88500",2023.0,2026-08-08 12:39:38.587
S000965,Michele,Mcclain,student965@edupredict.com,03335995086,Female,27,DEP015,Civil Engineering,T00059,5,3.6,69.0,Active,"12247 Bolton Roads, Murrayland, LA 84361",2022.0,2026-08-08 12:39:38.588
S000966,Andrew,Griffin,student966@edupredict.com,03448577814,Female,22,DEP003,Information Technology,T00074,8,2.84,62.0,Inactive,"616 Roberts Trail Suite 264, Clarkport, GU 70362",2024.0,2026-08-08 12:39:38.588
S000967,Nathan,Bates,student967@edupredict.com,03110170855,Male,27,DEP014,Mechanical Engineering,T00299,6,2.53,96.0,Active,"581 David Fords Apt. 734, Port Nataliehaven, OK 97439",2023.0,2026-08-08 12:39:38.589
S000968,Elizabeth,Brown,student968@edupredict.com,03235331281,Female,19,DEP009,Finance,T00082,2,2.7,97.0,Active,"46726 Jasmine Brooks, Edwardhaven, TX 15473",2024.0,2026-08-08 12:39:38.590
S000969,Stanley,Howard,student969@edupredict.com,03967737585,Male,20,DEP005,Data Science,T00027,4,2.88,83.0,Active,"20591 Ferguson Squares Suite 621, Kaylamouth, AZ 61528",2025.0,2026-08-08 12:39:38.591
S000970,Bradley,Davis,student970@edupredict.com,03135806066,Male,23,DEP012,Management,T00117,3,2.2,100.0,Active,"78739 Cole Port Apt. 267, Lawrenceside, GA 12140",2023.0,2026-08-08 12:39:38.591
S000971,Isaac,Norris,student971@edupredict.com,03976790358,Female,20,DEP004,Artificial Intelligence,T00070,3,3.59,59.0,Active,"81197 Jessica Square Suite 519, Christinetown, WA 00720",2024.0,2026-08-08 12:39:38.592
S000972,Regina,Cervantes,student972@edupredict.com,03431841352,Female,19,DEP011,Marketing,T00038,2,3.55,93.0,Active,"595 Larsen Expressway Apt. 006, Luisberg, NM 15284",2026.0,2026-08-08 12:39:38.593
S000973,Erik,Jones,student973@edupredict.com,03308863655,Female,20,DEP010,Economics,T00072,3,3.87,82.0,Active,"81447 Joshua Mills Suite 321, Donnaton, CA 87134",2026.0,2026-08-08 12:39:38.594
S000974,Ashley,Ochoa,student974@edupredict.com,03905633461,Male,21,DEP011,Marketing,T00181,8,2.41,67.0,Active,"02999 Jimenez Ridges Suite 241, Rodriguezside, DE 98846",2026.0,2026-08-08 12:39:38.594
S000975,Kenneth,Schultz,student975@edupredict.com,03827056231,Female,26,DEP016,Architecture,T00189,8,3.05,90.0,Inactive,"0427 Anderson Via Apt. 753, East Amy, FL 46952",2024.0,2026-08-08 12:39:38.595
S000976,Jason,Garcia,student976@edupredict.com,03454496907,Male,21,DEP019,Chemistry,T00274,7,3.22,55.0,Active,"22190 Thomas Land Suite 486, Greenberg, AZ 92608",2022.0,2026-08-08 12:39:38.596
S000977,Evan,Spencer,student977@edupredict.com,03125321270,Female,19,DEP007,Business Administration,T00275,5,3.55,68.0,Active,"760 Garcia Circles Suite 512, Jaredbury, WY 92865",2025.0,2026-08-08 12:39:38.597
S000978,Jessica,Wilson,student978@edupredict.com,03738335788,Male,26,DEP005,Data Science,T00228,6,2.9,97.0,Active,"2100 Makayla Shore Apt. 959, Willisfort, OK 50534",2025.0,2026-08-08 12:39:38.597
S000979,Robin,Sanchez,student979@edupredict.com,03968134577,Female,19,DEP019,Chemistry,T00153,3,3.1,50.0,Inactive,"09129 Michael Gardens Suite 721, East Michael, SD 35773",2024.0,2026-08-08 12:39:38.598
S000980,Kimberly,Valdez,student980@edupredict.com,03613880571,Female,23,DEP011,Marketing,T00222,6,3.84,77.0,Active,"PSC 5178, Box 5216, APO AE 22394",2023.0,2026-08-08 12:39:38.598
S000981,Isaac,Strickland,student981@edupredict.com,03335786654,Male,27,DEP015,Civil Engineering,T00104,3,2.49,53.0,Active,"658 Michael Pine, Lake Jessicastad, MS 64088",2026.0,2026-08-08 12:39:38.599
S000982,John,Carter,student982@edupredict.com,03704681749,Male,26,DEP003,Information Technology,T00247,7,3.64,73.0,Active,"5168 Crystal Views Apt. 332, East Matthewport, AZ 04025",2025.0,2026-08-08 12:39:38.600
S000983,Dustin,Davis,student983@edupredict.com,03461824530,Female,21,DEP009,Finance,T00178,1,2.22,80.0,Active,"0400 Lynn Fall Suite 894, Bergerborough, ME 79549",2021.0,2026-08-08 12:39:38.602
S000984,Nicolas,Chen,student984@edupredict.com,03742514031,Female,27,DEP012,Management,T00102,3,2.65,57.0,Active,"2317 Evans Parkways Suite 284, Lucasland, MD 45054",2021.0,2026-08-08 12:39:38.603
S000985,Jessica,Kelly,student985@edupredict.com,03287779182,Female,28,DEP014,Mechanical Engineering,T00299,8,2.58,79.0,Active,"409 Ruiz Cape Suite 279, Millerstad, NV 55389",2023.0,2026-08-08 12:39:38.604
S000986,Reginald,Jackson,student986@edupredict.com,03812439446,Female,24,DEP014,Mechanical Engineering,T00219,3,3.18,62.0,Active,"6542 Karen Square, North Phillip, MT 65064",2022.0,2026-08-08 12:39:38.605
S000987,Heidi,Miles,student987@edupredict.com,03846523033,Female,27,DEP006,Cyber Security,T00113,2,2.73,84.0,Active,"38573 Catherine Isle, New Jennifer, GA 75711",2023.0,2026-08-08 12:39:38.605
S000988,Maureen,Andrade,student988@edupredict.com,03338340633,Female,23,DEP019,Chemistry,T00045,2,3.92,70.0,Active,"41033 Richard Fields Suite 843, Port Calvinmouth, MD 68321",2024.0,2026-08-08 12:39:38.606
S000989,Michael,Brooks,student989@edupredict.com,03586171046,Female,25,DEP003,Information Technology,T00099,1,3.89,76.0,Active,"30883 Smith Plaza Suite 047, Port Jeremy, DE 87744",2022.0,2026-08-08 12:39:39.093
S000990,Stephanie,Trujillo,student990@edupredict.com,03891377196,Male,25,DEP011,Marketing,T00218,7,3.99,53.0,Active,"773 Avila Isle, Wrightborough, MD 60122",2023.0,2026-08-08 12:39:39.094
S000991,Amanda,Young,student991@edupredict.com,03271884150,Female,26,DEP001,Computer Science,T00253,4,3.61,54.0,Active,"04040 Hughes Route Suite 882, Garciaside, WA 66208",2023.0,2026-08-08 12:39:39.095
S000992,Jerry,Johnson,student992@edupredict.com,03244513737,Male,23,DEP004,Artificial Intelligence,T00290,7,2.15,83.0,Active,"52094 Charlotte Mission, Jonesberg, DC 56513",2024.0,2026-08-08 12:39:39.095
S000993,Traci,Howard,student993@edupredict.com,03408247291,Female,21,DEP003,Information Technology,T00042,4,2.64,83.0,Active,"71071 Ponce Avenue Apt. 287, Nicolefurt, KS 68143",2026.0,2026-08-08 12:39:39.096
S000994,Kirsten,Marquez,student994@edupredict.com,03571187218,Male,27,DEP017,Mathematics,T00077,1,3.35,54.0,Active,"0339 Munoz Hill, Port Timothy, VA 12934",2023.0,2026-08-08 12:39:39.097
S000995,Shane,Huerta,student995@edupredict.com,03508068297,Male,21,DEP006,Cyber Security,T00277,1,3.65,63.0,Inactive,"108 Woodward Turnpike, Paulland, MT 94897",2025.0,2026-08-08 12:39:39.098
S000996,Joshua,Benton,student996@edupredict.com,03667730884,Female,23,DEP001,Computer Science,T00060,2,3.73,81.0,Active,"942 Christian Manor Suite 135, Lake Leon, CT 30153",2023.0,2026-08-08 12:39:39.100
S000997,Nathan,Wright,student997@edupredict.com,03561497449,Male,23,DEP019,Chemistry,T00044,2,2.45,52.0,Active,"5714 Fred Mountains Suite 875, Robersonburgh, CT 66367",2025.0,2026-08-08 12:39:39.101
S000998,Jessica,Gibson,student998@edupredict.com,03365466287,Male,22,DEP019,Chemistry,T00005,1,3.13,64.0,Active,"0436 Stewart Locks Suite 961, Ayersberg, MP 23089",2022.0,2026-08-08 12:39:39.102
S000999,Diana,Elliott,student999@edupredict.com,03492302387,Female,27,DEP014,Mechanical Engineering,T00200,8,2.05,74.0,Active,"03058 Martinez Cove Apt. 810, Flowersshire, CA 62154",2021.0,2026-08-08 12:39:39.102
S001000,Brian,Davis,student1000@edupredict.com,03932234637,Female,18,DEP002,Software Engineering,T00145,2,2.93,80.0,Inactive,"0717 Candace Track Apt. 139, East Stephanieview, TN 61734",2021.0,2026-08-08 12:39:39.103
S001001,Jennifer,Ramos,student1001@edupredict.com,03956629774,Female,21,DEP015,Civil Engineering,T00020,2,3.43,83.0,Active,"5331 Vanessa River, Christopherstad, NY 04857",2026.0,2026-08-08 12:39:39.104
S001002,Matthew,Daniel,student1002@edupredict.com,03760080514,Female,20,DEP014,Mechanical Engineering,T00238,2,3.09,72.0,Active,"64143 Stone Forest, Doyleshire, NJ 39646",2021.0,2026-08-08 12:39:39.104
S001003,Alexander,Clark,student1003@edupredict.com,03611626516,Male,21,DEP019,Chemistry,T00005,1,2.48,52.0,Active,"USNS Harris, FPO AE 30150",2026.0,2026-08-08 12:39:39.105
S001004,Robert,Wilson,student1004@edupredict.com,03278842202,Female,23,DEP004,Artificial Intelligence,T00129,3,2.6,54.0,Inactive,"2631 Kathleen Shore Suite 585, Rosalesview, IA 43785",2026.0,2026-08-08 12:39:39.106
S001005,Bradley,Pearson,student1005@edupredict.com,03429983911,Female,19,DEP010,Economics,T00255,2,2.76,92.0,Active,"2688 Bowen Union, Maryshire, AS 06896",2024.0,2026-08-08 12:39:39.107
S001006,Scott,Whitehead,student1006@edupredict.com,03973300875,Female,25,DEP019,Chemistry,T00004,1,2.01,52.0,Active,"0077 Melinda Summit, Edwardsview, GA 78382",2021.0,2026-08-08 12:39:39.108
S001007,Leslie,Mullen,student1007@edupredict.com,03113397848,Female,21,DEP020,Biology,T00116,8,2.47,62.0,Active,"95355 Jason Mission, Jillianbury, SC 49354",2023.0,2026-08-08 12:39:39.108
S001008,Margaret,Olson,student1008@edupredict.com,03896317110,Female,22,DEP011,Marketing,T00038,1,3.54,64.0,Active,"122 Scott Road, Amandamouth, WV 94089",2025.0,2026-08-08 12:39:39.109
S001009,Brandon,Hancock,student1009@edupredict.com,03113355520,Male,21,DEP002,Software Engineering,T00101,6,3.27,98.0,Active,"17397 Micheal Village Apt. 592, Cortezland, MT 46292",2021.0,2026-08-08 12:39:39.110
S001010,Carol,Orozco,student1010@edupredict.com,03301142579,Female,22,DEP020,Biology,T00162,5,3.52,68.0,Active,"4099 Joe Crest Apt. 461, South Michael, VA 79873",2025.0,2026-08-08 12:39:39.110
S001011,Kristine,Johnson,student1011@edupredict.com,03298605645,Male,19,DEP007,Business Administration,T00014,5,2.57,50.0,Active,"81917 Smith Glens Apt. 803, West Jameshaven, DE 82575",2022.0,2026-08-08 12:39:39.111
S001012,Ashley,Morales,student1012@edupredict.com,03929853689,Male,21,DEP007,Business Administration,T00036,7,3.48,59.0,Active,"40343 Walters Stream, East Paulmouth, FM 18930",2022.0,2026-08-08 12:39:39.112
S001013,Kathryn,King,student1013@edupredict.com,03459974101,Male,27,DEP010,Economics,T00155,7,2.98,67.0,Active,"555 Ashley Vista Suite 083, South Courtneyside, FM 08519",2022.0,2026-08-08 12:39:39.113
S001014,Timothy,Gilmore,student1014@edupredict.com,03224103269,Male,24,DEP019,Chemistry,T00040,2,2.13,73.0,Active,"44957 Lopez Courts, Obrienchester, TN 94932",2022.0,2026-08-08 12:39:39.113
S001015,Douglas,Glover,student1015@edupredict.com,03802211820,Female,26,DEP005,Data Science,T00022,7,2.16,56.0,Active,"683 Melton Junction, Kleinmouth, GU 11826",2023.0,2026-08-08 12:39:39.114
S001016,Robin,Stewart,student1016@edupredict.com,03520563440,Male,26,DEP013,Electrical Engineering,T00269,4,2.78,73.0,Active,"86143 Cook Union Apt. 066, West Austinville, FL 29655",2023.0,2026-08-08 12:39:39.115
S001017,Jermaine,Dennis,student1017@edupredict.com,03123857156,Male,21,DEP013,Electrical Engineering,T00066,3,3.6,57.0,Active,"466 Corey Wall Apt. 637, Lake Jeffrey, NC 58493",2023.0,2026-08-08 12:39:39.124
S001018,Xavier,Brewer,student1018@edupredict.com,03798601131,Female,20,DEP016,Architecture,T00234,5,3.59,98.0,Active,"914 James Neck, Michaelfurt, CO 89830",2022.0,2026-08-08 12:39:39.124
S001019,Elizabeth,Thompson,student1019@edupredict.com,03387042243,Male,22,DEP015,Civil Engineering,T00182,5,2.78,69.0,Active,"63944 Martin Vista, Brittneytown, MH 05653",2023.0,2026-08-08 12:39:39.125
S001020,Troy,Perez,student1020@edupredict.com,03425554031,Female,18,DEP003,Information Technology,T00042,4,3.17,99.0,Active,"82337 Phillips Summit Suite 123, North James, IL 03311",2025.0,2026-08-08 12:39:39.126
S001021,Amy,Andersen,student1021@edupredict.com,03527108062,Female,19,DEP016,Architecture,T00008,3,2.77,53.0,Active,"80046 Jones Ports Apt. 464, Port Melissachester, AK 41379",2024.0,2026-08-08 12:39:39.127
S001022,Gerald,Cervantes,student1022@edupredict.com,03526460215,Female,20,DEP009,Finance,T00279,6,3.75,58.0,Inactive,"320 Daniels Run, West Cynthiaton, ID 86611",2021.0,2026-08-08 12:39:39.127
S001023,Jerry,Walker,student1023@edupredict.com,03336276068,Male,23,DEP015,Civil Engineering,T00170,2,2.86,81.0,Active,"15412 Ward Lock Apt. 661, Scottville, GA 73758",2024.0,2026-08-08 12:39:39.128
S001024,Regina,Rodriguez,student1024@edupredict.com,03245442557,Male,28,DEP013,Electrical Engineering,T00050,4,3.29,63.0,Active,"3716 Cox Spurs Suite 824, Thomasville, DC 22825",2023.0,2026-08-08 12:39:39.129
S001025,Michael,Carter,student1025@edupredict.com,03339641706,Male,25,DEP003,Information Technology,T00042,5,2.74,74.0,Active,"3485 Eric Crossroad Suite 707, South Hannah, WA 04530",2025.0,2026-08-08 12:39:39.130
S001026,Shawn,Reed,student1026@edupredict.com,03605800719,Male,25,DEP019,Chemistry,T00153,7,3.45,76.0,Active,"880 Tammy Route, New Mariaton, OH 75006",2024.0,2026-08-08 12:39:39.130
S001027,William,Hughes,student1027@edupredict.com,03318935964,Male,20,DEP005,Data Science,T00287,1,2.25,54.0,Inactive,"1424 Jacqueline Islands, Berryhaven, IL 30753",2025.0,2026-08-08 12:39:39.131
S001028,Charles,Powers,student1028@edupredict.com,03729304161,Female,18,DEP015,Civil Engineering,T00196,5,2.87,76.0,Inactive,"53732 Carter Divide Suite 764, East Jason, AK 27875",2022.0,2026-08-08 12:39:39.132
S001029,Robert,Morrow,student1029@edupredict.com,03679157847,Male,23,DEP005,Data Science,T00287,4,2.71,73.0,Active,"Unit 9106 Box 7143, DPO AE 91994",2022.0,2026-08-08 12:39:39.133
S001030,Keith,Carter,student1030@edupredict.com,03130699979,Male,25,DEP018,Physics,T00016,5,2.92,54.0,Active,"Unit 7874 Box 5287, DPO AA 18385",2026.0,2026-08-08 12:39:39.133
S001031,Laura,Wilson,student1031@edupredict.com,03755441283,Female,21,DEP003,Information Technology,T00042,5,3.45,83.0,Inactive,"20685 Anthony Viaduct, Port Jodyhaven, KY 36143",2025.0,2026-08-08 12:39:39.134
S001032,Mark,Smith,student1032@edupredict.com,03684916863,Female,22,DEP008,Accounting,T00208,3,2.14,90.0,Active,"4069 Walters Keys, West Jeffrey, NM 25623",2025.0,2026-08-08 12:39:40.304
S001033,Michelle,Scott,student1033@edupredict.com,03636669493,Male,21,DEP014,Mechanical Engineering,T00092,5,2.88,80.0,Active,"Unit 9277 Box 2290, DPO AE 11646",2025.0,2026-08-08 12:39:40.305
S001034,Nathan,Fuentes,student1034@edupredict.com,03475270288,Male,25,DEP003,Information Technology,T00099,4,3.08,69.0,Active,"2981 Vega Port, Gregside, RI 04655",2026.0,2026-08-08 12:39:40.306
S001035,Matthew,Stark,student1035@edupredict.com,03216376390,Female,20,DEP002,Software Engineering,T00145,8,3.55,94.0,Active,"667 Rose Hollow, New Jennifer, MD 12983",2021.0,2026-08-08 12:39:40.307
S001036,Lisa,Vargas,student1036@edupredict.com,03976066820,Female,21,DEP010,Economics,T00271,6,3.9,69.0,Active,"712 Avery Ville, Susanbury, OR 85465",2021.0,2026-08-08 12:39:40.307
S001037,Donna,Brown,student1037@edupredict.com,03865859427,Male,24,DEP005,Data Science,T00283,4,3.32,95.0,Active,"PSC 9291, Box 1900, APO AA 09184",2025.0,2026-08-08 12:39:40.308
S001038,Ashley,Grant,student1038@edupredict.com,03263303386,Male,26,DEP014,Mechanical Engineering,T00219,8,2.23,63.0,Inactive,"592 Moore Wall, Lake Daniel, PA 44683",2026.0,2026-08-08 12:39:40.308
S001039,Michael,Jackson,student1039@edupredict.com,03534397500,Male,27,DEP009,Finance,T00076,8,2.17,70.0,Active,"0642 Stephanie Rest, Carlfurt, NC 89094",2024.0,2026-08-08 12:39:40.309
S001040,Dillon,Russell,student1040@edupredict.com,03243779545,Female,24,DEP014,Mechanical Engineering,T00086,3,2.46,94.0,Active,"7163 Nguyen Island Suite 295, Lake Davidchester, FL 26802",2024.0,2026-08-08 12:39:40.310
S001041,Austin,David,student1041@edupredict.com,03881699097,Male,25,DEP017,Mathematics,T00144,8,2.49,86.0,Active,"560 Johnson Mill Apt. 668, East Crystalville, MT 89485",2025.0,2026-08-08 12:39:40.311
S001042,Pamela,Klein,student1042@edupredict.com,03603580512,Female,25,DEP009,Finance,T00146,3,2.76,100.0,Active,"284 Davis Summit Apt. 506, Bowersberg, WI 56845",2025.0,2026-08-08 12:39:40.311
S001043,Ashley,Richards,student1043@edupredict.com,03115418987,Female,23,DEP001,Computer Science,T00089,5,3.51,90.0,Active,"92208 Blake Divide, South Tiffany, CT 60387",2024.0,2026-08-08 12:39:40.312
S001044,Felicia,Roberts,student1044@edupredict.com,03600809375,Female,27,DEP004,Artificial Intelligence,T00150,4,3.55,92.0,Active,"USS Carter, FPO AE 92245",2025.0,2026-08-08 12:39:40.313
S001045,Lisa,Donovan,student1045@edupredict.com,03849992248,Female,27,DEP002,Software Engineering,T00295,8,4.0,78.0,Active,"523 Browning Circles, West Kimberlyshire, MT 07000",2026.0,2026-08-08 12:39:40.313
S001046,David,York,student1046@edupredict.com,03166376479,Male,25,DEP006,Cyber Security,T00282,8,2.74,99.0,Active,"840 Martin Station Suite 155, North Brittanyview, NJ 83479",2021.0,2026-08-08 12:39:40.316
S001047,Nicholas,Williams,student1047@edupredict.com,03993371514,Female,27,DEP009,Finance,T00209,3,3.34,63.0,Active,"688 Delgado Road, Port Philip, RI 90481",2023.0,2026-08-08 12:39:40.317
S001048,Michelle,Jennings,student1048@edupredict.com,03317062659,Male,25,DEP010,Economics,T00293,6,3.77,77.0,Active,"263 David Pike, Micheletown, AL 42260",2023.0,2026-08-08 12:39:40.318
S001049,Alicia,Curtis,student1049@edupredict.com,03549815574,Female,26,DEP001,Computer Science,T00060,4,3.04,83.0,Active,"5390 Torres Way, Gonzalezhaven, WA 86899",2025.0,2026-08-08 12:39:40.318
S001050,Garrett,Scott,student1050@edupredict.com,03968419177,Male,20,DEP011,Marketing,T00038,5,3.69,60.0,Active,"337 John Forest Suite 669, Andersonview, NH 16606",2021.0,2026-08-08 12:39:40.319
S001051,Maria,Neal,student1051@edupredict.com,03572083427,Female,28,DEP016,Architecture,T00083,7,2.19,67.0,Active,"2566 Brad Curve, Lake Ryan, MP 51631",2024.0,2026-08-08 12:39:40.320
S001052,Dustin,Green,student1052@edupredict.com,03814405205,Female,20,DEP002,Software Engineering,T00101,5,2.61,59.0,Inactive,"796 Jason Oval Apt. 331, North Ronaldmouth, DC 20908",2024.0,2026-08-08 12:39:40.321
S001053,Gabriel,Porter,student1053@edupredict.com,03837959069,Female,22,DEP020,Biology,T00019,8,3.41,99.0,Active,"6940 Gonzalez Ports, East Ericton, SC 10268",2021.0,2026-08-08 12:39:40.322
S001054,Gary,Duncan,student1054@edupredict.com,03543836771,Female,22,DEP007,Business Administration,T00188,6,3.14,67.0,Active,"7394 Ryan Shoals Suite 338, Lake Joshua, PA 65696",2025.0,2026-08-08 12:39:40.323
S001055,Jeffrey,Warren,student1055@edupredict.com,03976185333,Male,27,DEP009,Finance,T00120,5,3.13,57.0,Active,"1779 Taylor Rest, Vaughanburgh, PR 75589",2024.0,2026-08-08 12:39:40.324
S001056,Henry,Pollard,student1056@edupredict.com,03183951217,Female,24,DEP004,Artificial Intelligence,T00064,6,3.29,75.0,Active,"Unit 7172 Box 9267, DPO AP 44215",2023.0,2026-08-08 12:39:40.324
S001057,Charles,Luna,student1057@edupredict.com,03463779386,Male,19,DEP006,Cyber Security,T00029,4,3.06,59.0,Active,"96058 Alexis Mountains, Lake Timothyshire, TN 51384",2023.0,2026-08-08 12:39:40.325
S001058,Paul,Warren,student1058@edupredict.com,03670293807,Male,25,DEP001,Computer Science,T00028,4,3.77,71.0,Inactive,"70028 Jessica Field Suite 744, Laurenfort, DE 72257",2026.0,2026-08-08 12:39:40.326
S001059,Bradley,Vincent,student1059@edupredict.com,03890272434,Female,21,DEP020,Biology,T00179,8,2.49,98.0,Active,"041 Mccarthy Crossroad Apt. 788, Joshuachester, SC 24383",2022.0,2026-08-08 12:39:40.326
S001060,Faith,Barnett,student1060@edupredict.com,03463934235,Male,21,DEP003,Information Technology,T00123,1,3.88,74.0,Active,"83667 Fuller Estate, Martineztown, OR 69290",2026.0,2026-08-08 12:39:40.327
S001061,Dennis,Clark,student1061@edupredict.com,03156000436,Female,28,DEP011,Marketing,T00011,6,3.83,52.0,Active,"PSC 9810, Box 9160, APO AA 66746",2024.0,2026-08-08 12:39:40.328
S001062,Mark,Mcbride,student1062@edupredict.com,03866287455,Male,20,DEP013,Electrical Engineering,T00167,5,3.56,72.0,Active,"845 David Forest, Stephensbury, PR 97782",2022.0,2026-08-08 12:39:40.328
S001063,Robert,Griffin,student1063@edupredict.com,03256927843,Female,26,DEP016,Architecture,T00184,3,2.05,95.0,Active,"9063 Troy Ferry Suite 771, Davisville, AZ 01697",2021.0,2026-08-08 12:39:40.329
S001064,Ronnie,Nunez,student1064@edupredict.com,03918997267,Female,20,DEP016,Architecture,T00184,6,3.43,86.0,Active,"PSC 6134, Box 5825, APO AP 16753",2021.0,2026-08-08 12:39:40.330
S001065,Jessica,West,student1065@edupredict.com,03489702372,Male,22,DEP009,Finance,T00100,6,2.2,81.0,Active,"PSC 9544, Box 9385, APO AE 26793",2021.0,2026-08-08 12:39:40.330
S001066,Matthew,Blevins,student1066@edupredict.com,03988719748,Male,20,DEP002,Software Engineering,T00265,4,3.88,78.0,Active,"501 Jillian Inlet Suite 246, North Jenniferchester, DE 56296",2023.0,2026-08-08 12:39:40.331
S001067,Cheryl,Nelson,student1067@edupredict.com,03329313048,Female,23,DEP005,Data Science,T00027,4,2.89,86.0,Active,"773 Clark Hill, Port Melindaton, MN 08016",2025.0,2026-08-08 12:39:40.332
S001068,William,Smith,student1068@edupredict.com,03425094965,Female,25,DEP001,Computer Science,T00187,7,2.36,51.0,Active,"USCGC Beck, FPO AE 15559",2023.0,2026-08-08 12:39:40.332
S001069,Zachary,Williams,student1069@edupredict.com,03117496189,Male,24,DEP014,Mechanical Engineering,T00009,8,3.24,87.0,Active,"3304 Garrison Forest, East Jamieborough, IL 91755",2021.0,2026-08-08 12:39:40.333
S001070,Marissa,Obrien,student1070@edupredict.com,03813471575,Male,26,DEP009,Finance,T00146,3,2.32,80.0,Active,"9819 Kayla Ports Suite 955, Jacksonside, TN 35495",2024.0,2026-08-08 12:39:40.334
S001071,David,Mendoza,student1071@edupredict.com,03122310888,Male,22,DEP011,Marketing,T00181,8,3.43,78.0,Active,"79392 Kim Divide Suite 863, Oscarborough, AK 94928",2022.0,2026-08-08 12:39:40.335
S001072,Mackenzie,Wagner,student1072@edupredict.com,03828863995,Female,21,DEP010,Economics,T00072,2,2.82,57.0,Active,"236 Davis Trail, East Christinachester, GU 63148",2023.0,2026-08-08 12:39:40.335
S001073,Donna,Daugherty,student1073@edupredict.com,03754853113,Female,20,DEP012,Management,T00056,6,2.71,63.0,Active,"366 Crystal Island, Wilsonshire, TN 81281",2021.0,2026-08-08 12:39:40.337
S001074,Linda,Hall,student1074@edupredict.com,03571893979,Male,22,DEP017,Mathematics,T00053,7,2.87,95.0,Active,"194 Mckenzie Field, Robertfurt, AR 29386",2024.0,2026-08-08 12:39:40.338
S001075,Michael,Spencer,student1075@edupredict.com,03250601478,Female,28,DEP020,Biology,T00267,3,2.87,96.0,Active,"0951 Lopez Pines, Howardland, TX 67530",2023.0,2026-08-08 12:39:40.339
S001076,Daniel,Stevens,student1076@edupredict.com,03824232049,Male,22,DEP004,Artificial Intelligence,T00300,1,3.44,68.0,Inactive,"569 Turner Brooks, West Jenniferport, NE 38840",2023.0,2026-08-08 12:39:40.340
S001077,Robert,Ford,student1077@edupredict.com,03402782089,Male,20,DEP002,Software Engineering,T00295,7,3.74,66.0,Inactive,"9108 David Stravenue Apt. 284, Port Joshua, MD 54685",2025.0,2026-08-08 12:39:40.341
S001078,Michael,Garcia,student1078@edupredict.com,03315383522,Female,25,DEP015,Civil Engineering,T00170,4,2.51,93.0,Active,"2405 Gregory Mountains, New Megan, WY 37861",2024.0,2026-08-08 12:39:40.341
S001079,Daniel,Cook,student1079@edupredict.com,03890227321,Male,19,DEP005,Data Science,T00095,1,3.6,75.0,Inactive,"8593 Kline Views, North Melissaburgh, PA 75415",2026.0,2026-08-08 12:39:40.750
S001080,Kelli,Howell,student1080@edupredict.com,03657467641,Female,21,DEP014,Mechanical Engineering,T00171,3,2.45,86.0,Active,"386 Sara Fall, Walkerfurt, OH 73889",2025.0,2026-08-08 12:39:40.751
S001081,Amanda,Peterson,student1081@edupredict.com,03529625062,Male,25,DEP012,Management,T00047,6,3.07,87.0,Active,"8335 Benson Flat Suite 752, Nathanielhaven, PA 74931",2026.0,2026-08-08 12:39:40.752
S001082,Felicia,Rush,student1082@edupredict.com,03582491764,Male,22,DEP019,Chemistry,T00044,7,3.79,51.0,Active,"934 Gallagher Unions, North Stephanie, AS 03765",2024.0,2026-08-08 12:39:40.753
S001083,Jose,Austin,student1083@edupredict.com,03597302480,Female,23,DEP002,Software Engineering,T00114,2,3.81,59.0,Active,"613 Jessica Harbor Suite 996, Bennettfort, OR 07761",2024.0,2026-08-08 12:39:40.753
S001084,Scott,Jones,student1084@edupredict.com,03184631149,Female,24,DEP009,Finance,T00058,1,3.4,64.0,Active,"07421 Donald Radial Apt. 534, Brianhaven, WA 69024",2023.0,2026-08-08 12:39:40.754
S001085,Phillip,Wagner,student1085@edupredict.com,03481316397,Female,18,DEP001,Computer Science,T00098,5,2.03,78.0,Active,"2233 Kimberly Lake Suite 663, New Fernandofurt, TX 17465",2022.0,2026-08-08 12:39:40.755
S001086,Charles,Carter,student1086@edupredict.com,03394150280,Male,21,DEP010,Economics,T00259,2,3.19,89.0,Active,"6492 Forbes Path Suite 702, Jenniferhaven, NE 56221",2025.0,2026-08-08 12:39:40.755
S001087,Jasmine,Evans,student1087@edupredict.com,03678643309,Male,26,DEP014,Mechanical Engineering,T00049,7,3.38,58.0,Active,"8516 Clark Fields Apt. 970, Stephanieshire, FM 90442",2023.0,2026-08-08 12:39:40.756
S001088,Samuel,Allen,student1088@edupredict.com,03762264362,Female,27,DEP006,Cyber Security,T00277,5,2.04,94.0,Active,"2810 Key Point Apt. 968, Robertschester, KY 37537",2026.0,2026-08-08 12:39:40.757
S001089,Yvette,Stevens,student1089@edupredict.com,03607361342,Female,21,DEP015,Civil Engineering,T00106,6,3.0,68.0,Active,"272 Howard Parkway, North Mark, MH 92802",2024.0,2026-08-08 12:39:40.758
S001090,Carrie,Ortiz,student1090@edupredict.com,03240524099,Female,20,DEP010,Economics,T00168,1,2.48,87.0,Active,"84193 Mcclain Loop, Tinafort, PW 59276",2026.0,2026-08-08 12:39:40.758
S001091,Ryan,Castillo,student1091@edupredict.com,03236098931,Male,26,DEP001,Computer Science,T00253,2,2.13,64.0,Inactive,"40554 Diaz Fork, Dixonstad, MA 02490",2022.0,2026-08-08 12:39:40.759
S001092,Ashley,Cline,student1092@edupredict.com,03661040688,Male,27,DEP020,Biology,T00019,3,3.99,67.0,Active,"821 Holland Flats Apt. 840, Port Jonathanborough, WY 03807",2024.0,2026-08-08 12:39:40.760
S001093,Bruce,Hayes,student1093@edupredict.com,03913054260,Female,26,DEP012,Management,T00090,5,2.26,51.0,Active,"0526 Alvarez Villages Suite 509, Jerrytown, RI 46056",2024.0,2026-08-08 12:39:40.761
S001094,John,Fields,student1094@edupredict.com,03762225375,Female,21,DEP019,Chemistry,T00044,8,2.28,87.0,Active,"4780 Kathy Lakes Suite 856, New Elizabeth, UT 30473",2026.0,2026-08-08 12:39:40.762
S001095,Audrey,Dillon,student1095@edupredict.com,03958018164,Male,27,DEP016,Architecture,T00083,8,2.97,99.0,Active,"2256 Cook Inlet, Browntown, NC 15600",2022.0,2026-08-08 12:39:40.762
S001096,Pamela,Kelly,student1096@edupredict.com,03824027261,Female,19,DEP019,Chemistry,T00045,4,3.92,95.0,Active,"9043 Clark Underpass Suite 608, East Kevintown, GA 28113",2026.0,2026-08-08 12:39:40.763
S001097,Amy,Gonzalez,student1097@edupredict.com,03525460871,Female,27,DEP016,Architecture,T00008,5,2.64,88.0,Active,"97507 Sandra Plaza, Elizabethville, NE 00691",2021.0,2026-08-08 12:39:40.764
S001098,Mary,Carey,student1098@edupredict.com,03165405199,Female,20,DEP010,Economics,T00293,7,3.3,94.0,Active,"421 Joseph Spring, North Markton, HI 95057",2023.0,2026-08-08 12:39:40.765
S001099,Douglas,Mendoza,student1099@edupredict.com,03309571666,Female,27,DEP007,Business Administration,T00014,8,3.0,59.0,Inactive,"90098 Rebecca Manors, North Donald, NH 67908",2026.0,2026-08-08 12:39:40.766
S001100,Jeffrey,Gates,student1100@edupredict.com,03900130406,Male,19,DEP019,Chemistry,T00004,7,2.06,55.0,Active,"5766 Samuel Junctions, Fernandofort, IN 28594",2021.0,2026-08-08 12:39:40.767
S001101,Jose,Kennedy,student1101@edupredict.com,03630007410,Female,18,DEP002,Software Engineering,T00062,4,3.31,98.0,Active,"88360 Morales Ford Apt. 124, Angelaland, SD 28223",2023.0,2026-08-08 12:39:40.767
S001102,Robert,Scott,student1102@edupredict.com,03425967999,Female,24,DEP001,Computer Science,T00089,5,2.79,93.0,Active,"042 Chelsea Stravenue Apt. 633, West Javierchester, AS 14515",2022.0,2026-08-08 12:39:40.768
S001103,Patrick,Cooper,student1103@edupredict.com,03433251277,Female,21,DEP001,Computer Science,T00060,5,2.24,85.0,Active,"335 Wilkerson Inlet, Roberttown, PW 22796",2023.0,2026-08-08 12:39:40.769
S001104,James,Huffman,student1104@edupredict.com,03351437910,Male,23,DEP002,Software Engineering,T00057,5,2.29,52.0,Inactive,"6441 Christopher Junctions Suite 069, West Jonathanburgh, ME 41722",2022.0,2026-08-08 12:39:40.770
S001105,Alexandra,Mahoney,student1105@edupredict.com,03288566296,Male,28,DEP001,Computer Science,T00231,8,3.11,53.0,Active,"1472 Ashlee Mall Apt. 152, New Shirleyfort, MO 88593",2024.0,2026-08-08 12:39:40.770
S001106,Jeffrey,Murphy,student1106@edupredict.com,03463448583,Male,26,DEP014,Mechanical Engineering,T00003,4,2.52,86.0,Active,"018 Kathleen Isle, North Olivia, IN 98305",2021.0,2026-08-08 12:39:40.771
S001107,Donna,Silva,student1107@edupredict.com,03611707825,Female,19,DEP018,Physics,T00035,1,3.59,64.0,Active,"8128 Vargas Centers, Davisside, MI 17620",2021.0,2026-08-08 12:39:40.772
S001108,Cassandra,Smith,student1108@edupredict.com,03806282250,Female,27,DEP018,Physics,T00230,7,3.08,70.0,Active,"0250 Johnson Green, Edwardberg, MA 59462",2025.0,2026-08-08 12:39:40.773
S001109,Bradley,Duke,student1109@edupredict.com,03116612106,Female,23,DEP003,Information Technology,T00244,2,2.59,69.0,Active,"11056 Kristina Divide, South Tracy, NV 15015",2022.0,2026-08-08 12:39:40.773
S001110,Sarah,Garrett,student1110@edupredict.com,03525071937,Female,23,DEP001,Computer Science,T00240,5,3.54,83.0,Inactive,"640 Jones Plaza, Lake Ashleyview, CO 62094",2025.0,2026-08-08 12:39:40.774
S001111,Duane,Thompson,student1111@edupredict.com,03259793058,Male,28,DEP019,Chemistry,T00005,1,2.77,59.0,Active,"194 Kim Rapid Suite 987, East Andreaport, MA 75116",2022.0,2026-08-08 12:39:40.775
S001112,Lauren,Johnson,student1112@edupredict.com,03819950370,Male,23,DEP017,Mathematics,T00144,7,3.34,80.0,Inactive,"Unit 6120 Box 3792, DPO AA 40586",2025.0,2026-08-08 12:39:40.775
S001113,April,Strickland,student1113@edupredict.com,03681544458,Male,20,DEP010,Economics,T00236,8,2.21,98.0,Inactive,"982 Steele Plain Apt. 111, Catherineland, DC 51505",2023.0,2026-08-08 12:39:40.776
S001114,Jonathan,Harmon,student1114@edupredict.com,03143760492,Male,25,DEP017,Mathematics,T00053,2,2.63,90.0,Active,"0689 Woodard Courts Apt. 387, South Benjamin, FM 34953",2026.0,2026-08-08 12:39:40.777
S001115,Ryan,King,student1115@edupredict.com,03466147658,Male,24,DEP010,Economics,T00255,5,3.08,92.0,Active,"PSC 9590, Box 0358, APO AE 93792",2025.0,2026-08-08 12:39:40.777
S001116,Tina,Anthony,student1116@edupredict.com,03546257003,Female,28,DEP010,Economics,T00071,8,2.23,97.0,Active,"9408 Robert Creek Apt. 440, East Beverlymouth, AR 06409",2022.0,2026-08-08 12:39:40.778
S001117,Susan,Fields,student1117@edupredict.com,03968995827,Female,21,DEP015,Civil Engineering,T00106,1,3.1,53.0,Inactive,"47037 Courtney Fords, Kimberlyburgh, AR 17630",2025.0,2026-08-08 12:39:40.778
S001118,Daniel,Miller,student1118@edupredict.com,03243213507,Male,25,DEP007,Business Administration,T00245,5,2.96,71.0,Active,"715 Alicia Highway Suite 238, Suzanneland, DE 84227",2021.0,2026-08-08 12:39:40.779
S001119,Thomas,Cruz,student1119@edupredict.com,03726573703,Male,27,DEP003,Information Technology,T00244,6,3.17,72.0,Active,"31944 Katrina Flat Suite 211, Leeborough, DC 23950",2024.0,2026-08-08 12:39:40.780
S001120,Marie,Burch,student1120@edupredict.com,03437767040,Female,21,DEP012,Management,T00102,8,3.93,97.0,Inactive,"728 Baker Street, South Sara, DE 88489",2024.0,2026-08-08 12:39:40.781
S001121,Robert,Rodriguez,student1121@edupredict.com,03681899920,Female,21,DEP020,Biology,T00162,5,2.7,51.0,Inactive,"PSC 8314, Box 3989, APO AA 82582",2022.0,2026-08-08 12:39:40.781
S001122,Andrew,Solis,student1122@edupredict.com,03972435967,Female,19,DEP019,Chemistry,T00153,4,3.76,50.0,Active,"8186 Moreno Via, Lauraland, NM 89842",2024.0,2026-08-08 12:39:40.783
S001123,Marie,Sampson,student1123@edupredict.com,03362606087,Female,24,DEP011,Marketing,T00218,5,3.99,98.0,Active,"461 Sara Club, Harrisfurt, AS 42018",2023.0,2026-08-08 12:39:40.783
S001124,Donald,Hughes,student1124@edupredict.com,03229014857,Female,20,DEP002,Software Engineering,T00265,7,3.83,87.0,Active,"3764 Thompson Port Suite 584, Port Bradley, GA 62446",2022.0,2026-08-08 12:39:41.957
S001125,Laura,Boyd,student1125@edupredict.com,03412599628,Male,20,DEP009,Finance,T00264,8,3.72,93.0,Active,"87545 Lee Greens, East Nicholasberg, PR 45392",2025.0,2026-08-08 12:39:41.958
S001126,Amy,Burgess,student1126@edupredict.com,03247416224,Male,28,DEP001,Computer Science,T00098,7,3.65,58.0,Active,"89412 Nelson Dale Suite 401, Benjaminshire, UT 09080",2024.0,2026-08-08 12:39:41.959
S001127,Jonathan,Cole,student1127@edupredict.com,03397231049,Female,27,DEP012,Management,T00024,7,3.33,86.0,Active,"818 Scott Village Apt. 016, Thomasfort, CT 20021",2023.0,2026-08-08 12:39:41.960
S001128,James,Lopez,student1128@edupredict.com,03907448142,Male,24,DEP006,Cyber Security,T00205,6,3.76,95.0,Active,"PSC 3398, Box 5223, APO AP 30568",2026.0,2026-08-08 12:39:41.960
S001129,Benjamin,Garner,student1129@edupredict.com,03505962292,Female,18,DEP014,Mechanical Engineering,T00202,6,3.26,56.0,Active,"47131 Michele Radial, Port Jacobhaven, VA 88172",2023.0,2026-08-08 12:39:41.961
S001130,Elizabeth,Jackson,student1130@edupredict.com,03440417633,Female,22,DEP005,Data Science,T00199,3,3.31,85.0,Active,"4506 Allen Walk Suite 827, Port Erika, DC 22408",2022.0,2026-08-08 12:39:41.962
S001131,Morgan,Gray,student1131@edupredict.com,03700072290,Female,27,DEP019,Chemistry,T00128,1,2.95,73.0,Active,"885 Hughes Flats Suite 132, Lake Erichaven, CT 63239",2026.0,2026-08-08 12:39:41.963
S001132,Gina,Wiley,student1132@edupredict.com,03982205965,Male,26,DEP019,Chemistry,T00153,4,2.83,100.0,Active,"895 Villarreal Stravenue, Ayersshire, ND 22280",2021.0,2026-08-08 12:39:41.964
S001133,Stephanie,Thompson,student1133@edupredict.com,03620512456,Male,20,DEP002,Software Engineering,T00145,6,2.3,88.0,Active,"486 Kathy Ferry, Port Justinmouth, NJ 48674",2023.0,2026-08-08 12:39:41.965
S001134,Robert,Smith,student1134@edupredict.com,03791331096,Female,18,DEP014,Mechanical Engineering,T00092,7,3.46,73.0,Active,"924 Kimberly Mission Apt. 476, Terrimouth, VT 74673",2026.0,2026-08-08 12:39:41.965
S001135,Christopher,Rogers,student1135@edupredict.com,03703447935,Male,28,DEP007,Business Administration,T00242,3,3.31,60.0,Active,"819 Richards Crossing Suite 087, Smithton, MH 71026",2025.0,2026-08-08 12:39:41.966
S001136,Renee,Pierce,student1136@edupredict.com,03477398415,Female,24,DEP017,Mathematics,T00108,8,2.31,73.0,Active,"4644 Taylor Union, Erichaven, NC 85328",2023.0,2026-08-08 12:39:41.967
S001137,James,Escobar,student1137@edupredict.com,03385900914,Male,22,DEP020,Biology,T00127,5,2.24,63.0,Active,"389 Emily Squares, Carpenterbury, FM 53340",2024.0,2026-08-08 12:39:41.968
S001138,David,Medina,student1138@edupredict.com,03458990509,Male,24,DEP005,Data Science,T00199,1,2.78,91.0,Active,"422 Roberts View Apt. 095, Chavezville, ID 74114",2025.0,2026-08-08 12:39:41.969
S001139,Derek,Cisneros,student1139@edupredict.com,03565623678,Male,24,DEP003,Information Technology,T00074,3,2.18,70.0,Inactive,"802 Fields Ferry, West Kennethhaven, WI 32250",2022.0,2026-08-08 12:39:41.969
S001140,Robert,Carrillo,student1140@edupredict.com,03756335778,Female,19,DEP010,Economics,T00138,2,3.15,93.0,Active,"3941 Salazar Junctions Suite 881, Patrickfurt, WI 39573",2026.0,2026-08-08 12:39:41.970
S001141,Ryan,Villarreal,student1141@edupredict.com,03111731424,Male,25,DEP015,Civil Engineering,T00183,5,3.89,88.0,Active,"13900 Howard Orchard, Smithton, MN 07252",2026.0,2026-08-08 12:39:41.971
S001142,Makayla,Holmes,student1142@edupredict.com,03112852331,Male,19,DEP019,Chemistry,T00297,3,2.32,91.0,Active,"305 Amy Vista Apt. 513, North Pamelachester, IN 70535",2025.0,2026-08-08 12:39:41.972
S001143,Kelly,Campbell,student1143@edupredict.com,03809172129,Female,22,DEP001,Computer Science,T00240,7,2.94,90.0,Active,"25644 Garcia Meadows Suite 438, Daveview, AZ 55507",2022.0,2026-08-08 12:39:41.972
S001144,Jessica,Torres,student1144@edupredict.com,03236979007,Male,20,DEP012,Management,T00232,1,2.19,100.0,Active,"PSC 7231, Box 5861, APO AA 98104",2021.0,2026-08-08 12:39:41.973
S001145,Cheryl,Kelley,student1145@edupredict.com,03413976044,Female,26,DEP003,Information Technology,T00051,7,3.93,95.0,Active,"PSC 7191, Box 2453, APO AA 83048",2023.0,2026-08-08 12:39:41.973
S001146,Megan,Turner,student1146@edupredict.com,03429035098,Male,23,DEP007,Business Administration,T00197,7,3.72,59.0,Active,"0835 Baker Mountain Apt. 037, New Bruce, WY 76642",2026.0,2026-08-08 12:39:41.974
S001147,Caroline,Johnson,student1147@edupredict.com,03416867466,Female,28,DEP001,Computer Science,T00296,8,3.89,61.0,Active,"8926 Donald Haven Apt. 692, Lake Thomas, SD 02607",2021.0,2026-08-08 12:39:41.975
S001148,Miranda,Vasquez,student1148@edupredict.com,03206364137,Female,23,DEP018,Physics,T00204,4,3.4,79.0,Active,"7092 David Roads Apt. 338, Thompsonborough, WV 16064",2022.0,2026-08-08 12:39:41.975
S001149,Kevin,Costa,student1149@edupredict.com,03552622959,Female,25,DEP019,Chemistry,T00227,2,2.2,67.0,Active,"9811 Jacob Lodge Suite 715, Gonzalezmouth, UT 64449",2026.0,2026-08-08 12:39:41.976
S001150,Samuel,Winters,student1150@edupredict.com,03130150666,Male,23,DEP018,Physics,T00016,7,2.3,100.0,Active,"01587 Matthew Spurs, Jeffreyport, FM 62382",2023.0,2026-08-08 12:39:41.977
S001151,Chase,Henderson,student1151@edupredict.com,03148619351,Female,25,DEP016,Architecture,T00008,6,2.45,66.0,Active,"965 Mary Walk, Taylorshire, NM 69116",2024.0,2026-08-08 12:39:41.977
S001152,Cody,Fernandez,student1152@edupredict.com,03388101115,Male,24,DEP012,Management,T00272,6,2.82,50.0,Active,"6358 Tracy Square Suite 237, Aprilfort, IN 39747",2022.0,2026-08-08 12:39:41.978
S001153,Lisa,Williamson,student1153@edupredict.com,03795871976,Female,20,DEP012,Management,T00102,1,3.33,52.0,Active,"135 Anthony Oval, West Julieton, GU 36585",2021.0,2026-08-08 12:39:41.979
S001154,Tracy,Hodge,student1154@edupredict.com,03470631267,Male,20,DEP015,Civil Engineering,T00088,8,2.37,60.0,Active,"PSC 4752, Box 5091, APO AP 19037",2025.0,2026-08-08 12:39:41.980
S001155,Jennifer,Patton,student1155@edupredict.com,03447945339,Female,24,DEP014,Mechanical Engineering,T00103,1,2.21,79.0,Inactive,"Unit 8470 Box 4442, DPO AE 90537",2026.0,2026-08-08 12:39:41.980
S001156,Elizabeth,Spence,student1156@edupredict.com,03389402885,Female,20,DEP008,Accounting,T00226,1,3.99,95.0,Active,"42249 Gallegos Via Apt. 972, North Katherineburgh, PW 15905",2023.0,2026-08-08 12:39:41.981
S001157,Kristin,Smith,student1157@edupredict.com,03133227243,Female,22,DEP016,Architecture,T00184,8,3.1,69.0,Inactive,"1464 Kramer Avenue Apt. 126, Sheilaton, AZ 71363",2023.0,2026-08-08 12:39:41.982
S001158,Megan,Garcia,student1158@edupredict.com,03133757830,Female,22,DEP015,Civil Engineering,T00183,2,3.77,83.0,Active,"8224 Jose Lane, Lake Diane, AZ 13153",2023.0,2026-08-08 12:39:41.982
S001159,Tonya,Meza,student1159@edupredict.com,03289542361,Male,26,DEP009,Finance,T00058,8,3.94,58.0,Active,"4178 Rodriguez Haven, Turnerberg, DE 64759",2026.0,2026-08-08 12:39:41.985
S001160,Kathleen,Reyes,student1160@edupredict.com,03241282696,Female,25,DEP005,Data Science,T00107,4,3.09,70.0,Inactive,"USNS Larson, FPO AA 43335",2024.0,2026-08-08 12:39:41.985
S001161,Blake,Byrd,student1161@edupredict.com,03853664737,Female,27,DEP009,Finance,T00120,3,2.64,83.0,Active,"941 Reyes Common, Brandonhaven, NV 47134",2022.0,2026-08-08 12:39:41.986
S001162,Veronica,Rios,student1162@edupredict.com,03321365311,Female,19,DEP008,Accounting,T00055,3,3.02,76.0,Inactive,"319 Anderson Vista Apt. 662, Petersonstad, AS 98976",2024.0,2026-08-08 12:39:41.987
S001163,Amy,Levy,student1163@edupredict.com,03612759675,Male,22,DEP017,Mathematics,T00206,6,2.82,94.0,Active,"171 Reid Course, West Ryantown, PA 90993",2026.0,2026-08-08 12:39:41.987
S001164,Jeffrey,Ramos,student1164@edupredict.com,03145150099,Male,26,DEP017,Mathematics,T00085,6,3.82,91.0,Active,"67175 Kayla Creek Suite 296, New Kimberlyview, OR 88180",2024.0,2026-08-08 12:39:41.989
S001165,Angela,Smith,student1165@edupredict.com,03306375790,Female,22,DEP008,Accounting,T00013,8,3.18,78.0,Active,"520 Diana Center, South Bryanland, NV 04123",2023.0,2026-08-08 12:39:41.989
S001166,Jennifer,Thompson,student1166@edupredict.com,03295379303,Male,27,DEP004,Artificial Intelligence,T00290,5,2.77,51.0,Inactive,"655 Christina Vista, Jasonbury, IL 36422",2022.0,2026-08-08 12:39:41.990
S001167,Gary,Mitchell,student1167@edupredict.com,03828312353,Female,22,DEP020,Biology,T00267,3,3.32,51.0,Active,"28450 Mark Landing, Macdonaldland, VI 91539",2025.0,2026-08-08 12:39:41.991
S001168,Nathan,Moore,student1168@edupredict.com,03579048773,Male,24,DEP001,Computer Science,T00028,7,2.69,100.0,Active,"486 Alan Keys, South Robertchester, MT 11738",2025.0,2026-08-08 12:39:41.991
S001169,Sarah,Ross,student1169@edupredict.com,03727712450,Female,26,DEP002,Software Engineering,T00265,6,2.95,69.0,Active,"58471 Jeremy Viaduct Apt. 144, Millerport, WI 55908",2023.0,2026-08-08 12:39:42.513
S001170,Christina,Roberts,student1170@edupredict.com,03875639303,Male,22,DEP002,Software Engineering,T00136,4,3.62,62.0,Active,"PSC 0801, Box 7079, APO AA 15050",2025.0,2026-08-08 12:39:42.514
S001171,Ashley,Palmer,student1171@edupredict.com,03500138909,Female,23,DEP017,Mathematics,T00085,3,3.02,69.0,Active,"8089 Miller Rapids, Jessicaport, TX 49877",2023.0,2026-08-08 12:39:42.515
S001172,Deborah,Green,student1172@edupredict.com,03350883963,Male,26,DEP008,Accounting,T00208,4,2.05,96.0,Active,"937 Timothy Terrace Apt. 174, Sherriborough, FL 58068",2024.0,2026-08-08 12:39:42.515
S001173,Phillip,Carney,student1173@edupredict.com,03365149231,Female,24,DEP016,Architecture,T00158,2,3.41,67.0,Active,"1059 Acosta Stravenue, Davisborough, CO 78477",2021.0,2026-08-08 12:39:42.516
S001174,Ryan,Burch,student1174@edupredict.com,03129658057,Female,28,DEP011,Marketing,T00195,6,3.15,59.0,Active,"7864 Patterson Point, Port Jenniferfort, WV 27704",2022.0,2026-08-08 12:39:42.517
S001175,Ian,Keller,student1175@edupredict.com,03962992388,Female,27,DEP016,Architecture,T00083,7,3.33,51.0,Active,"9964 Courtney Meadows Apt. 860, North Jasonmouth, NV 94321",2023.0,2026-08-08 12:39:42.517
S001176,Kathleen,Brennan,student1176@edupredict.com,03832721070,Male,28,DEP018,Physics,T00221,4,2.94,60.0,Active,"621 Chang Views Suite 860, North Jenniferton, UT 26344",2021.0,2026-08-08 12:39:42.518
S001177,Tiffany,Graham,student1177@edupredict.com,03486009524,Female,28,DEP002,Software Engineering,T00295,5,2.38,97.0,Active,"98285 Huff Bridge Suite 474, Brandyshire, AS 28829",2021.0,2026-08-08 12:39:42.519
S001178,Alicia,Vaughan,student1178@edupredict.com,03722442095,Male,26,DEP015,Civil Engineering,T00025,4,2.1,78.0,Active,"336 Molly Brooks Apt. 569, New Nicholas, WY 91574",2025.0,2026-08-08 12:39:42.520
S001179,Antonio,Collins,student1179@edupredict.com,03727746401,Male,25,DEP009,Finance,T00120,1,3.91,88.0,Active,"65166 Robin Isle, New Jamesmouth, OH 61775",2025.0,2026-08-08 12:39:42.520
S001180,Chad,Smith,student1180@edupredict.com,03656589386,Male,28,DEP006,Cyber Security,T00166,7,3.9,97.0,Active,"79390 Laura Squares, Lake Cynthialand, NH 83410",2022.0,2026-08-08 12:39:42.521
S001181,Randy,Roberson,student1181@edupredict.com,03548468387,Female,19,DEP014,Mechanical Engineering,T00171,5,3.28,51.0,Active,"781 Sanders Course Apt. 790, Richardsfort, NC 06785",2022.0,2026-08-08 12:39:42.523
S001182,Christopher,Graves,student1182@edupredict.com,03782952375,Female,18,DEP005,Data Science,T00258,5,2.96,86.0,Active,"20960 Jeffrey Burg, Wilsonville, AS 56602",2025.0,2026-08-08 12:39:42.523
S001183,Sharon,Mcguire,student1183@edupredict.com,03118707382,Female,27,DEP015,Civil Engineering,T00121,2,2.22,73.0,Inactive,"0982 Zavala Overpass, Schultzborough, AR 20956",2026.0,2026-08-08 12:39:42.524
S001184,Tamara,Martin,student1184@edupredict.com,03629910537,Male,24,DEP015,Civil Engineering,T00151,4,3.52,89.0,Active,"7655 Chen Knolls, Brianport, PA 19424",2025.0,2026-08-08 12:39:42.525
S001185,Lindsay,Grant,student1185@edupredict.com,03483923090,Female,23,DEP006,Cyber Security,T00276,3,2.15,94.0,Active,"6068 Mahoney Shoal, Raymondport, IN 79144",2023.0,2026-08-08 12:39:42.526
S001186,Julie,Cuevas,student1186@edupredict.com,03272532006,Female,18,DEP002,Software Engineering,T00176,5,2.95,66.0,Active,"7080 Brittany Plaza Apt. 884, Port John, CT 64209",2024.0,2026-08-08 12:39:42.526
S001187,Dawn,Reed,student1187@edupredict.com,03272802871,Male,18,DEP020,Biology,T00019,7,2.99,100.0,Active,"18790 Jeremy Trail, Bookerfort, GU 29546",2022.0,2026-08-08 12:39:42.527
S001188,Jose,Pearson,student1188@edupredict.com,03655444429,Male,21,DEP019,Chemistry,T00297,3,3.98,95.0,Active,"0446 Miller Islands Suite 814, Ramirezborough, KS 56966",2023.0,2026-08-08 12:39:42.528
S001189,Alexa,Schroeder,student1189@edupredict.com,03935533831,Female,28,DEP014,Mechanical Engineering,T00086,7,3.49,51.0,Active,"486 Sarah Forks Suite 319, Christophermouth, PR 35292",2021.0,2026-08-08 12:39:42.534
S001190,Dwayne,Cameron,student1190@edupredict.com,03271868275,Female,20,DEP018,Physics,T00016,4,3.3,63.0,Active,"Unit 6236 Box 8026, DPO AE 63911",2023.0,2026-08-08 12:39:42.535
S001191,Sarah,Wilson,student1191@edupredict.com,03303725751,Female,22,DEP009,Finance,T00120,8,2.93,96.0,Active,"586 Brad Square, Lake Angelamouth, CO 34754",2021.0,2026-08-08 12:39:42.536
S001192,Nathaniel,Stone,student1192@edupredict.com,03257564745,Male,18,DEP016,Architecture,T00083,6,3.09,62.0,Active,"38925 Ferguson Lights Suite 353, South Kellyfurt, LA 91168",2021.0,2026-08-08 12:39:42.537
S001193,Yesenia,Velez,student1193@edupredict.com,03360884341,Female,23,DEP017,Mathematics,T00161,6,3.61,75.0,Active,"74163 Lee Causeway, Grantfurt, DC 45775",2023.0,2026-08-08 12:39:42.538
S001194,Elizabeth,Wilson,student1194@edupredict.com,03959154404,Male,20,DEP013,Electrical Engineering,T00065,1,3.74,58.0,Active,"60190 Susan Knolls Apt. 193, Johnsonborough, PW 48370",2026.0,2026-08-08 12:39:42.539
S001195,Jimmy,Castro,student1195@edupredict.com,03287388250,Female,24,DEP009,Finance,T00021,1,2.53,94.0,Active,"8755 Ramos Course Suite 838, West Molly, SD 91671",2023.0,2026-08-08 12:39:42.539
S001196,Carla,Miller,student1196@edupredict.com,03756979475,Female,21,DEP018,Physics,T00035,1,3.95,93.0,Active,"277 Christopher Field Apt. 322, Millerside, WY 31251",2021.0,2026-08-08 12:39:42.540
S001197,Daniel,Williams,student1197@edupredict.com,03135799714,Female,26,DEP010,Economics,T00010,5,2.53,50.0,Active,"6370 Whitney Station Suite 447, Ronaldfort, KY 04866",2024.0,2026-08-08 12:39:42.541
S001198,Anthony,Williams,student1198@edupredict.com,03490456422,Male,22,DEP005,Data Science,T00294,6,2.05,61.0,Active,"Unit 6347 Box 1858, DPO AP 02127",2026.0,2026-08-08 12:39:42.542
S001199,Benjamin,Guerra,student1199@edupredict.com,03297207310,Female,19,DEP018,Physics,T00204,2,2.83,70.0,Active,"776 Pamela Stravenue Apt. 973, Lake Leonard, MS 86037",2023.0,2026-08-08 12:39:42.542
S001200,Maureen,Grant,student1200@edupredict.com,03534721494,Female,23,DEP012,Management,T00149,1,3.19,71.0,Active,"30089 Clayton Wall Apt. 900, North Roberthaven, ID 47708",2026.0,2026-08-08 12:39:42.543
S001201,Jon,Wright,student1201@edupredict.com,03152586717,Male,24,DEP010,Economics,T00193,5,2.71,63.0,Active,"3398 Calvin Loop Suite 662, Thomasstad, LA 48426",2026.0,2026-08-08 12:39:42.544
S001202,Justin,Lee,student1202@edupredict.com,03408630882,Male,21,DEP020,Biology,T00173,8,2.69,94.0,Active,"9659 Booth Tunnel Apt. 398, East Anthony, MO 44124",2023.0,2026-08-08 12:39:42.545
S001203,Susan,Vance,student1203@edupredict.com,03782467942,Female,26,DEP003,Information Technology,T00074,1,2.22,83.0,Inactive,"935 Hobbs Loop, Lake Colleenland, DC 78768",2024.0,2026-08-08 12:39:42.546
S001204,Michael,Barnes,student1204@edupredict.com,03457976387,Male,25,DEP013,Electrical Engineering,T00291,1,3.98,63.0,Inactive,"3444 Jose Courts, Baileychester, WI 43370",2024.0,2026-08-08 12:39:42.547
S001205,Kelsey,Wallace,student1205@edupredict.com,03531114886,Male,24,DEP019,Chemistry,T00128,8,3.9,72.0,Active,"9525 Susan Hollow Suite 451, East Hannahbury, WI 76351",2025.0,2026-08-08 12:39:42.547
S001206,Kenneth,Simmons,student1206@edupredict.com,03989738082,Male,24,DEP011,Marketing,T00181,4,3.4,62.0,Active,"037 Cathy Passage, New Matthewchester, WI 32738",2022.0,2026-08-08 12:39:42.548
S001207,Julie,Woods,student1207@edupredict.com,03795030454,Female,20,DEP019,Chemistry,T00040,5,3.49,80.0,Active,"022 Melissa Ports Apt. 091, New Mary, MD 68813",2021.0,2026-08-08 12:39:42.549
S001208,Sherry,Ross,student1208@edupredict.com,03797051233,Male,26,DEP016,Architecture,T00118,2,2.56,69.0,Active,"143 Wilson Forks, Perezside, AS 52248",2022.0,2026-08-08 12:39:42.550
S001209,Rhonda,Morrison,student1209@edupredict.com,03294803403,Female,28,DEP012,Management,T00102,8,3.66,68.0,Inactive,"55665 Karen Prairie, South Angela, SC 14570",2023.0,2026-08-08 12:39:42.550
S001210,Andrea,Mitchell,student1210@edupredict.com,03561865362,Male,22,DEP001,Computer Science,T00165,5,3.41,99.0,Active,"USNV Bailey, FPO AA 37217",2026.0,2026-08-08 12:39:42.551
S001211,Willie,Herrera,student1211@edupredict.com,03439758497,Male,22,DEP006,Cyber Security,T00254,8,2.62,88.0,Active,"4366 Tiffany Trail Apt. 661, North Allison, NY 96109",2023.0,2026-08-08 12:39:42.551
S001212,Natalie,Brown,student1212@edupredict.com,03449958409,Male,23,DEP001,Computer Science,T00028,7,2.97,99.0,Active,"5166 Mcclure Rue Apt. 760, Villaburgh, AR 41424",2021.0,2026-08-08 12:39:42.552
S001213,Jenna,Espinoza,student1213@edupredict.com,03640500698,Male,27,DEP009,Finance,T00264,1,2.74,100.0,Active,"18267 James Light Suite 950, Hannahmouth, AK 07462",2025.0,2026-08-08 12:39:43.707
S001214,Samuel,Hayes,student1214@edupredict.com,03351773902,Female,24,DEP019,Chemistry,T00044,6,2.96,74.0,Active,"193 Martin Loaf Apt. 011, South Danielbury, NV 13759",2025.0,2026-08-08 12:39:43.708
S001215,Ariana,Harrison,student1215@edupredict.com,03433534703,Female,18,DEP010,Economics,T00293,4,2.24,83.0,Active,"21920 Gregory Lake Apt. 016, Bensonchester, PW 96652",2024.0,2026-08-08 12:39:43.709
S001216,Frank,Dudley,student1216@edupredict.com,03680785218,Female,27,DEP017,Mathematics,T00139,7,3.6,74.0,Active,"3081 Brenda Island, Steintown, FM 90555",2023.0,2026-08-08 12:39:43.711
S001217,Daniel,Brown,student1217@edupredict.com,03169984984,Female,26,DEP004,Artificial Intelligence,T00070,3,2.11,55.0,Active,"USNS Russell, FPO AP 04180",2025.0,2026-08-08 12:39:43.712
S001218,Barbara,Velasquez,student1218@edupredict.com,03144967317,Male,26,DEP015,Civil Engineering,T00020,4,3.62,78.0,Active,"745 Hoffman Squares, Lake Rubenbury, MI 93137",2023.0,2026-08-08 12:39:43.713
S001219,Pamela,Thompson,student1219@edupredict.com,03826843182,Male,21,DEP012,Management,T00180,5,2.35,66.0,Active,"7294 Thomas Greens, Lake Alisonmouth, CT 77653",2021.0,2026-08-08 12:39:43.714
S001220,Kimberly,Valdez,student1220@edupredict.com,03566318449,Female,28,DEP014,Mechanical Engineering,T00257,7,2.59,84.0,Active,"690 Jessica Drive Suite 920, South Patriciaberg, MH 07012",2024.0,2026-08-08 12:39:43.714
S001221,Brandy,Hughes,student1221@edupredict.com,03987718417,Male,21,DEP014,Mechanical Engineering,T00243,7,3.86,68.0,Active,"6959 Ryan Keys, South Dawnmouth, CA 18164",2024.0,2026-08-08 12:39:43.715
S001222,Jonathan,Kemp,student1222@edupredict.com,03751871127,Female,26,DEP012,Management,T00215,8,2.11,92.0,Active,"1317 Michele Spur, New Kevinport, TX 71845",2021.0,2026-08-08 12:39:43.716
S001223,Erin,Brown,student1223@edupredict.com,03489730461,Male,18,DEP020,Biology,T00162,3,3.86,68.0,Active,"70000 Dennis Motorway Apt. 972, South Albert, CT 61365",2026.0,2026-08-08 12:39:43.716
S001224,Jordan,Brown,student1224@edupredict.com,03433781350,Female,19,DEP007,Business Administration,T00275,6,2.63,50.0,Active,"812 Rush Common, Lake Karen, TX 11620",2022.0,2026-08-08 12:39:43.717
S001225,Jonathan,Barr,student1225@edupredict.com,03253509015,Female,18,DEP011,Marketing,T00218,5,2.27,85.0,Active,"153 Karen Causeway Apt. 150, South Kristie, VI 39100",2021.0,2026-08-08 12:39:43.718
S001226,Adrian,Liu,student1226@edupredict.com,03315316344,Male,25,DEP006,Cyber Security,T00277,8,2.71,84.0,Active,"PSC 2040, Box 2360, APO AP 88263",2021.0,2026-08-08 12:39:43.718
S001227,Anna,Miller,student1227@edupredict.com,03318066397,Male,18,DEP019,Chemistry,T00198,8,3.11,78.0,Active,"786 Brian Gateway Apt. 143, South Christyhaven, OH 43248",2023.0,2026-08-08 12:39:43.719
S001228,Brian,Prince,student1228@edupredict.com,03466923584,Female,28,DEP005,Data Science,T00068,1,2.3,55.0,Active,"827 Arnold Lane Suite 045, Port Elizabeth, MA 95905",2026.0,2026-08-08 12:39:43.720
S001229,Robert,Myers,student1229@edupredict.com,03251934183,Male,21,DEP020,Biology,T00280,8,3.06,53.0,Active,"175 Rodriguez Locks, Edwinhaven, KS 18063",2024.0,2026-08-08 12:39:43.720
S001230,John,Mcmahon,student1230@edupredict.com,03859947014,Male,23,DEP019,Chemistry,T00297,4,3.69,56.0,Active,"5126 Tanner Springs, Hamiltonton, CO 67194",2023.0,2026-08-08 12:39:43.722
S001231,Alexis,Walters,student1231@edupredict.com,03252963597,Female,27,DEP007,Business Administration,T00233,5,2.61,65.0,Active,"218 Kaitlyn Stream Suite 573, Rogerstown, NE 63822",2026.0,2026-08-08 12:39:43.723
S001232,John,Dunn,student1232@edupredict.com,03966769027,Male,18,DEP011,Marketing,T00011,1,2.21,84.0,Active,"2794 Macias Pike Suite 978, East Melissa, ID 13371",2023.0,2026-08-08 12:39:43.724
S001233,Terri,Wong,student1233@edupredict.com,03633966502,Female,27,DEP015,Civil Engineering,T00250,6,3.95,96.0,Active,"1009 Mcintosh Mall Apt. 875, Maddenfort, WY 99473",2022.0,2026-08-08 12:39:43.724
S001234,Ronald,Townsend,student1234@edupredict.com,03800873107,Male,18,DEP002,Software Engineering,T00295,8,2.23,95.0,Active,"79755 Jason Avenue Suite 676, Cookfort, PA 43855",2023.0,2026-08-08 12:39:43.725
S001235,Crystal,Gibson,student1235@edupredict.com,03323505724,Male,24,DEP006,Cyber Security,T00132,5,3.97,66.0,Active,"322 Jennifer Lake, Coopermouth, MI 19602",2026.0,2026-08-08 12:39:43.726
S001236,Melissa,Thompson,student1236@edupredict.com,03321931974,Female,24,DEP008,Accounting,T00286,2,2.16,72.0,Active,"Unit 7125 Box 9512, DPO AA 92080",2021.0,2026-08-08 12:39:43.727
S001237,Brandy,Marshall,student1237@edupredict.com,03831098663,Male,24,DEP009,Finance,T00021,2,3.0,57.0,Active,"5551 Frances View Suite 426, Smithfort, NE 10906",2023.0,2026-08-08 12:39:43.728
S001238,Traci,Joyce,student1238@edupredict.com,03475484640,Female,21,DEP017,Mathematics,T00108,7,3.82,95.0,Active,"88243 Nicole Roads Suite 605, West Hunter, LA 78044",2025.0,2026-08-08 12:39:43.728
S001239,Laura,Miller,student1239@edupredict.com,03675477248,Female,24,DEP006,Cyber Security,T00268,8,3.05,79.0,Active,"05062 Morris Pass Apt. 542, Shawnview, GA 58847",2024.0,2026-08-08 12:39:43.729
S001240,Charles,Taylor,student1240@edupredict.com,03168348947,Male,27,DEP005,Data Science,T00228,3,2.14,60.0,Active,"10458 Barbara Pine, Davidport, WY 17664",2022.0,2026-08-08 12:39:43.730
S001241,Mallory,Richards,student1241@edupredict.com,03735067069,Male,24,DEP009,Finance,T00021,1,3.39,87.0,Active,"72346 Martinez Mountain, Wigginstown, MA 92349",2022.0,2026-08-08 12:39:43.731
S001242,Emily,Holland,student1242@edupredict.com,03148713898,Male,22,DEP002,Software Engineering,T00001,5,3.35,61.0,Active,"58783 Seth Ways, Lake Shirleyshire, MN 64042",2021.0,2026-08-08 12:39:43.731
S001243,Daniel,Marsh,student1243@edupredict.com,03751621467,Female,25,DEP014,Mechanical Engineering,T00142,2,2.09,93.0,Active,"Unit 8420 Box 2007, DPO AE 59447",2024.0,2026-08-08 12:39:43.732
S001244,Martha,Parker,student1244@edupredict.com,03844968504,Male,21,DEP002,Software Engineering,T00145,6,2.65,88.0,Active,"74216 Mcdonald Grove, Garciaville, HI 43606",2022.0,2026-08-08 12:39:43.732
S001245,Susan,Thornton,student1245@edupredict.com,03149296740,Female,25,DEP018,Physics,T00251,2,3.77,84.0,Active,"8641 Daniel Inlet, West Kaitlynshire, TN 02329",2024.0,2026-08-08 12:39:43.733
S001246,Christine,Brown,student1246@edupredict.com,03762441417,Male,18,DEP011,Marketing,T00133,3,3.01,67.0,Active,"2456 Amber Plaza Apt. 889, East Mistyside, MT 16288",2024.0,2026-08-08 12:39:43.734
S001247,Jennifer,Cline,student1247@edupredict.com,03638057512,Female,23,DEP012,Management,T00192,2,3.43,78.0,Active,"425 Thomas Glens Suite 521, Thomasmouth, SD 27472",2026.0,2026-08-08 12:39:43.735
S001248,David,Moore,student1248@edupredict.com,03894422019,Female,25,DEP001,Computer Science,T00253,1,3.05,90.0,Active,"92114 Guy Meadow, Port Gary, CT 54817",2023.0,2026-08-08 12:39:43.735
S001249,Kayla,Briggs,student1249@edupredict.com,03130768933,Female,23,DEP003,Information Technology,T00247,3,3.49,92.0,Inactive,"Unit 7304 Box 0735, DPO AE 56630",2024.0,2026-08-08 12:39:43.736
S001250,William,Gutierrez,student1250@edupredict.com,03542333939,Female,19,DEP007,Business Administration,T00143,6,2.47,71.0,Active,"USS Wilson, FPO AP 27290",2024.0,2026-08-08 12:39:43.737
S001251,Richard,Scott,student1251@edupredict.com,03371685365,Male,19,DEP016,Architecture,T00225,7,3.3,50.0,Inactive,"921 Watkins Rue, West Mariah, OH 60040",2022.0,2026-08-08 12:39:43.737
S001252,Joel,Rodriguez,student1252@edupredict.com,03698338496,Female,21,DEP007,Business Administration,T00084,3,3.96,71.0,Active,"9709 Ray Falls Suite 927, Maryport, ND 72435",2025.0,2026-08-08 12:39:43.738
S001253,Diana,Jordan,student1253@edupredict.com,03823035825,Female,20,DEP009,Finance,T00082,3,2.87,88.0,Active,"09718 Townsend Points Suite 264, Lake Pamela, VA 47172",2024.0,2026-08-08 12:39:43.739
S001254,Sophia,Taylor,student1254@edupredict.com,03755998353,Female,26,DEP001,Computer Science,T00089,4,2.66,77.0,Active,"0614 Kenneth Plains, Gainestown, CA 70174",2021.0,2026-08-08 12:39:43.740
S001255,Teresa,Williams,student1255@edupredict.com,03490146093,Male,24,DEP011,Marketing,T00246,7,2.62,61.0,Active,"1680 John Canyon Apt. 062, South Lee, AR 64905",2022.0,2026-08-08 12:39:43.740
S001256,Kayla,Mcdowell,student1256@edupredict.com,03666770396,Female,18,DEP004,Artificial Intelligence,T00260,1,2.8,90.0,Active,"403 Moss Islands, Cooperstad, AL 48564",2025.0,2026-08-08 12:39:43.741
S001257,April,Nelson,student1257@edupredict.com,03428332889,Female,20,DEP015,Civil Engineering,T00147,3,3.36,93.0,Active,"1266 Harper Meadow Suite 846, Chasefort, MT 52170",2025.0,2026-08-08 12:39:44.191
S001258,Alison,Mitchell,student1258@edupredict.com,03410355872,Female,25,DEP020,Biology,T00080,6,3.81,70.0,Active,"85359 Maldonado Stream Apt. 590, Terrellbury, DC 02355",2026.0,2026-08-08 12:39:44.192
S001259,Jason,Frazier,student1259@edupredict.com,03189972128,Male,26,DEP011,Marketing,T00218,2,2.47,66.0,Active,"80403 Goodwin Unions Suite 734, Andrealand, PA 32956",2021.0,2026-08-08 12:39:44.193
S001260,Donna,Boyd,student1260@edupredict.com,03933618013,Female,18,DEP016,Architecture,T00234,3,2.69,61.0,Active,"5045 Maria Flats Suite 652, Williamville, ND 47497",2026.0,2026-08-08 12:39:44.194
S001261,Ethan,Gonzalez,student1261@edupredict.com,03685541169,Male,24,DEP013,Electrical Engineering,T00167,7,2.99,81.0,Active,"98980 Hannah Streets, Courtneyton, NJ 06533",2022.0,2026-08-08 12:39:44.195
S001262,Paul,Parker,student1262@edupredict.com,03516624335,Female,27,DEP019,Chemistry,T00079,6,3.56,67.0,Active,"025 Sue Common, Brookehaven, KY 22405",2025.0,2026-08-08 12:39:44.195
S001263,Linda,Dominguez,student1263@edupredict.com,03736378986,Male,25,DEP010,Economics,T00168,3,2.97,79.0,Active,"2980 Marvin Ports, Russellfort, ID 96602",2023.0,2026-08-08 12:39:44.196
S001264,David,Haynes,student1264@edupredict.com,03772989325,Male,22,DEP004,Artificial Intelligence,T00237,2,3.61,63.0,Active,"07138 Susan Bridge, North Julie, AL 75371",2023.0,2026-08-08 12:39:44.197
S001265,Rachel,Schaefer,student1265@edupredict.com,03100047956,Male,27,DEP015,Civil Engineering,T00250,5,2.75,88.0,Active,"179 Gary Spur Suite 996, Lake Zachary, NJ 69819",2021.0,2026-08-08 12:39:44.197
S001266,Christopher,Valdez,student1266@edupredict.com,03228468138,Male,18,DEP005,Data Science,T00027,4,2.94,54.0,Inactive,"9418 Joseph Parkway, East Christopher, AZ 18115",2021.0,2026-08-08 12:39:44.198
S001267,Jennifer,Dawson,student1267@edupredict.com,03940993208,Male,24,DEP008,Accounting,T00186,3,3.25,51.0,Active,"3715 Rose Mission Suite 976, Georgeborough, PW 05831",2025.0,2026-08-08 12:39:44.200
S001268,Ryan,Schultz,student1268@edupredict.com,03548216224,Female,18,DEP012,Management,T00056,6,3.59,88.0,Active,"539 Sharon Route Apt. 296, West Terry, TN 24750",2023.0,2026-08-08 12:39:44.201
S001269,Jamie,Huynh,student1269@edupredict.com,03528719034,Male,23,DEP016,Architecture,T00234,2,2.29,65.0,Active,"162 Tony Haven Suite 617, Lake Tracy, PA 93710",2022.0,2026-08-08 12:39:44.201
S001270,Deborah,Oneill,student1270@edupredict.com,03392457619,Male,26,DEP008,Accounting,T00217,8,2.99,53.0,Active,"342 Davis Knolls, Williamshaven, AZ 60896",2026.0,2026-08-08 12:39:44.202
S001271,Amy,Figueroa,student1271@edupredict.com,03828467221,Female,24,DEP006,Cyber Security,T00132,7,2.83,82.0,Active,"525 Margaret Rue Apt. 744, South Maria, AL 54637",2025.0,2026-08-08 12:39:44.203
S001272,Christopher,Gordon,student1272@edupredict.com,03265990175,Male,23,DEP013,Electrical Engineering,T00065,2,2.84,60.0,Active,"056 Caldwell Keys, Port Cathy, VA 81065",2021.0,2026-08-08 12:39:44.204
S001273,David,Bradshaw,student1273@edupredict.com,03963570238,Male,28,DEP013,Electrical Engineering,T00210,3,2.13,50.0,Active,"883 Laura Isle Suite 992, South Sherri, TX 21697",2025.0,2026-08-08 12:39:44.204
S001274,Charles,Cole,student1274@edupredict.com,03866886669,Male,27,DEP019,Chemistry,T00153,5,3.76,81.0,Active,"11338 Carla Glens Suite 626, Wesleychester, NJ 88935",2025.0,2026-08-08 12:39:44.205
S001275,Daniel,Gonzalez,student1275@edupredict.com,03318906341,Female,25,DEP002,Software Engineering,T00114,7,2.45,72.0,Active,"908 Corey Canyon, Garzaside, NE 34565",2023.0,2026-08-08 12:39:44.206
S001276,Michele,Bryant,student1276@edupredict.com,03185213856,Male,27,DEP018,Physics,T00016,6,2.06,56.0,Active,"961 Mary Road, Stevetown, DE 97792",2021.0,2026-08-08 12:39:44.206
S001277,Kayla,Mitchell,student1277@edupredict.com,03350654294,Male,27,DEP019,Chemistry,T00160,4,2.79,55.0,Active,"10320 Sonya Union Suite 144, Danielburgh, WI 46680",2025.0,2026-08-08 12:39:44.207
S001278,Jacob,Thompson,student1278@edupredict.com,03337697874,Female,22,DEP006,Cyber Security,T00029,1,2.62,77.0,Active,"259 Cody Underpass Suite 924, New Tiffanyside, AK 83162",2025.0,2026-08-08 12:39:44.208
S001279,Kyle,Davis,student1279@edupredict.com,03384939543,Female,26,DEP016,Architecture,T00083,6,3.91,93.0,Active,"890 Michael Crossing, East Waltershire, NH 52897",2021.0,2026-08-08 12:39:44.209
S001280,John,Carlson,student1280@edupredict.com,03867989005,Female,22,DEP003,Information Technology,T00017,4,2.77,52.0,Active,"46776 Jones Mills Suite 048, Andreatown, NJ 76933",2024.0,2026-08-08 12:39:44.210
S001281,Janice,Small,student1281@edupredict.com,03853907595,Male,26,DEP003,Information Technology,T00263,1,3.22,86.0,Active,"524 Scott Tunnel Apt. 718, Rogerston, PW 69398",2022.0,2026-08-08 12:39:44.211
S001282,Kimberly,Stein,student1282@edupredict.com,03962017655,Female,22,DEP010,Economics,T00255,7,3.33,63.0,Active,"PSC 5930, Box 5828, APO AP 34973",2023.0,2026-08-08 12:39:44.211
S001283,Danielle,Hall,student1283@edupredict.com,03536859058,Female,19,DEP005,Data Science,T00283,1,3.76,76.0,Active,"8232 Stephanie Ridges, Wagnerport, PR 77161",2021.0,2026-08-08 12:39:44.212
S001284,Matthew,Morales,student1284@edupredict.com,03781546983,Female,25,DEP015,Civil Engineering,T00211,4,2.51,79.0,Active,"70611 Hill Burg, Frankside, CT 40843",2026.0,2026-08-08 12:39:44.215
S001285,Nicholas,Ellis,student1285@edupredict.com,03332575456,Male,27,DEP006,Cyber Security,T00166,3,3.8,99.0,Active,"863 Williams Run, South Emily, FL 51104",2022.0,2026-08-08 12:39:44.216
S001286,Michael,Stone,student1286@edupredict.com,03150344003,Male,18,DEP007,Business Administration,T00036,2,2.1,65.0,Active,"3507 Jeffrey Crest Apt. 437, New Joshuaburgh, PA 04009",2026.0,2026-08-08 12:39:44.216
S001287,Samuel,Carr,student1287@edupredict.com,03693876356,Male,28,DEP017,Mathematics,T00261,6,2.31,59.0,Inactive,"7357 Michael Fall Suite 197, Thomasstad, AS 34291",2023.0,2026-08-08 12:39:44.217
S001288,Cassandra,Morales,student1288@edupredict.com,03933614402,Male,24,DEP006,Cyber Security,T00282,1,3.22,84.0,Active,"377 Diaz Canyon Suite 477, Denniston, MD 71638",2022.0,2026-08-08 12:39:44.218
S001289,Lori,Gross,student1289@edupredict.com,03558221825,Female,23,DEP009,Finance,T00279,5,3.93,95.0,Active,"4762 Jessica Port, Oscarborough, UT 27758",2026.0,2026-08-08 12:39:44.218
S001290,Robin,Maynard,student1290@edupredict.com,03944758964,Male,19,DEP012,Management,T00081,3,3.7,76.0,Active,"9717 Barker Bypass Apt. 461, Jayland, AL 50274",2022.0,2026-08-08 12:39:44.219
S001291,Amy,Park,student1291@edupredict.com,03702115850,Male,19,DEP005,Data Science,T00228,4,2.19,69.0,Active,"998 Castaneda Plaza, East Christopher, DE 95073",2024.0,2026-08-08 12:39:44.220
S001292,Jamie,Woods,student1292@edupredict.com,03480042718,Male,25,DEP003,Information Technology,T00042,1,3.44,88.0,Inactive,"42739 Hampton Extension Suite 343, Port Mackenzie, KY 71771",2023.0,2026-08-08 12:39:44.221
S001293,Suzanne,Anderson,student1293@edupredict.com,03761897324,Female,22,DEP014,Mechanical Engineering,T00003,2,2.53,95.0,Active,"845 Sarah Corners, Port Matthew, GU 41400",2022.0,2026-08-08 12:39:44.222
S001294,Holly,Strong,student1294@edupredict.com,03717307744,Female,24,DEP011,Marketing,T00075,8,3.45,96.0,Active,"152 Rowland Inlet, Loganmouth, GA 02283",2025.0,2026-08-08 12:39:44.222
S001295,Kevin,Hill,student1295@edupredict.com,03428131655,Male,19,DEP019,Chemistry,T00297,6,3.97,98.0,Inactive,"USNS Washington, FPO AP 82314",2022.0,2026-08-08 12:39:44.223
S001296,Kelsey,Anderson,student1296@edupredict.com,03445823302,Female,20,DEP002,Software Engineering,T00096,4,2.75,71.0,Active,"5955 Duran Lodge, Palmerland, DE 51617",2026.0,2026-08-08 12:39:44.224
S001297,David,Medina,student1297@edupredict.com,03320861919,Female,19,DEP016,Architecture,T00118,4,2.58,86.0,Active,"USNS Crawford, FPO AA 07109",2021.0,2026-08-08 12:39:44.224
S001298,Amy,Lee,student1298@edupredict.com,03360553361,Female,22,DEP012,Management,T00056,5,3.72,75.0,Active,"2510 Jordan Square, Christopherborough, PR 31714",2021.0,2026-08-08 12:39:44.225
S001299,Sarah,Lowery,student1299@edupredict.com,03142181326,Female,19,DEP019,Chemistry,T00044,6,2.32,58.0,Active,"Unit 1416 Box 3772, DPO AE 29619",2025.0,2026-08-08 12:39:44.225
S001300,Andrew,Warner,student1300@edupredict.com,03406522523,Female,23,DEP020,Biology,T00267,4,3.44,76.0,Active,"00152 Nelson Streets, Kathrynside, GA 83867",2022.0,2026-08-08 12:39:44.227
S001301,Shawn,Barnes,student1301@edupredict.com,03934843165,Female,18,DEP007,Business Administration,T00143,2,3.97,59.0,Active,"15023 Palmer Row Suite 288, East Tracyside, IN 87656",2026.0,2026-08-08 12:39:45.490
S001302,Terri,Price,student1302@edupredict.com,03108276902,Male,25,DEP007,Business Administration,T00032,1,2.06,93.0,Active,"0042 Garrett Motorway, Tonyafurt, OK 53165",2023.0,2026-08-08 12:39:45.492
S001303,Wendy,Austin,student1303@edupredict.com,03346689822,Male,18,DEP017,Mathematics,T00048,6,3.04,95.0,Active,"315 Blake Wells Suite 360, Hardymouth, MI 08856",2024.0,2026-08-08 12:39:45.492
S001304,Michael,Griffith,student1304@edupredict.com,03719334281,Male,18,DEP009,Finance,T00178,1,2.56,90.0,Active,"71220 Jessica Points Apt. 937, East Marktown, WA 17461",2022.0,2026-08-08 12:39:45.494
S001305,Anita,Williams,student1305@edupredict.com,03780519544,Female,22,DEP009,Finance,T00076,1,2.59,51.0,Active,"PSC 4135, Box 0695, APO AA 60729",2021.0,2026-08-08 12:39:45.495
S001306,Aaron,Hebert,student1306@edupredict.com,03392720599,Male,19,DEP014,Mechanical Engineering,T00257,7,2.67,82.0,Active,"676 Salazar Crescent, Kristinemouth, MI 77597",2023.0,2026-08-08 12:39:45.495
S001307,Brian,Adkins,student1307@edupredict.com,03285637389,Female,28,DEP003,Information Technology,T00099,2,3.65,52.0,Active,"57738 Nguyen Bridge Suite 968, East Nancyberg, FM 44849",2022.0,2026-08-08 12:39:45.496
S001308,Melissa,Mack,student1308@edupredict.com,03514712872,Female,21,DEP006,Cyber Security,T00205,5,2.16,68.0,Active,"437 Patel Spring, Bryanside, AR 31563",2021.0,2026-08-08 12:39:45.497
S001309,Lisa,Baker,student1309@edupredict.com,03923893387,Male,19,DEP020,Biology,T00116,5,3.17,82.0,Active,"5247 Jones Pass Apt. 717, North Hayley, OK 51093",2022.0,2026-08-08 12:39:45.498
S001310,Eduardo,Pitts,student1310@edupredict.com,03811771317,Male,19,DEP012,Management,T00266,4,3.45,73.0,Active,"195 Perry Knoll Suite 200, New Shaneland, NJ 67297",2022.0,2026-08-08 12:39:45.499
S001311,Brian,Bradley,student1311@edupredict.com,03844227597,Female,21,DEP009,Finance,T00021,8,3.27,75.0,Active,"36716 Villa Radial Suite 457, Christinaton, IN 22068",2022.0,2026-08-08 12:39:45.499
S001312,Jacob,Brown,student1312@edupredict.com,03985916742,Male,22,DEP003,Information Technology,T00042,3,3.45,61.0,Inactive,"9041 Susan Islands Suite 513, North Nicole, NC 99644",2026.0,2026-08-08 12:39:45.500
S001313,Courtney,Carrillo,student1313@edupredict.com,03114819723,Female,21,DEP009,Finance,T00146,8,3.56,99.0,Active,"48524 James Vista Suite 619, South Bradleystad, NV 94266",2023.0,2026-08-08 12:39:45.501
S001314,Lauren,Powell,student1314@edupredict.com,03390675102,Female,28,DEP011,Marketing,T00181,1,2.05,93.0,Active,"30344 Eric Branch Apt. 628, East Danielfort, AZ 33594",2024.0,2026-08-08 12:39:45.501
S001315,Victor,Peters,student1315@edupredict.com,03444356359,Female,22,DEP017,Mathematics,T00144,1,2.69,53.0,Active,"Unit 1942 Box 0919, DPO AE 95123",2021.0,2026-08-08 12:39:45.502
S001316,Robert,Phillips,student1316@edupredict.com,03474139355,Male,21,DEP013,Electrical Engineering,T00050,7,2.81,64.0,Active,"27953 Robinson Loaf, East Maria, MS 68190",2021.0,2026-08-08 12:39:45.502
S001317,Timothy,Prince,student1317@edupredict.com,03849082496,Female,21,DEP003,Information Technology,T00135,7,3.51,62.0,Active,"261 Martin Passage Apt. 223, Lauratown, NY 53104",2024.0,2026-08-08 12:39:45.503
S001318,Ronald,Grant,student1318@edupredict.com,03143365466,Female,18,DEP005,Data Science,T00258,4,3.22,72.0,Active,"001 Andrew Parkways Suite 076, East Micheleberg, NJ 88080",2024.0,2026-08-08 12:39:45.504
S001319,Amanda,Nguyen,student1319@edupredict.com,03601569498,Male,24,DEP004,Artificial Intelligence,T00067,8,2.3,92.0,Active,"601 Maurice Turnpike, Michaelstad, TN 65021",2023.0,2026-08-08 12:39:45.505
S001320,Elizabeth,Allen,student1320@edupredict.com,03262182519,Female,25,DEP004,Artificial Intelligence,T00070,3,3.57,86.0,Inactive,"920 David View Suite 610, Timothyfort, AZ 72619",2021.0,2026-08-08 12:39:45.505
S001321,Julia,Spence,student1321@edupredict.com,03667873206,Male,24,DEP017,Mathematics,T00085,5,2.93,88.0,Active,"88450 Jessica Burgs, South Thomas, SC 81985",2026.0,2026-08-08 12:39:45.506
S001322,Maxwell,Smith,student1322@edupredict.com,03624093804,Male,20,DEP013,Electrical Engineering,T00269,6,3.7,92.0,Active,"1275 Chelsea Knoll, Hernandezport, NJ 74193",2024.0,2026-08-08 12:39:45.507
S001323,Jessica,Martinez,student1323@edupredict.com,03398911148,Female,27,DEP020,Biology,T00019,2,3.97,93.0,Active,"7443 Bush Knoll Apt. 442, Andersenview, DC 35338",2021.0,2026-08-08 12:39:45.507
S001324,Jacob,Turner,student1324@edupredict.com,03633809929,Female,19,DEP019,Chemistry,T00128,4,2.44,60.0,Inactive,"9285 Kevin Islands Suite 080, North Kevinstad, NC 24100",2023.0,2026-08-08 12:39:45.509
S001325,David,Adams,student1325@edupredict.com,03515181370,Male,28,DEP016,Architecture,T00158,4,2.29,67.0,Active,"7520 Mario Plaza, West Stephaniemouth, NE 88132",2023.0,2026-08-08 12:39:45.510
S001326,Kevin,Pineda,student1326@edupredict.com,03699100221,Female,18,DEP007,Business Administration,T00124,5,3.26,71.0,Active,"10568 Walter Vista, Ericastad, PW 31882",2022.0,2026-08-08 12:39:45.511
S001327,Kimberly,Smith,student1327@edupredict.com,03740487876,Female,18,DEP010,Economics,T00072,1,3.29,80.0,Active,"2959 Alisha Throughway, Hodgestown, WA 31530",2026.0,2026-08-08 12:39:45.511
S001328,Edward,Thompson,student1328@edupredict.com,03238754723,Male,21,DEP005,Data Science,T00052,3,3.27,92.0,Active,"98941 Gutierrez Ways, New Emily, NM 06213",2022.0,2026-08-08 12:39:45.512
S001329,Elizabeth,Lee,student1329@edupredict.com,03526654123,Female,19,DEP002,Software Engineering,T00223,4,2.88,99.0,Active,"47199 Griffin Rue Apt. 353, South Grantside, CO 49208",2025.0,2026-08-08 12:39:45.519
S001330,Diane,Morales,student1330@edupredict.com,03896496505,Male,21,DEP005,Data Science,T00095,8,2.48,68.0,Active,"78488 Kirk Path, North Willie, FM 01402",2024.0,2026-08-08 12:39:45.520
S001331,Carlos,Silva,student1331@edupredict.com,03783389153,Female,27,DEP001,Computer Science,T00240,5,2.08,64.0,Active,"65326 Mary Springs, Lauriehaven, PW 55540",2026.0,2026-08-08 12:39:45.521
S001332,Kimberly,Padilla,student1332@edupredict.com,03770373415,Female,19,DEP012,Management,T00149,3,2.63,94.0,Active,"9123 Erica Tunnel Apt. 912, Mcclainbury, FL 70559",2025.0,2026-08-08 12:39:45.521
S001333,Anthony,Barber,student1333@edupredict.com,03132570467,Female,25,DEP011,Marketing,T00133,3,2.8,94.0,Active,"81970 Laura Harbors Apt. 582, Kathyburgh, NC 93606",2026.0,2026-08-08 12:39:45.522
S001334,Kimberly,Thomas,student1334@edupredict.com,03159248770,Female,18,DEP015,Civil Engineering,T00170,1,3.82,94.0,Active,"946 James Ville, Amandafurt, TX 44235",2024.0,2026-08-08 12:39:45.523
S001335,Andrew,Villa,student1335@edupredict.com,03830883212,Female,18,DEP013,Electrical Engineering,T00119,3,3.2,75.0,Active,"433 William Ville, Connortown, CT 97965",2026.0,2026-08-08 12:39:45.525
S001336,Mary,Russell,student1336@edupredict.com,03174575847,Male,26,DEP007,Business Administration,T00298,6,2.09,95.0,Active,"14106 Thomas Flats, South Jeffrey, NE 25896",2026.0,2026-08-08 12:39:45.526
S001337,Karen,Duke,student1337@edupredict.com,03960603622,Female,26,DEP008,Accounting,T00286,3,2.15,95.0,Active,"7393 Saunders Vista, New Marc, IA 95347",2024.0,2026-08-08 12:39:45.527
S001338,Misty,Walter,student1338@edupredict.com,03374946532,Female,27,DEP019,Chemistry,T00198,2,2.06,75.0,Active,"PSC 8628, Box 6722, APO AP 07553",2024.0,2026-08-08 12:39:45.527
S001339,Lori,Avery,student1339@edupredict.com,03524579976,Male,21,DEP002,Software Engineering,T00096,6,2.76,56.0,Active,"90631 Andrew Station Apt. 935, Lake Derekshire, SC 66723",2025.0,2026-08-08 12:39:45.528
S001340,Erica,Wilcox,student1340@edupredict.com,03725572428,Female,18,DEP014,Mechanical Engineering,T00299,3,2.85,70.0,Active,"USNS Castillo, FPO AP 44600",2023.0,2026-08-08 12:39:45.528
S001341,Stephanie,Moore,student1341@edupredict.com,03762855315,Male,19,DEP019,Chemistry,T00160,7,2.77,85.0,Active,"355 Brady Islands Apt. 752, West Cherylside, MP 50491",2022.0,2026-08-08 12:39:45.529
S001342,Matthew,Willis,student1342@edupredict.com,03919376608,Female,28,DEP012,Management,T00024,4,2.86,56.0,Active,"78048 Rachel Wells, Burnston, FM 00706",2025.0,2026-08-08 12:39:45.530
S001343,Angela,Young,student1343@edupredict.com,03869640945,Female,20,DEP005,Data Science,T00258,4,2.1,72.0,Active,"Unit 6262 Box 7244, DPO AP 00672",2025.0,2026-08-08 12:39:45.530
S001344,Ruth,Collins,student1344@edupredict.com,03833331483,Male,22,DEP016,Architecture,T00225,6,2.83,94.0,Active,"05657 Lopez Roads, South Laurenhaven, WY 89593",2023.0,2026-08-08 12:39:45.531
S001345,Susan,Macdonald,student1345@edupredict.com,03675519041,Female,24,DEP018,Physics,T00156,1,3.74,98.0,Active,"50894 Hunter Lakes, Henryside, VA 06486",2025.0,2026-08-08 12:39:45.532
S001346,Caitlin,Murphy,student1346@edupredict.com,03648900475,Female,23,DEP004,Artificial Intelligence,T00285,1,3.72,80.0,Inactive,"6352 Stevens Viaduct, Sancheztown, NY 72265",2026.0,2026-08-08 12:39:45.931
S001347,William,Taylor,student1347@edupredict.com,03909448098,Female,23,DEP006,Cyber Security,T00132,5,3.46,72.0,Active,"541 Angela Spring, North Amandaberg, PA 57915",2022.0,2026-08-08 12:39:45.932
S001348,Jessica,Mitchell,student1348@edupredict.com,03888098990,Male,22,DEP005,Data Science,T00093,4,3.89,72.0,Active,"77033 Deborah Brooks Suite 218, East Danielshire, ME 19185",2021.0,2026-08-08 12:39:45.933
S001349,Patrick,Patrick,student1349@edupredict.com,03835037841,Female,22,DEP013,Electrical Engineering,T00278,8,2.31,52.0,Active,"3650 Gregory Landing Apt. 517, West Derekshire, AK 13036",2023.0,2026-08-08 12:39:45.933
S001350,Dennis,Carter,student1350@edupredict.com,03656697144,Female,25,DEP020,Biology,T00019,5,3.63,50.0,Inactive,"38243 Mcintyre Freeway Suite 802, East David, ND 78885",2026.0,2026-08-08 12:39:45.934
S001351,Amanda,Weaver,student1351@edupredict.com,03869095760,Female,23,DEP008,Accounting,T00002,1,3.4,92.0,Active,"2766 Jessica Freeway Suite 488, Jasonfurt, KS 78727",2023.0,2026-08-08 12:39:45.935
S001352,Angela,Brown,student1352@edupredict.com,03638238890,Female,18,DEP006,Cyber Security,T00166,1,2.06,58.0,Active,"418 Case Vista Suite 528, Aliciaberg, AK 70282",2025.0,2026-08-08 12:39:45.936
S001353,Jacqueline,Garcia,student1353@edupredict.com,03517535717,Male,18,DEP017,Mathematics,T00206,6,3.94,87.0,Active,"03982 King Squares Suite 372, New Jasmine, VA 44634",2024.0,2026-08-08 12:39:45.936
S001354,Mary,Cross,student1354@edupredict.com,03169181520,Female,26,DEP010,Economics,T00193,7,2.38,72.0,Active,"237 Kelly Motorway Suite 289, Melissaland, KS 23472",2024.0,2026-08-08 12:39:45.937
S001355,Emily,Saunders,student1355@edupredict.com,03942903869,Male,22,DEP008,Accounting,T00087,2,3.1,58.0,Active,"9849 Kristen Centers Suite 670, Leefurt, SD 07130",2026.0,2026-08-08 12:39:45.938
S001356,John,Curtis,student1356@edupredict.com,03533924973,Female,28,DEP008,Accounting,T00087,6,3.03,70.0,Active,"80558 Barton Square Suite 455, Sheaport, NJ 63036",2022.0,2026-08-08 12:39:45.939
S001357,James,Diaz,student1357@edupredict.com,03435514284,Female,21,DEP007,Business Administration,T00177,5,3.97,58.0,Active,"775 Davis Cliffs Apt. 622, South Ian, LA 38932",2026.0,2026-08-08 12:39:45.940
S001358,Rose,Martinez,student1358@edupredict.com,03833998102,Female,27,DEP004,Artificial Intelligence,T00129,1,2.53,67.0,Active,"9980 Christian Causeway Suite 252, Leefurt, HI 39762",2024.0,2026-08-08 12:39:45.940
S001359,Rachel,Lane,student1359@edupredict.com,03960324908,Male,27,DEP007,Business Administration,T00188,2,3.37,99.0,Active,"82054 Rosario Way, Carriefort, SC 48052",2022.0,2026-08-08 12:39:45.942
S001360,Cynthia,Bradshaw,student1360@edupredict.com,03853257377,Female,27,DEP004,Artificial Intelligence,T00281,2,2.47,91.0,Active,"1111 Berry Flats, Robertbury, ND 25690",2026.0,2026-08-08 12:39:45.943
S001361,Karl,Roman,student1361@edupredict.com,03420603687,Female,19,DEP001,Computer Science,T00060,5,3.12,74.0,Active,"04551 Patterson Burgs Apt. 140, North Brian, AS 46046",2025.0,2026-08-08 12:39:45.944
S001362,Michael,Lopez,student1362@edupredict.com,03541224604,Female,18,DEP018,Physics,T00204,1,2.87,78.0,Active,"6695 Margaret Land, Ericburgh, RI 48381",2022.0,2026-08-08 12:39:45.944
S001363,Michael,Owens,student1363@edupredict.com,03129215098,Male,20,DEP009,Finance,T00120,5,3.25,51.0,Active,"82816 Patricia Viaduct Apt. 783, Port John, IL 55912",2021.0,2026-08-08 12:39:45.945
S001364,Michelle,Wall,student1364@edupredict.com,03232437936,Male,25,DEP018,Physics,T00230,5,2.16,73.0,Inactive,"3063 Renee Station, East Kimberly, PA 54088",2021.0,2026-08-08 12:39:45.946
S001365,Gary,Erickson,student1365@edupredict.com,03789866941,Female,27,DEP018,Physics,T00156,2,3.39,88.0,Active,"2576 Parks Underpass Suite 518, Thomasfort, NY 21579",2024.0,2026-08-08 12:39:45.946
S001366,Christopher,Gonzalez,student1366@edupredict.com,03827248571,Male,26,DEP017,Mathematics,T00137,1,3.97,53.0,Active,"71150 Tina Curve, Patrickborough, TN 82086",2022.0,2026-08-08 12:39:45.947
S001367,Sydney,Santiago,student1367@edupredict.com,03685248591,Male,28,DEP005,Data Science,T00228,4,3.66,67.0,Active,"284 Leslie Plains Suite 903, West Kyleside, TX 87628",2024.0,2026-08-08 12:39:45.948
S001368,Justin,Ayala,student1368@edupredict.com,03875686149,Male,23,DEP020,Biology,T00034,8,2.77,65.0,Active,"7754 Sean Views, North Alexandra, GA 46235",2021.0,2026-08-08 12:39:45.949
S001369,Michael,Lewis,student1369@edupredict.com,03372460995,Female,28,DEP015,Civil Engineering,T00147,6,3.64,90.0,Active,"USS Robles, FPO AA 11881",2024.0,2026-08-08 12:39:45.949
S001370,Zachary,Jones,student1370@edupredict.com,03898293599,Female,19,DEP001,Computer Science,T00028,3,3.51,64.0,Active,"66086 Thomas Union, Lake Erikaburgh, RI 27473",2024.0,2026-08-08 12:39:45.950
S001371,Michael,Singh,student1371@edupredict.com,03208701830,Male,24,DEP002,Software Engineering,T00062,6,2.28,85.0,Active,"USNS Bauer, FPO AA 97527",2023.0,2026-08-08 12:39:45.950
S001372,Brian,Stanley,student1372@edupredict.com,03864788281,Female,28,DEP002,Software Engineering,T00194,2,3.89,56.0,Active,"714 David Row, Robertburgh, DC 55757",2022.0,2026-08-08 12:39:45.951
S001373,Sharon,Lewis,student1373@edupredict.com,03208068324,Male,23,DEP014,Mechanical Engineering,T00092,5,2.26,94.0,Active,"44935 Ian Keys Suite 403, Keithview, OR 74055",2026.0,2026-08-08 12:39:45.952
S001374,John,Brown,student1374@edupredict.com,03548983467,Female,28,DEP002,Software Engineering,T00212,2,2.27,69.0,Active,"8225 Brown Greens Suite 090, Jessicabury, VI 35530",2025.0,2026-08-08 12:39:45.953
S001375,Erin,Haynes,student1375@edupredict.com,03541868183,Male,26,DEP007,Business Administration,T00032,1,2.71,51.0,Inactive,"5490 Shawn Falls Apt. 091, East Sharonhaven, OK 45269",2024.0,2026-08-08 12:39:45.953
S001376,Eric,Beck,student1376@edupredict.com,03917642171,Female,24,DEP019,Chemistry,T00274,4,2.11,94.0,Active,"07898 Hill Run Suite 993, Lake Autumnmouth, VA 84968",2023.0,2026-08-08 12:39:45.954
S001377,Kelly,Mejia,student1377@edupredict.com,03350907268,Female,21,DEP006,Cyber Security,T00229,2,3.31,99.0,Active,"48987 Wallace Well Apt. 163, New Amber, PR 17042",2023.0,2026-08-08 12:39:45.955
S001378,Charles,Davis,student1378@edupredict.com,03883725213,Female,20,DEP020,Biology,T00159,5,2.09,70.0,Active,"81036 Rodriguez Gardens, Davismouth, KS 89165",2022.0,2026-08-08 12:39:45.956
S001379,Tonya,Pittman,student1379@edupredict.com,03529683173,Male,23,DEP015,Civil Engineering,T00196,8,2.1,75.0,Active,"185 Brian Orchard Apt. 689, East Sharon, WA 16704",2022.0,2026-08-08 12:39:45.956
S001380,Marilyn,Miles,student1380@edupredict.com,03589529405,Female,22,DEP019,Chemistry,T00274,8,3.46,87.0,Active,"38774 Jason Mill, South Brian, WI 44409",2021.0,2026-08-08 12:39:45.957
S001381,David,Weaver,student1381@edupredict.com,03602429614,Female,19,DEP017,Mathematics,T00077,2,2.83,61.0,Inactive,"647 Sarah Islands Apt. 042, Julieside, OH 50211",2022.0,2026-08-08 12:39:45.958
S001382,Annette,Randall,student1382@edupredict.com,03586857156,Female,20,DEP011,Marketing,T00075,7,3.19,63.0,Active,"PSC 6318, Box 6012, APO AA 65606",2022.0,2026-08-08 12:39:45.959
S001383,Brooke,Steele,student1383@edupredict.com,03500155439,Male,20,DEP001,Computer Science,T00240,4,2.05,66.0,Inactive,"9569 Sara Ridges, North Johnville, IL 54419",2025.0,2026-08-08 12:39:45.960
S001384,Laura,Curtis,student1384@edupredict.com,03996454127,Female,27,DEP017,Mathematics,T00206,2,3.62,51.0,Active,"82071 Walker Pike, Aaronport, GA 90407",2023.0,2026-08-08 12:39:45.961
S001385,Sheila,Vance,student1385@edupredict.com,03442447372,Male,24,DEP003,Information Technology,T00135,1,3.39,86.0,Active,"008 Brenda Brook Suite 309, Garnerhaven, OH 50615",2021.0,2026-08-08 12:39:45.962
S001386,Leah,Gentry,student1386@edupredict.com,03472368200,Female,20,DEP003,Information Technology,T00247,4,2.02,72.0,Active,"05479 Mark Manor, Oscarland, NV 32401",2026.0,2026-08-08 12:39:45.962
S001387,Nicole,Medina,student1387@edupredict.com,03575784348,Female,28,DEP013,Electrical Engineering,T00030,3,3.89,57.0,Inactive,"32131 Jessica Road Suite 757, East Stephaniebury, AR 70580",2024.0,2026-08-08 12:39:45.963
S001388,Andrew,Marquez,student1388@edupredict.com,03159573071,Male,23,DEP006,Cyber Security,T00113,8,3.27,75.0,Active,"27354 Brett Vista, Faithside, MP 41925",2022.0,2026-08-08 12:39:45.964
S001389,Natalie,White,student1389@edupredict.com,03884411103,Male,24,DEP016,Architecture,T00008,7,3.92,61.0,Active,"72067 Bryan Valley, South Emilymouth, ME 67863",2023.0,2026-08-08 12:39:45.964
S001390,Tabitha,Gray,student1390@edupredict.com,03928851171,Male,21,DEP014,Mechanical Engineering,T00033,2,3.33,58.0,Active,"60188 Jacob Plaza, Mitchellstad, IL 90713",2026.0,2026-08-08 12:39:45.965
S001391,Stephanie,Palmer,student1391@edupredict.com,03578023936,Female,22,DEP003,Information Technology,T00135,2,2.87,100.0,Active,"165 Todd Trail Apt. 892, North Marcland, CO 51543",2021.0,2026-08-08 12:39:47.150
S001392,Katie,Berger,student1392@edupredict.com,03394271022,Male,22,DEP010,Economics,T00091,7,3.91,60.0,Active,"71785 Robert Roads, Savannahstad, AR 31277",2025.0,2026-08-08 12:39:47.151
S001393,Roberta,Martin,student1393@edupredict.com,03555546206,Male,27,DEP019,Chemistry,T00045,5,2.74,79.0,Inactive,"1341 John Lane, Danielleville, GU 64738",2022.0,2026-08-08 12:39:47.152
S001394,Jacqueline,Jones,student1394@edupredict.com,03481234822,Female,20,DEP016,Architecture,T00083,4,2.11,65.0,Active,"86941 Turner Fort Suite 162, Lake James, LA 52375",2025.0,2026-08-08 12:39:47.152
S001395,Samantha,Moody,student1395@edupredict.com,03750448961,Male,19,DEP009,Finance,T00178,2,2.2,65.0,Active,"519 Sarah Rapid Suite 967, East Brenda, ME 36611",2026.0,2026-08-08 12:39:47.153
S001396,Bruce,Harrell,student1396@edupredict.com,03258404719,Female,28,DEP020,Biology,T00116,2,2.31,72.0,Active,"126 David Estate Suite 471, New Lonnie, SC 62474",2024.0,2026-08-08 12:39:47.154
S001397,Joseph,Mann,student1397@edupredict.com,03616486164,Male,18,DEP016,Architecture,T00189,7,2.46,72.0,Active,"27623 Diana Squares Apt. 459, Lake Jennifer, KS 77877",2022.0,2026-08-08 12:39:47.155
S001398,Craig,Sims,student1398@edupredict.com,03889843368,Male,23,DEP015,Civil Engineering,T00182,1,3.84,69.0,Active,"79020 Williams Road Apt. 111, West Nathanberg, CA 40476",2025.0,2026-08-08 12:39:47.155
S001399,Rebecca,Bailey,student1399@edupredict.com,03212824653,Female,19,DEP013,Electrical Engineering,T00167,8,3.22,82.0,Active,"32906 Brown Camp Suite 428, Aguirrehaven, MT 15754",2025.0,2026-08-08 12:39:47.157
S001400,Jessica,White,student1400@edupredict.com,03583683852,Female,24,DEP001,Computer Science,T00187,5,3.31,66.0,Active,"35144 Rebecca Tunnel Suite 821, Jonesfort, PA 00989",2022.0,2026-08-08 12:39:47.157
S001401,Jessica,Pacheco,student1401@edupredict.com,03221522279,Female,25,DEP008,Accounting,T00191,2,3.44,75.0,Active,"5971 Lynch Ford Apt. 503, North Aaron, IA 65658",2024.0,2026-08-08 12:39:47.158
S001402,Diana,Hernandez,student1402@edupredict.com,03997796306,Female,26,DEP020,Biology,T00162,6,2.87,93.0,Active,"54554 Castaneda Knoll, Port Patriciastad, VA 51527",2021.0,2026-08-08 12:39:47.159
S001403,James,Hoffman,student1403@edupredict.com,03405389441,Male,22,DEP016,Architecture,T00234,1,2.95,94.0,Active,"806 Allen Shoal Apt. 715, Myersbury, VA 55255",2025.0,2026-08-08 12:39:47.160
S001404,Lisa,Murphy,student1404@edupredict.com,03441381293,Male,24,DEP008,Accounting,T00191,6,2.79,69.0,Active,"489 Jamie Union, Andersonview, MN 66681",2025.0,2026-08-08 12:39:47.160
S001405,Katrina,Macias,student1405@edupredict.com,03178791227,Male,23,DEP009,Finance,T00209,7,2.09,79.0,Active,"5230 Dennis Canyon, Christopherborough, CA 43459",2021.0,2026-08-08 12:39:47.162
S001406,Christopher,Black,student1406@edupredict.com,03422812806,Female,18,DEP001,Computer Science,T00015,7,3.61,65.0,Active,"799 Stephanie Walks, Daniellefort, AS 90260",2022.0,2026-08-08 12:39:47.163
S001407,Emily,Bartlett,student1407@edupredict.com,03597019236,Female,18,DEP002,Software Engineering,T00292,6,2.46,90.0,Active,"62353 Blair Spur, Margaretside, MI 14168",2026.0,2026-08-08 12:39:47.164
S001408,Leslie,Walker,student1408@edupredict.com,03555559730,Female,28,DEP019,Chemistry,T00153,2,2.83,90.0,Active,"168 Strong Pass, South Dustin, OK 44380",2025.0,2026-08-08 12:39:47.164
S001409,Zachary,Ryan,student1409@edupredict.com,03833993502,Female,26,DEP003,Information Technology,T00247,5,3.94,64.0,Active,"5368 Tamara Loop Apt. 728, West Scott, DE 90070",2025.0,2026-08-08 12:39:47.165
S001410,Danny,Melton,student1410@edupredict.com,03642963058,Male,28,DEP003,Information Technology,T00163,3,3.18,85.0,Active,"Unit 8228 Box 0563, DPO AE 07021",2023.0,2026-08-08 12:39:47.166
S001411,Sean,Horn,student1411@edupredict.com,03232854963,Male,22,DEP018,Physics,T00216,8,3.92,75.0,Active,"834 Davis Valley Suite 303, Evansfurt, GU 97421",2022.0,2026-08-08 12:39:47.166
S001412,Amanda,Martinez,student1412@edupredict.com,03155310274,Male,22,DEP020,Biology,T00019,4,3.03,79.0,Active,"0147 Marcus Estate Apt. 230, South Teresafurt, OH 00848",2022.0,2026-08-08 12:39:47.167
S001413,Amy,Gaines,student1413@edupredict.com,03190476112,Male,23,DEP002,Software Engineering,T00114,5,3.77,81.0,Active,"4880 Dennis Cove Apt. 796, North Curtisborough, CT 71388",2021.0,2026-08-08 12:39:47.168
S001414,Holly,Patel,student1414@edupredict.com,03131113687,Male,27,DEP012,Management,T00047,3,3.06,96.0,Inactive,"7003 Hill Hill Apt. 623, Hermanmouth, GU 92513",2024.0,2026-08-08 12:39:47.169
S001415,Laura,Pearson,student1415@edupredict.com,03143890420,Female,19,DEP017,Mathematics,T00239,4,3.53,55.0,Active,"0237 Bates Shoal, East Kimberly, AK 20630",2026.0,2026-08-08 12:39:47.169
S001416,Sara,Fernandez,student1416@edupredict.com,03265703855,Male,19,DEP020,Biology,T00162,2,3.57,99.0,Active,"115 Bryant Extension Apt. 164, Stephenberg, VT 44993",2025.0,2026-08-08 12:39:47.170
S001417,Stacey,Hall,student1417@edupredict.com,03238434651,Female,19,DEP016,Architecture,T00234,1,3.0,54.0,Active,"5791 Katherine Court, Marioland, DE 01557",2021.0,2026-08-08 12:39:47.171
S001418,Phillip,Baker,student1418@edupredict.com,03188255800,Female,21,DEP014,Mechanical Engineering,T00238,4,2.19,56.0,Active,"411 Natalie Village Apt. 070, Juarezhaven, AR 40513",2021.0,2026-08-08 12:39:47.172
S001419,Justin,Lee,student1419@edupredict.com,03215592064,Female,24,DEP020,Biology,T00140,1,2.1,94.0,Active,"5603 Harper Islands Suite 858, South Maria, ND 83000",2025.0,2026-08-08 12:39:47.174
S001420,Robert,Garcia,student1420@edupredict.com,03173768363,Male,22,DEP013,Electrical Engineering,T00066,3,3.07,75.0,Active,"1523 Jenny Road Suite 453, New Deborah, VI 07136",2024.0,2026-08-08 12:39:47.175
S001421,Rebecca,Dickerson,student1421@edupredict.com,03594981088,Male,28,DEP019,Chemistry,T00227,5,3.22,63.0,Active,"0081 Matthew Orchard Suite 677, East Steven, TN 29096",2026.0,2026-08-08 12:39:47.176
S001422,Amanda,Parker,student1422@edupredict.com,03233727035,Male,23,DEP012,Management,T00056,8,2.25,64.0,Active,"4216 Tammy Mission, Wilsonside, KS 89831",2022.0,2026-08-08 12:39:47.177
S001423,Patrick,Lucas,student1423@edupredict.com,03548521362,Male,18,DEP001,Computer Science,T00296,8,2.45,56.0,Active,"3507 Joseph Forks Apt. 962, Port Jamesmouth, MD 37694",2021.0,2026-08-08 12:39:47.177
S001424,Thomas,Wang,student1424@edupredict.com,03521252625,Male,27,DEP008,Accounting,T00122,6,2.99,90.0,Active,"888 Stephanie Forks Suite 779, Barronburgh, ND 16457",2021.0,2026-08-08 12:39:47.182
S001425,Christine,Maxwell,student1425@edupredict.com,03604705613,Female,18,DEP019,Chemistry,T00274,2,2.98,60.0,Inactive,"66966 Donna Isle Apt. 234, Lake Cheryltown, IA 17757",2026.0,2026-08-08 12:39:47.183
S001426,Rebecca,Marshall,student1426@edupredict.com,03898224053,Male,21,DEP007,Business Administration,T00298,6,3.53,72.0,Active,"Unit 4870 Box 1338, DPO AA 39145",2023.0,2026-08-08 12:39:47.183
S001427,Michael,Escobar,student1427@edupredict.com,03145898954,Female,23,DEP004,Artificial Intelligence,T00290,4,3.11,50.0,Active,"02795 Hansen Course, Chrisborough, MH 77534",2024.0,2026-08-08 12:39:47.184
S001428,David,Fletcher,student1428@edupredict.com,03570897852,Female,23,DEP005,Data Science,T00294,3,3.66,61.0,Active,"8720 Blake Point Apt. 386, South Billy, MP 94571",2021.0,2026-08-08 12:39:47.185
S001429,Christopher,Cruz,student1429@edupredict.com,03206676412,Male,18,DEP010,Economics,T00072,1,2.07,86.0,Active,"036 Andrew Orchard Apt. 815, North Tonyport, CT 69895",2023.0,2026-08-08 12:39:47.185
S001430,Toni,Montes,student1430@edupredict.com,03701947935,Male,26,DEP012,Management,T00215,3,2.36,63.0,Active,"23162 Vincent Flats, Port Dawnborough, DC 17218",2025.0,2026-08-08 12:39:47.187
S001431,Bruce,Vega,student1431@edupredict.com,03825430655,Female,25,DEP007,Business Administration,T00245,3,2.14,70.0,Inactive,"5883 Ashley Burg, Theresatown, RI 70542",2023.0,2026-08-08 12:39:47.188
S001432,Hannah,Dickerson,student1432@edupredict.com,03281923079,Female,23,DEP019,Chemistry,T00160,7,3.02,70.0,Active,"8429 Smith Freeway Apt. 583, Cookberg, MI 34830",2024.0,2026-08-08 12:39:47.189
S001433,Bradley,Murray,student1433@edupredict.com,03302008285,Male,22,DEP013,Electrical Engineering,T00210,5,2.73,59.0,Active,"041 Byrd Spur, Garyberg, NM 91597",2022.0,2026-08-08 12:39:47.191
S001434,Diana,Jones,student1434@edupredict.com,03700506958,Female,18,DEP007,Business Administration,T00275,3,3.5,74.0,Active,"702 Valdez Crossing, Port Annaside, AR 18830",2025.0,2026-08-08 12:39:47.620
S001435,Michael,Rush,student1435@edupredict.com,03397846862,Male,24,DEP018,Physics,T00204,2,2.84,76.0,Active,"91441 James Mall Suite 019, Tinaborough, MO 25406",2022.0,2026-08-08 12:39:47.621
S001436,Melissa,Thomas,student1436@edupredict.com,03369786241,Female,25,DEP003,Information Technology,T00074,6,2.4,88.0,Active,"6644 Susan Dale Apt. 413, Lake Brendaborough, CO 39468",2026.0,2026-08-08 12:39:47.622
S001437,Heather,Watson,student1437@edupredict.com,03422622352,Male,27,DEP004,Artificial Intelligence,T00129,6,2.34,63.0,Inactive,"41741 Hendricks Bridge, Buckshire, LA 34430",2026.0,2026-08-08 12:39:47.623
S001438,Dennis,James,student1438@edupredict.com,03178780560,Male,28,DEP012,Management,T00266,1,2.05,71.0,Active,"249 Tonya Fords, Justinborough, KY 23633",2023.0,2026-08-08 12:39:47.624
S001439,Alexander,Cooper,student1439@edupredict.com,03916165772,Male,25,DEP006,Cyber Security,T00031,2,3.96,66.0,Active,"0022 Edwards Club, Port Christopher, CA 55922",2026.0,2026-08-08 12:39:47.625
S001440,Christopher,Blake,student1440@edupredict.com,03382061581,Male,18,DEP002,Software Engineering,T00096,3,2.69,68.0,Active,"3765 Denise Stream, West Jacob, WI 89573",2024.0,2026-08-08 12:39:47.625
S001441,Miguel,Richards,student1441@edupredict.com,03385303777,Female,26,DEP016,Architecture,T00008,8,3.32,71.0,Active,"3770 Carter Squares, Lopezport, MH 60875",2024.0,2026-08-08 12:39:47.626
S001442,Donald,Griffin,student1442@edupredict.com,03560420837,Female,22,DEP010,Economics,T00091,2,2.26,60.0,Inactive,"051 Kenneth Dam Suite 263, Elizabethland, OK 73024",2024.0,2026-08-08 12:39:47.627
S001443,Rhonda,Goodwin,student1443@edupredict.com,03550872414,Female,28,DEP008,Accounting,T00191,6,3.78,69.0,Active,"203 Anna Square Suite 542, Bushtown, LA 28689",2022.0,2026-08-08 12:39:47.628
S001444,Dan,Becker,student1444@edupredict.com,03944567043,Female,23,DEP009,Finance,T00082,8,3.1,76.0,Active,"3158 Castaneda Rapid Suite 650, East Timothy, SD 87071",2023.0,2026-08-08 12:39:47.628
S001445,Ashley,Johnson,student1445@edupredict.com,03813284533,Male,23,DEP003,Information Technology,T00042,8,2.4,80.0,Active,"9255 Alexa Trace Suite 440, Owenston, NM 11653",2023.0,2026-08-08 12:39:47.629
S001446,Jenna,Jennings,student1446@edupredict.com,03101981377,Female,24,DEP007,Business Administration,T00275,7,2.72,86.0,Active,"51292 Selena Spur, Wilcoxville, WI 14311",2024.0,2026-08-08 12:39:47.630
S001447,Latoya,Morris,student1447@edupredict.com,03988418636,Male,19,DEP009,Finance,T00100,4,3.4,99.0,Active,"PSC 3353, Box 7013, APO AA 05800",2023.0,2026-08-08 12:39:47.631
S001448,Jonathan,Johnson,student1448@edupredict.com,03644573253,Female,24,DEP007,Business Administration,T00298,2,3.48,84.0,Active,"741 Foley Springs Apt. 101, Kristenhaven, FM 47711",2025.0,2026-08-08 12:39:47.631
S001449,Brett,Carlson,student1449@edupredict.com,03593732040,Male,27,DEP010,Economics,T00293,2,2.72,82.0,Active,"44014 Hanson Haven Suite 828, West Raymondview, MO 94841",2025.0,2026-08-08 12:39:47.632
S001450,Taylor,Carr,student1450@edupredict.com,03499733174,Female,23,DEP013,Electrical Engineering,T00065,7,2.86,77.0,Active,"87303 Young Ramp, Christopherfurt, WA 92136",2024.0,2026-08-08 12:39:47.633
S001451,John,Norton,student1451@edupredict.com,03792246648,Female,28,DEP006,Cyber Security,T00268,4,3.92,95.0,Active,"9142 Julia Road Apt. 758, Morrismouth, OH 58848",2026.0,2026-08-08 12:39:47.634
S001452,Michael,Fields,student1452@edupredict.com,03661338227,Female,18,DEP008,Accounting,T00122,8,2.09,65.0,Active,"USCGC Holt, FPO AP 94799",2022.0,2026-08-08 12:39:47.634
S001453,Jennifer,Thomas,student1453@edupredict.com,03362011293,Male,26,DEP008,Accounting,T00055,7,3.47,67.0,Active,"5527 Jenkins Viaduct, Larrymouth, MH 80208",2024.0,2026-08-08 12:39:47.635
S001454,Karen,Green,student1454@edupredict.com,03112783315,Female,28,DEP015,Civil Engineering,T00125,3,2.72,76.0,Active,"USNV Herrera, FPO AA 79815",2022.0,2026-08-08 12:39:47.635
S001455,Sean,Thomas,student1455@edupredict.com,03501196119,Male,27,DEP001,Computer Science,T00028,7,2.34,62.0,Inactive,"PSC 2231, Box 8316, APO AA 25793",2021.0,2026-08-08 12:39:47.636
S001456,Matthew,Mccullough,student1456@edupredict.com,03792789629,Female,27,DEP020,Biology,T00080,5,3.45,81.0,Active,"40171 Weiss Well Apt. 174, Josephville, WV 35379",2022.0,2026-08-08 12:39:47.637
S001457,Dawn,Spencer,student1457@edupredict.com,03910400423,Male,20,DEP007,Business Administration,T00188,3,2.11,81.0,Active,"7070 Jenkins Inlet Apt. 508, Smithshire, HI 15766",2023.0,2026-08-08 12:39:47.638
S001458,Jody,Thompson,student1458@edupredict.com,03141178441,Male,21,DEP012,Management,T00215,3,2.04,62.0,Active,"8130 Johns Grove, East Patriciafurt, NJ 11739",2021.0,2026-08-08 12:39:47.639
S001459,Tracy,Gonzalez,student1459@edupredict.com,03888358672,Male,19,DEP014,Mechanical Engineering,T00174,1,2.36,78.0,Active,"1581 Peter Valleys, Ellischester, MH 45817",2021.0,2026-08-08 12:39:47.640
S001460,James,Jimenez,student1460@edupredict.com,03428480646,Female,20,DEP018,Physics,T00154,8,2.06,90.0,Active,"5697 Johnson Shoals Suite 047, Michelleland, IN 73125",2021.0,2026-08-08 12:39:47.641
S001461,Russell,Douglas,student1461@edupredict.com,03925171280,Male,27,DEP002,Software Engineering,T00194,8,3.27,56.0,Active,"98033 Reynolds Station Suite 535, Dannyfurt, MN 74192",2021.0,2026-08-08 12:39:47.641
S001462,Kenneth,Snyder,student1462@edupredict.com,03932240611,Female,23,DEP012,Management,T00266,5,3.68,74.0,Inactive,"6651 Willis Forest Apt. 101, Danielsville, CO 17123",2022.0,2026-08-08 12:39:47.642
S001463,Carla,Ortega,student1463@edupredict.com,03216372831,Male,25,DEP002,Software Engineering,T00223,6,3.38,100.0,Active,"161 Mark Mount, Josephstad, AL 13029",2021.0,2026-08-08 12:39:47.643
S001464,Leslie,Nguyen,student1464@edupredict.com,03684708561,Male,27,DEP014,Mechanical Engineering,T00257,2,2.8,83.0,Active,"443 Sally Roads, East Rebekahmouth, IL 61094",2023.0,2026-08-08 12:39:47.644
S001465,William,Wilson,student1465@edupredict.com,03691014703,Female,27,DEP018,Physics,T00251,8,3.93,78.0,Active,"32596 Gerald Isle, Paceshire, MI 41785",2024.0,2026-08-08 12:39:47.644
S001466,Courtney,Hall,student1466@edupredict.com,03819740039,Female,24,DEP002,Software Engineering,T00223,6,2.36,76.0,Active,"889 Levi Via Suite 391, Tammyburgh, IN 45521",2022.0,2026-08-08 12:39:47.645
S001467,Ashley,Lee,student1467@edupredict.com,03435653453,Female,25,DEP002,Software Engineering,T00194,2,3.65,70.0,Active,"73565 Luis Stream Suite 280, Lake Alan, UT 60411",2025.0,2026-08-08 12:39:47.646
S001468,Marie,Ross,student1468@edupredict.com,03227720182,Female,23,DEP008,Accounting,T00226,2,2.26,96.0,Active,"32416 Friedman Locks, North Christopherchester, NH 30482",2024.0,2026-08-08 12:39:47.646
S001469,Zachary,Hines,student1469@edupredict.com,03251296818,Male,19,DEP014,Mechanical Engineering,T00103,7,3.08,66.0,Active,"03712 Sarah Inlet Suite 166, Port Patrick, KS 81053",2024.0,2026-08-08 12:39:47.647
S001470,Joe,Decker,student1470@edupredict.com,03135237371,Male,26,DEP016,Architecture,T00189,3,3.1,55.0,Active,"110 Nelson Extension Apt. 580, Lake Seth, AZ 15522",2026.0,2026-08-08 12:39:47.648
S001471,Eric,Howard,student1471@edupredict.com,03687942853,Male,28,DEP012,Management,T00157,6,2.74,94.0,Active,"0949 Smith Junctions, New Ashleyville, DC 30788",2026.0,2026-08-08 12:39:47.649
S001472,William,Parker,student1472@edupredict.com,03690526167,Female,19,DEP011,Marketing,T00246,5,2.94,57.0,Active,"USCGC Rocha, FPO AA 22288",2021.0,2026-08-08 12:39:47.649
S001473,Ricky,Allen,student1473@edupredict.com,03410514702,Female,24,DEP020,Biology,T00267,7,3.27,60.0,Active,"9778 David Point, East Jason, NJ 14585",2023.0,2026-08-08 12:39:47.650
S001474,Adam,Mccann,student1474@edupredict.com,03254992490,Female,28,DEP016,Architecture,T00225,7,3.37,64.0,Active,"883 Williams Mountains Suite 644, New Michaelhaven, TN 37409",2022.0,2026-08-08 12:39:47.650
S001475,Brian,Ferrell,student1475@edupredict.com,03944620488,Female,27,DEP001,Computer Science,T00240,3,2.42,55.0,Active,"4215 Judy Fork, West Jamesborough, CT 89453",2022.0,2026-08-08 12:39:47.651
S001476,Darlene,Lopez,student1476@edupredict.com,03714863148,Female,23,DEP002,Software Engineering,T00223,8,2.3,50.0,Active,"18030 Wilcox Brook Suite 477, Lake Stephaniemouth, DE 04067",2022.0,2026-08-08 12:39:47.652
S001477,Latoya,Lewis,student1477@edupredict.com,03492796621,Female,25,DEP005,Data Science,T00006,7,2.97,62.0,Active,"5992 Darius Trail Apt. 002, Nielsenchester, PW 31469",2021.0,2026-08-08 12:39:47.654
S001478,Michael,Fields,student1478@edupredict.com,03995962669,Male,18,DEP004,Artificial Intelligence,T00281,3,2.64,67.0,Active,"730 Clark Divide, Davidstad, MP 44683",2021.0,2026-08-08 12:39:47.654
S001479,Karen,Cortez,student1479@edupredict.com,03331606898,Male,20,DEP020,Biology,T00023,8,2.95,68.0,Active,"16955 Ferrell Union, Cheyenneland, FM 83682",2024.0,2026-08-08 12:39:48.840
S001480,Kimberly,Pope,student1480@edupredict.com,03539265417,Female,18,DEP006,Cyber Security,T00205,1,2.6,82.0,Active,"83489 Cannon Manor Apt. 885, Rhodeschester, RI 52933",2024.0,2026-08-08 12:39:48.840
S001481,Nathaniel,Contreras,student1481@edupredict.com,03728150537,Female,20,DEP014,Mechanical Engineering,T00174,5,2.65,75.0,Active,"780 Jenkins Radial Suite 964, New Catherine, NE 51738",2023.0,2026-08-08 12:39:48.841
S001482,Christopher,Williams,student1482@edupredict.com,03453808687,Female,25,DEP018,Physics,T00230,7,3.27,81.0,Active,"997 Turner Camp Suite 343, West Jefferychester, AR 99425",2023.0,2026-08-08 12:39:48.842
S001483,Lisa,Blackburn,student1483@edupredict.com,03361980887,Male,19,DEP003,Information Technology,T00051,5,3.42,54.0,Active,"316 Young Junctions, Clarkehaven, AK 17783",2023.0,2026-08-08 12:39:48.843
S001484,Eric,Walker,student1484@edupredict.com,03634954051,Male,19,DEP010,Economics,T00010,5,2.07,78.0,Active,"362 Steve Passage, Port Jerryhaven, MD 31692",2026.0,2026-08-08 12:39:48.843
S001485,Steven,Green,student1485@edupredict.com,03778380786,Female,22,DEP013,Electrical Engineering,T00213,6,3.89,67.0,Active,"61553 James Mall Suite 067, Lake Katherineton, IL 41335",2024.0,2026-08-08 12:39:48.844
S001486,Francisco,Jarvis,student1486@edupredict.com,03707556224,Male,19,DEP009,Finance,T00037,8,2.8,55.0,Active,"36276 Williams Circle, South Ginafort, NV 83341",2023.0,2026-08-08 12:39:48.845
S001487,Toni,Saunders,student1487@edupredict.com,03572725404,Male,22,DEP011,Marketing,T00075,7,3.79,56.0,Inactive,"3936 Frank Courts, West Richard, FL 39784",2021.0,2026-08-08 12:39:48.846
S001488,Eric,Lucas,student1488@edupredict.com,03474706591,Female,19,DEP006,Cyber Security,T00166,7,3.89,100.0,Active,"31364 Edwards Pines Apt. 627, Phillipsview, SC 00938",2025.0,2026-08-08 12:39:48.847
S001489,Chelsea,Richards,student1489@edupredict.com,03402569412,Male,24,DEP010,Economics,T00236,3,2.96,77.0,Active,"9302 Angela Knolls Apt. 711, Port Paul, VA 35599",2023.0,2026-08-08 12:39:48.848
S001490,Emily,Gray,student1490@edupredict.com,03582003792,Female,19,DEP010,Economics,T00293,7,2.37,100.0,Active,"USNV Harding, FPO AE 96589",2026.0,2026-08-08 12:39:48.848
S001491,Scott,Goodman,student1491@edupredict.com,03924590794,Male,28,DEP015,Civil Engineering,T00182,2,3.06,79.0,Active,"852 Hampton Plaza, Lake Kathleen, UT 83678",2026.0,2026-08-08 12:39:48.849
S001492,Becky,Gates,student1492@edupredict.com,03670595803,Male,27,DEP020,Biology,T00201,4,3.33,93.0,Active,"1308 Craig Fords, New Jeffreychester, DE 91794",2021.0,2026-08-08 12:39:48.850
S001493,Jon,Crane,student1493@edupredict.com,03856501573,Male,25,DEP014,Mechanical Engineering,T00049,1,3.62,80.0,Active,"914 Ramirez Island Apt. 688, Rodriguezstad, ME 70894",2026.0,2026-08-08 12:39:48.850
S001494,Sylvia,Caldwell,student1494@edupredict.com,03927016698,Male,21,DEP013,Electrical Engineering,T00050,2,3.92,87.0,Active,"1562 David Stravenue, Joseport, AS 69639",2026.0,2026-08-08 12:39:48.851
S001495,Bruce,Walker,student1495@edupredict.com,03659094120,Male,23,DEP018,Physics,T00154,6,3.76,55.0,Active,"25157 Burke Divide Apt. 074, Salazarton, VT 76489",2021.0,2026-08-08 12:39:48.852
S001496,Victoria,Powers,student1496@edupredict.com,03134555894,Female,20,DEP001,Computer Science,T00187,7,3.96,59.0,Active,"59014 Gregory Ferry, East Amandatown, MP 86806",2024.0,2026-08-08 12:39:48.853
S001497,Joshua,Carroll,student1497@edupredict.com,03154194119,Female,25,DEP002,Software Engineering,T00176,4,2.0,91.0,Active,"156 Holland Streets, South Robert, IN 67853",2026.0,2026-08-08 12:39:48.853
S001498,Douglas,Leonard,student1498@edupredict.com,03275887841,Male,23,DEP015,Civil Engineering,T00183,4,3.22,88.0,Inactive,"01431 Watson Port, New Brian, NE 93606",2024.0,2026-08-08 12:39:48.854
S001499,Anthony,Chen,student1499@edupredict.com,03530424705,Male,25,DEP007,Business Administration,T00275,2,2.02,66.0,Active,"72618 Williams Trail Apt. 542, Jessicastad, FL 43095",2026.0,2026-08-08 12:39:48.855
S001500,Jessica,Miller,student1500@edupredict.com,03932088957,Female,22,DEP014,Mechanical Engineering,T00200,2,3.64,80.0,Active,"24517 Flynn Streets Apt. 443, Leahbury, RI 36397",2023.0,2026-08-08 12:39:48.856
S001501,Casey,Rice,student1501@edupredict.com,03723865137,Female,21,DEP013,Electrical Engineering,T00213,1,3.08,94.0,Active,"USNS Carr, FPO AP 22612",2025.0,2026-08-08 12:39:48.857
S001502,Mary,Morgan,student1502@edupredict.com,03459400157,Female,21,DEP005,Data Science,T00152,8,2.7,67.0,Active,"25134 Mary Mission, Jonesside, KY 86446",2026.0,2026-08-08 12:39:48.857
S001503,Teresa,Brown,student1503@edupredict.com,03778198402,Female,23,DEP018,Physics,T00156,3,3.41,58.0,Active,"6739 Robert Skyway, Lake Nancyhaven, LA 27087",2021.0,2026-08-08 12:39:48.858
S001504,Alexander,Lara,student1504@edupredict.com,03567823551,Female,23,DEP010,Economics,T00134,7,2.99,81.0,Active,"5330 Fritz Cliffs Suite 123, Josephport, NH 70927",2024.0,2026-08-08 12:39:48.859
S001505,John,Richardson,student1505@edupredict.com,03687044772,Female,27,DEP016,Architecture,T00008,4,3.07,56.0,Active,"084 Vaughn Squares, Arellanoton, SD 77859",2021.0,2026-08-08 12:39:48.860
S001506,Heather,Garcia,student1506@edupredict.com,03427972333,Male,26,DEP013,Electrical Engineering,T00066,5,3.47,58.0,Active,"0278 Shannon Garden, South Amandaland, MH 83424",2025.0,2026-08-08 12:39:48.861
S001507,Julie,Moyer,student1507@edupredict.com,03942790287,Male,19,DEP017,Mathematics,T00261,1,3.73,57.0,Active,"8938 Rowe Camp Apt. 191, Maryview, PR 06387",2021.0,2026-08-08 12:39:48.862
S001508,Jennifer,Mcpherson,student1508@edupredict.com,03169092787,Female,25,DEP016,Architecture,T00225,6,3.09,94.0,Active,"03944 Poole Key Apt. 103, Lake Migueltown, NC 52280",2023.0,2026-08-08 12:39:48.863
S001509,Cory,Ruiz,student1509@edupredict.com,03824150839,Male,22,DEP014,Mechanical Engineering,T00130,6,3.42,92.0,Active,"201 Alejandra Cove Suite 755, East Tina, NV 60376",2024.0,2026-08-08 12:39:48.864
S001510,Erik,Scott,student1510@edupredict.com,03225589238,Female,18,DEP015,Civil Engineering,T00183,6,3.2,79.0,Active,"6924 Bell Junction, Port Brianport, OH 98648",2026.0,2026-08-08 12:39:48.864
S001511,Dana,Moore,student1511@edupredict.com,03458050869,Male,27,DEP011,Marketing,T00073,4,2.42,82.0,Active,"Unit 9891 Box 9991, DPO AA 01075",2023.0,2026-08-08 12:39:48.865
S001512,Jonathan,Sullivan,student1512@edupredict.com,03476121145,Female,26,DEP004,Artificial Intelligence,T00129,5,2.22,76.0,Active,"PSC 3812, Box 9375, APO AA 89827",2024.0,2026-08-08 12:39:48.865
S001513,Ralph,Pratt,student1513@edupredict.com,03916671984,Female,28,DEP005,Data Science,T00052,2,2.06,97.0,Active,"929 Cunningham Lane, Dawnton, CT 07273",2026.0,2026-08-08 12:39:48.866
S001514,Casey,Rogers,student1514@edupredict.com,03449627626,Male,24,DEP011,Marketing,T00246,1,3.19,61.0,Active,"978 Martinez Unions Apt. 141, Hughesmouth, WV 92426",2023.0,2026-08-08 12:39:48.867
S001515,Pamela,Vaughn,student1515@edupredict.com,03311487257,Female,28,DEP019,Chemistry,T00079,6,2.15,50.0,Active,"24667 Nicholas Turnpike, West Amyview, MI 98422",2026.0,2026-08-08 12:39:48.867
S001516,Susan,Lambert,student1516@edupredict.com,03995342257,Male,27,DEP012,Management,T00090,7,3.5,59.0,Active,"134 Robert Street, Curtiston, PR 12694",2022.0,2026-08-08 12:39:48.868
S001517,Randy,Adams,student1517@edupredict.com,03818098054,Female,21,DEP011,Marketing,T00133,6,2.63,71.0,Active,"1300 Moore Square, Lucasland, MA 43060",2025.0,2026-08-08 12:39:48.869
S001518,Margaret,Miller,student1518@edupredict.com,03958639688,Female,18,DEP014,Mechanical Engineering,T00103,7,2.87,95.0,Active,"69258 Pope Cliffs, Maxwellland, CA 76799",2023.0,2026-08-08 12:39:48.869
S001519,Zachary,Friedman,student1519@edupredict.com,03832561510,Female,25,DEP017,Mathematics,T00288,8,3.07,53.0,Active,"7694 Andrew Heights Apt. 602, Port Victoria, ND 77335",2022.0,2026-08-08 12:39:48.870
S001520,William,Ferguson,student1520@edupredict.com,03327090651,Female,19,DEP002,Software Engineering,T00057,1,3.22,99.0,Active,"460 Sweeney Ways, New Colinstad, IL 28747",2025.0,2026-08-08 12:39:48.871
S001521,Emily,Stokes,student1521@edupredict.com,03837967544,Male,28,DEP007,Business Administration,T00014,7,3.34,75.0,Active,"5986 Aaron Hills, New Amanda, MT 63116",2023.0,2026-08-08 12:39:48.872
S001522,Justin,Luna,student1522@edupredict.com,03879764812,Female,25,DEP019,Chemistry,T00160,3,3.95,67.0,Active,"PSC 1116, Box 3129, APO AP 41448",2023.0,2026-08-08 12:39:48.872
S001523,Norman,Simon,student1523@edupredict.com,03113475324,Female,26,DEP002,Software Engineering,T00145,5,3.1,60.0,Active,"USS Roberts, FPO AE 01782",2025.0,2026-08-08 12:39:48.873
S001524,Anthony,Long,student1524@edupredict.com,03387066040,Female,21,DEP017,Mathematics,T00161,2,2.87,61.0,Active,"7835 Ayala Throughway, Lanefurt, CO 91784",2021.0,2026-08-08 12:39:49.283
S001525,Joshua,Kerr,student1525@edupredict.com,03169299200,Male,27,DEP011,Marketing,T00073,8,2.21,89.0,Active,"0283 Roberts Extensions Apt. 700, West Beth, MI 80541",2023.0,2026-08-08 12:39:49.284
S001526,Anthony,Jennings,student1526@edupredict.com,03790998268,Female,23,DEP001,Computer Science,T00284,5,2.58,92.0,Active,"674 Rachel Springs Apt. 425, New Judyfurt, VI 62731",2022.0,2026-08-08 12:39:49.284
S001527,Mallory,Henderson,student1527@edupredict.com,03950102298,Male,21,DEP019,Chemistry,T00079,1,2.81,81.0,Active,"1911 Evans Spur, Marciatown, MN 04399",2023.0,2026-08-08 12:39:49.285
S001528,Penny,Thompson,student1528@edupredict.com,03498225602,Male,22,DEP013,Electrical Engineering,T00050,1,2.16,87.0,Active,"546 Mclaughlin Port Apt. 321, Catherineshire, MN 22576",2023.0,2026-08-08 12:39:49.286
S001529,Margaret,Hernandez,student1529@edupredict.com,03601290988,Male,28,DEP014,Mechanical Engineering,T00092,3,3.78,98.0,Active,"48977 Duarte Greens, Port Michael, MH 05979",2021.0,2026-08-08 12:39:49.286
S001530,James,Smith,student1530@edupredict.com,03603959022,Male,23,DEP002,Software Engineering,T00062,5,2.29,67.0,Active,"37249 Scott Ferry Suite 732, Lake Douglasfort, WI 13760",2023.0,2026-08-08 12:39:49.288
S001531,John,Drake,student1531@edupredict.com,03208722651,Male,28,DEP001,Computer Science,T00284,3,3.88,92.0,Active,"153 Rodney Cliff, Welchport, NH 40941",2025.0,2026-08-08 12:39:49.288
S001532,George,Acosta,student1532@edupredict.com,03315114835,Male,25,DEP008,Accounting,T00217,5,3.48,98.0,Active,"0394 Leah Forges, Ryanside, HI 69908",2022.0,2026-08-08 12:39:49.289
S001533,Joseph,Hill,student1533@edupredict.com,03605961232,Male,24,DEP011,Marketing,T00222,2,3.42,81.0,Active,"89117 Jenkins Meadow, North Maryton, PW 39188",2023.0,2026-08-08 12:39:49.290
S001534,Katrina,Hebert,student1534@edupredict.com,03390674439,Male,19,DEP008,Accounting,T00046,6,2.19,77.0,Active,"89294 Burns Mews Suite 661, Nicholasburgh, FM 27017",2021.0,2026-08-08 12:39:49.291
S001535,Rachel,Eaton,student1535@edupredict.com,03557894054,Male,23,DEP014,Mechanical Engineering,T00103,1,3.29,62.0,Active,"8284 Cline Village, Tuckerbury, MI 18995",2025.0,2026-08-08 12:39:49.292
S001536,Joanna,Williams,student1536@edupredict.com,03971447039,Male,19,DEP013,Electrical Engineering,T00167,6,3.37,87.0,Active,"0337 Tammy Course, West Frank, ME 10800",2026.0,2026-08-08 12:39:49.293
S001537,Rebecca,Clayton,student1537@edupredict.com,03809122280,Female,27,DEP001,Computer Science,T00165,1,2.77,62.0,Active,"9620 Ramsey Gardens, South Stacy, MD 43773",2025.0,2026-08-08 12:39:49.294
S001538,Amanda,Bell,student1538@edupredict.com,03751093318,Male,20,DEP002,Software Engineering,T00114,1,3.96,76.0,Active,"696 Christian Junctions, East Janethaven, OR 52359",2023.0,2026-08-08 12:39:49.295
S001539,Jennifer,White,student1539@edupredict.com,03921371019,Female,25,DEP018,Physics,T00185,6,3.07,51.0,Active,"9396 Megan Oval, Lake Lindaberg, FL 95807",2022.0,2026-08-08 12:39:49.295
S001540,Paul,Novak,student1540@edupredict.com,03694599954,Male,19,DEP020,Biology,T00116,7,3.69,83.0,Active,"7621 James Centers, Jamesfort, AR 09682",2022.0,2026-08-08 12:39:49.296
S001541,Melissa,Jones,student1541@edupredict.com,03833443204,Female,22,DEP017,Mathematics,T00144,8,3.88,97.0,Active,"055 Jones Vista, Lake Jamesport, AL 77906",2026.0,2026-08-08 12:39:49.297
S001542,Mary,Garcia,student1542@edupredict.com,03352539377,Female,27,DEP010,Economics,T00155,3,3.23,97.0,Active,"298 Mccoy Locks Suite 543, South Jessetown, HI 21252",2022.0,2026-08-08 12:39:49.298
S001543,Brooke,Curtis,student1543@edupredict.com,03787735438,Male,22,DEP009,Finance,T00120,4,3.86,75.0,Active,"25941 Miller Rapid Suite 519, North Mary, WI 59480",2021.0,2026-08-08 12:39:49.299
S001544,Teresa,Dominguez,student1544@edupredict.com,03433065200,Female,20,DEP016,Architecture,T00234,1,2.68,94.0,Active,"7285 Phillips Port Suite 573, Hardyville, MP 11256",2023.0,2026-08-08 12:39:49.299
S001545,Tina,Evans,student1545@edupredict.com,03691359518,Male,27,DEP002,Software Engineering,T00114,4,3.83,69.0,Active,"3252 Arnold Coves, Robertsside, MI 60170",2025.0,2026-08-08 12:39:49.300
S001546,Heather,Paul,student1546@edupredict.com,03512310898,Male,26,DEP007,Business Administration,T00084,8,3.98,64.0,Active,"99749 Cook Run, New Thomas, MI 40333",2025.0,2026-08-08 12:39:49.301
S001547,Wendy,Ward,student1547@edupredict.com,03321873424,Female,24,DEP002,Software Engineering,T00101,3,2.38,88.0,Active,"3112 Vickie Fork, East Shannonstad, NY 55713",2026.0,2026-08-08 12:39:49.301
S001548,Linda,King,student1548@edupredict.com,03888706255,Male,28,DEP008,Accounting,T00055,5,3.26,57.0,Active,"Unit 2947 Box 7703, DPO AE 20989",2024.0,2026-08-08 12:39:49.302
S001549,Andrew,Rich,student1549@edupredict.com,03642215430,Male,24,DEP001,Computer Science,T00240,6,2.05,94.0,Active,"1677 John Plains Apt. 090, Wiseview, SD 34203",2026.0,2026-08-08 12:39:49.303
S001550,Heather,Jones,student1550@edupredict.com,03959956601,Female,24,DEP002,Software Engineering,T00292,2,3.76,52.0,Inactive,"262 Samantha Brook, Mooreville, AK 78426",2026.0,2026-08-08 12:39:49.304
S001551,Victoria,Hicks,student1551@edupredict.com,03338105900,Male,22,DEP012,Management,T00026,4,3.05,62.0,Active,"72196 Johnson Courts Apt. 923, Castilloland, VI 61215",2023.0,2026-08-08 12:39:49.305
S001552,Kyle,Russell,student1552@edupredict.com,03880550152,Male,24,DEP001,Computer Science,T00165,8,2.41,89.0,Active,"50988 Patrick Freeway Apt. 724, Terrychester, MO 51026",2024.0,2026-08-08 12:39:49.306
S001553,Maria,Roberts,student1553@edupredict.com,03173347764,Female,24,DEP018,Physics,T00185,8,2.84,96.0,Active,"48318 Kristina Prairie Suite 767, Amychester, OH 37190",2023.0,2026-08-08 12:39:49.306
S001554,Derrick,Keller,student1554@edupredict.com,03889550971,Male,23,DEP009,Finance,T00264,2,3.14,72.0,Active,"367 Gina Heights Suite 455, North Hector, FM 47059",2021.0,2026-08-08 12:39:49.307
S001555,Christopher,Colon,student1555@edupredict.com,03765221843,Male,20,DEP016,Architecture,T00158,3,3.22,65.0,Active,"3955 Hall Stream, South Mary, NE 41323",2022.0,2026-08-08 12:39:49.308
S001556,Jennifer,Velez,student1556@edupredict.com,03510521085,Female,28,DEP009,Finance,T00076,3,3.29,82.0,Active,"318 Howard Ways Suite 923, Port Valerie, OH 62765",2022.0,2026-08-08 12:39:49.309
S001557,Martha,Benson,student1557@edupredict.com,03168519307,Female,24,DEP013,Electrical Engineering,T00030,2,2.58,98.0,Active,"8894 Michelle Run Suite 440, Shawnstad, WY 71060",2021.0,2026-08-08 12:39:49.310
S001558,Andrea,Booth,student1558@edupredict.com,03272098518,Female,19,DEP017,Mathematics,T00161,5,3.68,63.0,Active,"36436 Courtney Island, South Taylorfort, CO 61637",2021.0,2026-08-08 12:39:49.310
S001559,Felicia,Elliott,student1559@edupredict.com,03737633643,Male,27,DEP020,Biology,T00140,5,2.11,57.0,Inactive,"450 Gina Locks Apt. 226, Poolechester, AS 01953",2023.0,2026-08-08 12:39:49.311
S001560,Diana,Gordon,student1560@edupredict.com,03417187979,Male,20,DEP015,Civil Engineering,T00059,8,2.77,55.0,Inactive,"PSC 6368, Box 6679, APO AE 95555",2023.0,2026-08-08 12:39:49.311
S001561,Daniel,Davis,student1561@edupredict.com,03289199226,Female,28,DEP002,Software Engineering,T00096,7,3.67,57.0,Active,"763 Andre Terrace, Mitchellberg, MT 20590",2021.0,2026-08-08 12:39:49.313
S001562,William,Flores,student1562@edupredict.com,03918875105,Female,23,DEP011,Marketing,T00075,8,2.74,90.0,Active,"240 Chang River, South Michael, RI 95109",2023.0,2026-08-08 12:39:49.314
S001563,Michael,Cervantes,student1563@edupredict.com,03760895314,Female,21,DEP006,Cyber Security,T00132,1,2.48,69.0,Active,"USS Daniel, FPO AA 23028",2026.0,2026-08-08 12:39:49.315
S001564,Raymond,Lowe,student1564@edupredict.com,03799030053,Female,23,DEP020,Biology,T00173,6,3.01,78.0,Active,"23885 Anderson Rest Suite 765, East Cherylberg, ID 17971",2025.0,2026-08-08 12:39:49.315
S001565,Russell,Collins,student1565@edupredict.com,03853268129,Female,20,DEP017,Mathematics,T00161,2,3.83,81.0,Active,"330 Alexandra Manors, Robertborough, AS 37845",2024.0,2026-08-08 12:39:49.316
S001566,Cindy,Bowman,student1566@edupredict.com,03962706583,Male,18,DEP004,Artificial Intelligence,T00150,6,2.77,93.0,Active,"855 Anderson Islands Suite 781, Jasonside, MS 04533",2022.0,2026-08-08 12:39:49.317
S001567,Martin,Palmer,student1567@edupredict.com,03602873876,Male,23,DEP002,Software Engineering,T00001,3,2.66,52.0,Inactive,"5054 Angela Island Suite 372, North Benjaminchester, OK 59828",2024.0,2026-08-08 12:39:50.520
S001568,Anna,Barker,student1568@edupredict.com,03593908157,Male,18,DEP019,Chemistry,T00227,8,2.04,99.0,Active,"62095 Theresa Overpass, East Cassandrahaven, ND 97404",2021.0,2026-08-08 12:39:50.521
S001569,Robert,Clark,student1569@edupredict.com,03825319996,Female,21,DEP005,Data Science,T00152,4,3.56,54.0,Active,"38568 Scott Cliffs Suite 429, East Katherinestad, VI 43000",2021.0,2026-08-08 12:39:50.522
S001570,Michael,Dean,student1570@edupredict.com,03331218672,Male,20,DEP009,Finance,T00082,6,2.82,89.0,Active,"0283 Morales Hills, Marqueztown, ME 48489",2025.0,2026-08-08 12:39:50.523
S001571,Dustin,Romero,student1571@edupredict.com,03167694167,Female,28,DEP013,Electrical Engineering,T00269,5,2.98,80.0,Active,"2101 Stevenson Causeway Suite 724, Silvabury, NE 54439",2025.0,2026-08-08 12:39:50.524
S001572,Manuel,Alexander,student1572@edupredict.com,03430299571,Female,27,DEP007,Business Administration,T00245,3,2.06,60.0,Active,"1125 Murphy Ways Apt. 757, New Michaelmouth, KY 02442",2026.0,2026-08-08 12:39:50.525
S001573,Barbara,Rice,student1573@edupredict.com,03718433420,Female,20,DEP010,Economics,T00255,8,3.06,93.0,Active,"USS Woods, FPO AA 75495",2021.0,2026-08-08 12:39:50.525
S001574,Elaine,Bender,student1574@edupredict.com,03163594793,Male,19,DEP015,Civil Engineering,T00250,4,3.94,87.0,Active,"5461 Marshall Station, New Jonathonfort, FM 72477",2026.0,2026-08-08 12:39:50.526
S001575,Gary,Watson,student1575@edupredict.com,03801874927,Male,24,DEP020,Biology,T00112,5,3.33,96.0,Active,"4433 Colleen Parkways, Reginaview, WI 92151",2022.0,2026-08-08 12:39:50.527
S001576,Emily,Oliver,student1576@edupredict.com,03519678830,Male,21,DEP016,Architecture,T00184,8,3.63,52.0,Active,"PSC 6009, Box 6236, APO AP 49776",2025.0,2026-08-08 12:39:50.527
S001577,Timothy,Forbes,student1577@edupredict.com,03996071673,Female,20,DEP001,Computer Science,T00284,1,3.92,67.0,Active,"78136 Odom Center Apt. 053, South Mary, HI 06146",2023.0,2026-08-08 12:39:50.528
S001578,Jennifer,Oconnor,student1578@edupredict.com,03812367793,Female,25,DEP003,Information Technology,T00042,7,3.08,66.0,Inactive,"20586 Collins Pines Apt. 517, South Anna, SD 27402",2026.0,2026-08-08 12:39:50.529
S001579,Scott,Williams,student1579@edupredict.com,03847244411,Female,19,DEP017,Mathematics,T00131,4,3.54,53.0,Active,"55072 Potts Streets Apt. 222, Tammytown, AS 14303",2024.0,2026-08-08 12:39:50.529
S001580,Michelle,Hughes,student1580@edupredict.com,03273006234,Female,19,DEP001,Computer Science,T00028,8,3.94,71.0,Inactive,"20950 Amber Expressway, Colleenberg, SC 06521",2026.0,2026-08-08 12:39:50.530
S001581,Katie,Wolf,student1581@edupredict.com,03851743743,Male,23,DEP001,Computer Science,T00187,3,3.04,56.0,Active,"80024 Cruz Trail Suite 998, Petersonport, CA 60377",2021.0,2026-08-08 12:39:50.531
S001582,Christian,Thomas,student1582@edupredict.com,03236794306,Male,20,DEP016,Architecture,T00184,8,2.98,59.0,Active,"227 Zachary Shores Suite 959, Franceschester, PA 22494",2022.0,2026-08-08 12:39:50.533
S001583,Lindsey,Shelton,student1583@edupredict.com,03544516153,Male,20,DEP020,Biology,T00019,8,2.04,88.0,Active,"876 Wright Way, Stephanieton, PR 80534",2023.0,2026-08-08 12:39:50.533
S001584,Bobby,Williams,student1584@edupredict.com,03179230923,Female,23,DEP015,Civil Engineering,T00020,3,2.54,68.0,Inactive,"5612 Toni Ports Apt. 934, Trujillochester, CA 02533",2022.0,2026-08-08 12:39:50.534
S001585,Donald,Luna,student1585@edupredict.com,03971646450,Female,25,DEP020,Biology,T00127,2,3.25,51.0,Active,"6939 Julia Junctions, Port Davidfurt, PR 64346",2023.0,2026-08-08 12:39:50.535
S001586,Gregory,Anderson,student1586@edupredict.com,03425828228,Female,19,DEP010,Economics,T00155,1,2.32,64.0,Active,"068 Dodson Junctions Apt. 441, Harrisberg, PW 74811",2026.0,2026-08-08 12:39:50.536
S001587,Beth,Jones,student1587@edupredict.com,03847369993,Female,24,DEP012,Management,T00026,1,3.9,58.0,Active,"99121 William Wall Apt. 763, Robertchester, RI 09828",2023.0,2026-08-08 12:39:50.537
S001588,Steven,Hawkins,student1588@edupredict.com,03739567339,Female,19,DEP015,Civil Engineering,T00170,6,2.36,84.0,Active,"249 Valerie Roads, Roseberg, OR 66537",2023.0,2026-08-08 12:39:50.538
S001589,Joshua,Brooks,student1589@edupredict.com,03330411103,Male,18,DEP002,Software Engineering,T00057,6,2.26,68.0,Active,"98145 Nancy Ville Suite 908, Lake Kelsey, AS 61874",2025.0,2026-08-08 12:39:50.538
S001590,Dennis,Owens,student1590@edupredict.com,03961532018,Female,28,DEP012,Management,T00090,2,3.4,50.0,Active,"9864 Mary Springs Apt. 411, Jessicachester, CO 47576",2024.0,2026-08-08 12:39:50.539
S001591,Claudia,Vaughn,student1591@edupredict.com,03940696037,Female,23,DEP009,Finance,T00120,5,3.94,61.0,Active,"Unit 2216 Box 0861, DPO AA 06805",2022.0,2026-08-08 12:39:50.539
S001592,Heidi,Jones,student1592@edupredict.com,03988551988,Female,23,DEP004,Artificial Intelligence,T00260,6,2.93,59.0,Inactive,"Unit 6030 Box 2179, DPO AE 77348",2024.0,2026-08-08 12:39:50.540
S001593,Jerry,Hill,student1593@edupredict.com,03573191741,Female,28,DEP008,Accounting,T00286,5,2.96,94.0,Inactive,"1297 Higgins Mews Apt. 388, Perezton, TX 49857",2022.0,2026-08-08 12:39:50.540
S001594,Meghan,Woods,student1594@edupredict.com,03165288865,Female,20,DEP005,Data Science,T00258,7,3.28,62.0,Active,"9395 Smith Ways, Sheenaland, NC 69871",2024.0,2026-08-08 12:39:50.541
S001595,Victoria,Holloway,student1595@edupredict.com,03350221545,Female,25,DEP001,Computer Science,T00296,7,2.8,55.0,Active,"538 Lisa Pike Apt. 466, Port Carrie, PR 19720",2024.0,2026-08-08 12:39:50.542
S001596,Melissa,Harper,student1596@edupredict.com,03458290513,Female,25,DEP016,Architecture,T00007,5,2.35,52.0,Active,"1093 Tina Landing, Harrellshire, PA 79650",2026.0,2026-08-08 12:39:50.543
S001597,Duane,Clark,student1597@edupredict.com,03716985954,Male,22,DEP002,Software Engineering,T00114,1,3.02,60.0,Active,"174 Fuller Well Apt. 995, Port Robert, UT 99875",2026.0,2026-08-08 12:39:50.543
S001598,Jamie,Lawrence,student1598@edupredict.com,03143242944,Male,24,DEP006,Cyber Security,T00268,6,2.01,70.0,Active,"208 Bennett Wells, Sheltonshire, KY 31780",2026.0,2026-08-08 12:39:50.544
S001599,Christina,Crosby,student1599@edupredict.com,03870334316,Female,26,DEP006,Cyber Security,T00132,3,3.21,68.0,Active,"9548 Michele Centers Suite 066, Port Christine, NC 46042",2021.0,2026-08-08 12:39:50.545
S001600,Rachel,Allen,student1600@edupredict.com,03710161137,Female,24,DEP016,Architecture,T00083,6,3.55,76.0,Active,"79408 Meyer Fords Apt. 627, West Albertchester, WY 86032",2026.0,2026-08-08 12:39:50.546
S001601,Alisha,Robinson,student1601@edupredict.com,03416782930,Male,18,DEP016,Architecture,T00234,8,3.61,77.0,Active,"132 Hill Plain Suite 020, Port Kennethville, PR 10369",2026.0,2026-08-08 12:39:50.547
S001602,Heather,Bowen,student1602@edupredict.com,03521728628,Female,18,DEP004,Artificial Intelligence,T00150,6,3.44,59.0,Inactive,"34781 Perez Locks Suite 568, Benjaminville, FM 42125",2025.0,2026-08-08 12:39:50.547
S001603,Shawn,Atkins,student1603@edupredict.com,03430127574,Female,18,DEP005,Data Science,T00052,4,2.55,67.0,Active,"5402 Veronica Spring, North Jeffery, OR 66586",2025.0,2026-08-08 12:39:50.548
S001604,Jacob,Luna,student1604@edupredict.com,03940222120,Male,19,DEP001,Computer Science,T00165,7,2.03,93.0,Active,"253 Rachel Road, Lake Bonnieburgh, DC 56494",2024.0,2026-08-08 12:39:50.549
S001605,Tara,Jacobson,student1605@edupredict.com,03264264266,Female,18,DEP016,Architecture,T00083,7,2.92,70.0,Active,"760 Michelle Parkway, South Ashleyhaven, ND 78192",2023.0,2026-08-08 12:39:50.550
S001606,Emily,Thomas,student1606@edupredict.com,03574783786,Male,28,DEP009,Finance,T00058,4,2.08,88.0,Active,"291 Johnston Courts, Banksshire, NM 54559",2025.0,2026-08-08 12:39:50.551
S001607,Jasmine,Garcia,student1607@edupredict.com,03539284200,Female,22,DEP013,Electrical Engineering,T00273,8,2.22,81.0,Active,"38861 Trevino Stream, East Tina, CO 72359",2023.0,2026-08-08 12:39:50.551
S001608,Sue,Johnson,student1608@edupredict.com,03142054853,Female,22,DEP010,Economics,T00091,8,3.78,76.0,Inactive,"USCGC Francis, FPO AP 17412",2025.0,2026-08-08 12:39:50.552
S001609,Russell,Campbell,student1609@edupredict.com,03416076226,Male,21,DEP003,Information Technology,T00111,6,3.46,87.0,Inactive,"55207 Rhonda Crossing Suite 009, East Tomstad, MT 45590",2026.0,2026-08-08 12:39:50.553
S001610,James,Gonzalez,student1610@edupredict.com,03303659930,Female,26,DEP004,Artificial Intelligence,T00237,7,3.77,71.0,Active,"110 Jessica Rue, West Ann, PW 90290",2021.0,2026-08-08 12:39:50.554
S001611,Danny,Simmons,student1611@edupredict.com,03708222315,Male,20,DEP002,Software Engineering,T00114,3,2.92,60.0,Active,"Unit 0102 Box 8396, DPO AE 90450",2022.0,2026-08-08 12:39:50.554
S001612,Taylor,Green,student1612@edupredict.com,03609543692,Male,23,DEP006,Cyber Security,T00029,6,2.13,80.0,Active,"PSC 3487, Box 1195, APO AP 20066",2025.0,2026-08-08 12:39:50.980
S001613,Paula,Cohen,student1613@edupredict.com,03577264787,Female,25,DEP004,Artificial Intelligence,T00237,7,2.53,51.0,Active,"291 Joseph Islands Apt. 675, East Stephanie, VT 82540",2022.0,2026-08-08 12:39:50.981
S001614,Brian,Hooper,student1614@edupredict.com,03717594680,Male,19,DEP012,Management,T00248,6,2.61,79.0,Active,"40072 Ashley Springs Apt. 538, New Erika, HI 34679",2021.0,2026-08-08 12:39:50.982
S001615,Joanna,Summers,student1615@edupredict.com,03681969157,Female,28,DEP005,Data Science,T00115,7,2.25,82.0,Active,"440 Miranda Row Apt. 413, North Thomaston, IN 27037",2021.0,2026-08-08 12:39:50.983
S001616,Michael,Wood,student1616@edupredict.com,03876383910,Male,20,DEP016,Architecture,T00189,3,3.67,61.0,Active,"91071 Courtney Islands Apt. 189, North Glennmouth, MT 27018",2026.0,2026-08-08 12:39:50.983
S001617,William,Greer,student1617@edupredict.com,03754272787,Male,21,DEP003,Information Technology,T00263,1,3.53,61.0,Active,"Unit 0279 Box 3685, DPO AE 30426",2021.0,2026-08-08 12:39:50.984
S001618,Diana,Coffey,student1618@edupredict.com,03379016363,Male,19,DEP012,Management,T00102,1,3.27,93.0,Active,"5318 Marks Forks, Pamelaborough, TX 18093",2023.0,2026-08-08 12:39:50.984
S001619,Kathy,Thomas,student1619@edupredict.com,03289036513,Male,27,DEP020,Biology,T00280,7,2.48,65.0,Active,"019 Booker Extensions Suite 277, Mistymouth, LA 94581",2025.0,2026-08-08 12:39:50.986
S001620,Jonathan,Ruiz,student1620@edupredict.com,03516023632,Female,22,DEP012,Management,T00289,8,3.17,79.0,Active,"USNS Robinson, FPO AA 56776",2024.0,2026-08-08 12:39:50.986
S001621,Katherine,Wiggins,student1621@edupredict.com,03879952907,Male,19,DEP005,Data Science,T00052,2,3.59,73.0,Active,"784 Nunez Crossing Suite 010, Suzannehaven, OK 77866",2025.0,2026-08-08 12:39:50.987
S001622,Kyle,Davis,student1622@edupredict.com,03158213451,Male,21,DEP006,Cyber Security,T00276,2,2.42,73.0,Inactive,"42692 Mark Fork, Port Thomas, AS 44235",2025.0,2026-08-08 12:39:50.988
S001623,Ronald,George,student1623@edupredict.com,03907671424,Male,21,DEP020,Biology,T00023,8,2.19,92.0,Active,"7121 Joshua Passage Apt. 474, Jasonhaven, AR 11499",2025.0,2026-08-08 12:39:50.989
S001624,Ashlee,Morrison,student1624@edupredict.com,03899598700,Male,22,DEP015,Civil Engineering,T00252,3,2.16,88.0,Active,"32467 Joel Trail, Estradaview, WV 55170",2026.0,2026-08-08 12:39:50.990
S001625,John,White,student1625@edupredict.com,03466064467,Female,26,DEP011,Marketing,T00073,8,3.84,71.0,Active,"4714 Lori Trail, Jamesborough, PA 44470",2021.0,2026-08-08 12:39:50.992
S001626,Natalie,Curtis,student1626@edupredict.com,03260487315,Male,20,DEP017,Mathematics,T00239,7,2.69,97.0,Active,"960 Ricky Mountain, North Dennisside, MT 27899",2023.0,2026-08-08 12:39:50.993
S001627,Anne,Murphy,student1627@edupredict.com,03875242589,Female,27,DEP017,Mathematics,T00048,2,3.26,92.0,Active,"48801 David Corner, Port Kathrynborough, MP 15336",2025.0,2026-08-08 12:39:50.994
S001628,Brendan,Torres,student1628@edupredict.com,03502349555,Male,24,DEP002,Software Engineering,T00078,7,3.53,60.0,Active,"4376 Norma Views, South David, WI 47395",2022.0,2026-08-08 12:39:50.995
S001629,Michael,Roberts,student1629@edupredict.com,03237600773,Male,22,DEP019,Chemistry,T00040,7,3.2,70.0,Active,"440 Melissa Haven Suite 663, Connieburgh, PA 58366",2024.0,2026-08-08 12:39:50.995
S001630,Thomas,Christian,student1630@edupredict.com,03310632855,Female,26,DEP016,Architecture,T00118,2,3.49,81.0,Active,"Unit 1107 Box 8761, DPO AP 02862",2026.0,2026-08-08 12:39:50.996
S001631,William,Garcia,student1631@edupredict.com,03150534383,Female,25,DEP018,Physics,T00251,3,2.4,86.0,Active,"2050 Wendy Fall, New Sean, NE 90124",2025.0,2026-08-08 12:39:50.996
S001632,Gregory,Munoz,student1632@edupredict.com,03947307290,Female,27,DEP008,Accounting,T00055,1,3.21,54.0,Active,"USCGC Jimenez, FPO AA 30453",2024.0,2026-08-08 12:39:50.997
S001633,Austin,David,student1633@edupredict.com,03593168549,Male,25,DEP003,Information Technology,T00135,4,3.55,97.0,Active,"04658 Mueller Inlet Apt. 416, Meadowsbury, WV 68958",2025.0,2026-08-08 12:39:50.998
S001634,Kayla,Smith,student1634@edupredict.com,03863295046,Female,20,DEP015,Civil Engineering,T00196,7,2.48,69.0,Active,"270 Moses Run, South Andrea, ME 39062",2022.0,2026-08-08 12:39:50.998
S001635,Michael,Jackson,student1635@edupredict.com,03831249803,Female,21,DEP004,Artificial Intelligence,T00129,8,2.7,61.0,Inactive,"98666 Ortiz Forges Suite 515, Nelsonview, FL 17462",2024.0,2026-08-08 12:39:50.999
S001636,Timothy,Ho,student1636@edupredict.com,03574773887,Female,25,DEP004,Artificial Intelligence,T00129,5,2.76,92.0,Active,"8171 Jessica Club Apt. 295, Port Keith, MN 02376",2022.0,2026-08-08 12:39:51.000
S001637,Ann,Griffith,student1637@edupredict.com,03829150890,Female,26,DEP016,Architecture,T00118,8,2.11,66.0,Active,"3605 English Neck, Nancyfort, DC 40165",2025.0,2026-08-08 12:39:51.001
S001638,Louis,Campos,student1638@edupredict.com,03459319628,Female,19,DEP018,Physics,T00172,4,2.64,89.0,Active,"54882 Natalie Motorway, Bradleyfort, RI 94823",2024.0,2026-08-08 12:39:51.001
S001639,Lisa,Hayes,student1639@edupredict.com,03943792441,Male,23,DEP014,Mechanical Engineering,T00174,7,3.15,74.0,Inactive,"907 Tracy Flats, Kimton, MN 35716",2023.0,2026-08-08 12:39:51.002
S001640,Jill,Fernandez,student1640@edupredict.com,03384352957,Female,19,DEP008,Accounting,T00069,3,2.13,79.0,Active,"218 William Falls, Carrmouth, AK 86943",2021.0,2026-08-08 12:39:51.003
S001641,Toni,Martinez,student1641@edupredict.com,03565981461,Male,26,DEP011,Marketing,T00073,6,2.15,77.0,Active,"015 Terri Tunnel, Port Adammouth, IA 45469",2023.0,2026-08-08 12:39:51.004
S001642,Robert,Rivera,student1642@edupredict.com,03162270601,Male,23,DEP017,Mathematics,T00239,3,3.69,57.0,Active,"25118 Porter Key, Mitchellside, GU 39570",2023.0,2026-08-08 12:39:51.005
S001643,William,Lee,student1643@edupredict.com,03796974377,Female,22,DEP010,Economics,T00138,7,3.47,50.0,Inactive,"501 Cassidy Dam Apt. 649, Lake Patriciaberg, PA 07847",2023.0,2026-08-08 12:39:51.006
S001644,Wayne,Carlson,student1644@edupredict.com,03733867125,Male,22,DEP008,Accounting,T00208,5,2.83,56.0,Inactive,"5871 Robert Lakes, New Jeffreyport, CT 80204",2022.0,2026-08-08 12:39:51.007
S001645,Nicole,Burton,student1645@edupredict.com,03123614388,Male,18,DEP006,Cyber Security,T00282,7,2.99,58.0,Active,"7278 Jeremy Rapid, East Emma, WA 33819",2022.0,2026-08-08 12:39:51.007
S001646,Curtis,Sanchez,student1646@edupredict.com,03442172791,Male,22,DEP006,Cyber Security,T00169,8,2.76,80.0,Active,"63221 Jennifer Port Suite 158, New Chase, MP 07521",2025.0,2026-08-08 12:39:51.008
S001647,Christopher,Pineda,student1647@edupredict.com,03301062606,Female,21,DEP011,Marketing,T00218,1,2.5,91.0,Active,"013 Diaz Way, Mccoyshire, ID 19686",2024.0,2026-08-08 12:39:51.009
S001648,Matthew,Yoder,student1648@edupredict.com,03141064887,Female,23,DEP016,Architecture,T00008,4,2.02,85.0,Active,"071 Daniel Street, Coleview, MP 60612",2024.0,2026-08-08 12:39:51.010
S001649,Richard,Wyatt,student1649@edupredict.com,03639342833,Female,23,DEP015,Civil Engineering,T00252,3,3.31,72.0,Active,"23770 Jacob Inlet, Barbaraside, KY 27434",2026.0,2026-08-08 12:39:51.011
S001650,Michael,Schroeder,student1650@edupredict.com,03308204105,Male,20,DEP013,Electrical Engineering,T00050,5,3.3,51.0,Active,"PSC 3743, Box 4681, APO AE 51698",2023.0,2026-08-08 12:39:51.011
S001651,Jacqueline,Rojas,student1651@edupredict.com,03132993196,Female,25,DEP004,Artificial Intelligence,T00281,6,2.27,90.0,Active,"47412 Cory Corners, South Gabriellefort, MT 68621",2026.0,2026-08-08 12:39:51.012
S001652,Rachel,Morris,student1652@edupredict.com,03161239169,Male,20,DEP014,Mechanical Engineering,T00238,2,2.83,96.0,Active,"8659 Kristie Common Suite 558, Larrymouth, DE 38600",2021.0,2026-08-08 12:39:51.012
S001653,Michael,Wong,student1653@edupredict.com,03220423545,Male,23,DEP009,Finance,T00279,3,3.41,71.0,Active,"PSC 2495, Box 1292, APO AE 01519",2023.0,2026-08-08 12:39:51.013
S001654,Elizabeth,Hardy,student1654@edupredict.com,03307282017,Male,27,DEP020,Biology,T00034,1,3.48,70.0,Active,"71703 Nancy Crossing Apt. 181, Mcintoshfort, MD 10636",2026.0,2026-08-08 12:39:51.014
S001655,Renee,Rogers,student1655@edupredict.com,03882684685,Female,20,DEP016,Architecture,T00234,5,3.7,60.0,Active,"17384 Clark Path Suite 033, Gilbertview, AS 44383",2021.0,2026-08-08 12:39:51.014
S001656,Scott,Alexander,student1656@edupredict.com,03836365045,Male,22,DEP009,Finance,T00058,4,2.15,56.0,Active,"672 William Street, Salaschester, LA 92503",2024.0,2026-08-08 12:39:51.015
S001657,Charles,Smith,student1657@edupredict.com,03885221472,Male,25,DEP002,Software Engineering,T00194,1,3.73,80.0,Active,"963 Melissa Valleys, Lake Christopher, SD 43220",2022.0,2026-08-08 12:39:51.016
S001658,Andrew,Park,student1658@edupredict.com,03831830687,Male,24,DEP020,Biology,T00159,6,2.39,99.0,Active,"PSC 1240, Box 0757, APO AA 31329",2023.0,2026-08-08 12:39:51.016
S001659,Denise,Sweeney,student1659@edupredict.com,03198075268,Female,18,DEP004,Artificial Intelligence,T00129,2,3.92,83.0,Active,"058 Donald Field Suite 639, Port Theresachester, CT 96031",2024.0,2026-08-08 12:39:52.263
S001660,John,Miller,student1660@edupredict.com,03923252987,Female,19,DEP016,Architecture,T00083,3,3.98,57.0,Inactive,"81403 Michele Pines Suite 332, New Mary, CT 74228",2025.0,2026-08-08 12:39:52.264
S001661,Wendy,Lowe,student1661@edupredict.com,03242482111,Female,26,DEP009,Finance,T00178,1,3.34,59.0,Active,"8814 Wagner Manor, Gutierrezburgh, MH 89269",2023.0,2026-08-08 12:39:52.265
S001662,Mary,Rodriguez,student1662@edupredict.com,03751613468,Male,22,DEP007,Business Administration,T00084,8,3.63,92.0,Active,"32572 Darrell Drives, Rodriguezstad, PA 57903",2024.0,2026-08-08 12:39:52.265
S001663,Evan,Scott,student1663@edupredict.com,03854715354,Female,19,DEP020,Biology,T00203,1,3.64,99.0,Active,"84142 Cameron Station Suite 470, North Jeffreyshire, AK 84625",2023.0,2026-08-08 12:39:52.266
S001664,Luis,Watkins,student1664@edupredict.com,03829131121,Female,19,DEP015,Civil Engineering,T00059,6,3.13,78.0,Inactive,"2872 Clements Motorway Suite 281, Marioburgh, VT 02811",2023.0,2026-08-08 12:39:52.267
S001665,Thomas,Richardson,student1665@edupredict.com,03244557825,Male,19,DEP016,Architecture,T00225,4,3.15,83.0,Active,"9022 Lane Corner Apt. 152, West Noahmouth, PR 88297",2023.0,2026-08-08 12:39:52.268
S001666,Andres,Carroll,student1666@edupredict.com,03400490982,Male,23,DEP005,Data Science,T00262,1,3.81,95.0,Active,"55101 Julie Ports Suite 111, Port Edgarfort, CA 02927",2025.0,2026-08-08 12:39:52.268
S001667,Joseph,Jenkins,student1667@edupredict.com,03513790684,Female,25,DEP011,Marketing,T00195,6,3.82,66.0,Active,"442 Christine Estate Apt. 898, Grimesville, GA 56072",2022.0,2026-08-08 12:39:52.269
S001668,Daniel,Shaw,student1668@edupredict.com,03464575643,Female,23,DEP013,Electrical Engineering,T00210,6,3.63,91.0,Active,"19293 Kyle Corner Suite 892, West Michelle, MT 99881",2021.0,2026-08-08 12:39:52.270
S001669,Charles,Gordon,student1669@edupredict.com,03920229187,Female,25,DEP013,Electrical Engineering,T00278,1,2.65,89.0,Active,"939 Steven River Suite 809, Gonzalezmouth, ID 16772",2026.0,2026-08-08 12:39:52.271
S001670,Charles,Mills,student1670@edupredict.com,03833891855,Female,24,DEP013,Electrical Engineering,T00030,1,2.38,70.0,Active,"23359 Pittman Isle, New Kyle, WV 65934",2024.0,2026-08-08 12:39:52.272
S001671,Lindsay,Martin,student1671@edupredict.com,03196208097,Female,22,DEP020,Biology,T00179,8,3.84,53.0,Active,"927 Wong Land, Port Danafort, MO 92845",2023.0,2026-08-08 12:39:52.273
S001672,Stephanie,Carroll,student1672@edupredict.com,03840181218,Male,23,DEP003,Information Technology,T00051,5,3.99,61.0,Active,"928 Jean Drive Suite 948, South Valerietown, CA 29291",2021.0,2026-08-08 12:39:52.273
S001673,Leah,Ramirez,student1673@edupredict.com,03211633237,Male,18,DEP013,Electrical Engineering,T00065,5,3.02,59.0,Active,"20743 Joshua Forks, West Christophershire, VT 21575",2026.0,2026-08-08 12:39:52.274
S001674,Melissa,Hicks,student1674@edupredict.com,03906125379,Female,28,DEP020,Biology,T00162,8,2.29,83.0,Active,"0178 Mason Terrace Suite 905, Williammouth, MD 62901",2024.0,2026-08-08 12:39:52.275
S001675,Collin,Mcintosh,student1675@edupredict.com,03174159915,Female,23,DEP009,Finance,T00021,5,3.6,64.0,Active,"7187 Kristin Summit, East William, MH 72113",2024.0,2026-08-08 12:39:52.276
S001676,Thomas,King,student1676@edupredict.com,03957996120,Female,25,DEP013,Electrical Engineering,T00273,2,2.6,88.0,Active,"57368 Stephen Causeway, New Carlostown, RI 45094",2021.0,2026-08-08 12:39:52.276
S001677,Jennifer,Fernandez,student1677@edupredict.com,03522762388,Male,24,DEP014,Mechanical Engineering,T00174,5,2.01,63.0,Active,"769 Desiree Skyway, Danielmouth, MO 70444",2026.0,2026-08-08 12:39:52.277
S001678,Jessica,Ward,student1678@edupredict.com,03383843951,Male,20,DEP009,Finance,T00146,2,3.55,91.0,Active,"82253 Morgan Road, South Tracyland, IN 85479",2025.0,2026-08-08 12:39:52.278
S001679,Ann,Garner,student1679@edupredict.com,03202340525,Male,28,DEP003,Information Technology,T00123,7,2.87,91.0,Active,"5220 Bryan Shores Suite 397, Rossborough, ME 61272",2023.0,2026-08-08 12:39:52.278
S001680,Alex,Oliver,student1680@edupredict.com,03658980112,Female,25,DEP013,Electrical Engineering,T00066,4,2.4,51.0,Active,"1515 Andrews Ridge, Tracytown, FM 12449",2025.0,2026-08-08 12:39:52.279
S001681,David,Lozano,student1681@edupredict.com,03283044974,Male,25,DEP015,Civil Engineering,T00211,2,3.64,90.0,Active,"867 Paige Hollow Apt. 433, Walterhaven, MP 89931",2021.0,2026-08-08 12:39:52.280
S001682,Elizabeth,Lewis,student1682@edupredict.com,03122731827,Male,25,DEP016,Architecture,T00007,6,3.65,80.0,Active,"USNS Campbell, FPO AP 59566",2022.0,2026-08-08 12:39:52.280
S001683,James,Jacobs,student1683@edupredict.com,03760345607,Female,27,DEP012,Management,T00024,4,2.26,70.0,Inactive,"850 Mcdaniel Hills, Lake Jessica, VA 86880",2025.0,2026-08-08 12:39:52.281
S001684,Mallory,Morales,student1684@edupredict.com,03397687807,Female,19,DEP018,Physics,T00216,8,2.76,81.0,Active,"41252 Gallagher Village Apt. 526, Danielton, AZ 40360",2021.0,2026-08-08 12:39:52.282
S001685,John,Smith,student1685@edupredict.com,03549837572,Male,22,DEP004,Artificial Intelligence,T00285,5,2.21,60.0,Inactive,"5913 Jennifer Valleys Suite 244, Crystalview, FL 94095",2022.0,2026-08-08 12:39:52.282
S001686,Christopher,Levine,student1686@edupredict.com,03465441901,Male,18,DEP006,Cyber Security,T00169,2,2.47,78.0,Inactive,"359 David Crossing, Ninamouth, NH 67264",2026.0,2026-08-08 12:39:52.283
S001687,Sean,Evans,student1687@edupredict.com,03314761521,Male,23,DEP005,Data Science,T00258,7,3.96,55.0,Active,"PSC 6917, Box 0157, APO AA 45018",2021.0,2026-08-08 12:39:52.284
S001688,Kevin,Clarke,student1688@edupredict.com,03742125089,Male,20,DEP001,Computer Science,T00089,5,2.53,84.0,Active,"70806 Jessica View, Christianview, RI 76171",2025.0,2026-08-08 12:39:52.284
S001689,Robert,House,student1689@edupredict.com,03530446804,Female,25,DEP001,Computer Science,T00187,7,3.43,96.0,Active,"PSC 3596, Box 8786, APO AE 58047",2024.0,2026-08-08 12:39:52.285
S001690,Mallory,Russell,student1690@edupredict.com,03163493247,Male,28,DEP019,Chemistry,T00044,4,2.68,68.0,Active,"PSC 0898, Box 7681, APO AA 08821",2023.0,2026-08-08 12:39:52.285
S001691,Shannon,Phillips,student1691@edupredict.com,03789763561,Male,21,DEP020,Biology,T00280,1,2.8,60.0,Active,"982 Solomon Locks, West Rick, NE 07953",2021.0,2026-08-08 12:39:52.286
S001692,Gene,Davis,student1692@edupredict.com,03578366313,Male,21,DEP010,Economics,T00072,1,3.52,70.0,Active,"861 Medina Summit, Allisonmouth, AR 31144",2024.0,2026-08-08 12:39:52.287
S001693,Maria,Hartman,student1693@edupredict.com,03895736008,Female,24,DEP002,Software Engineering,T00265,2,2.96,76.0,Active,"6802 Jared Village, Lake Paulmouth, IN 45542",2026.0,2026-08-08 12:39:52.287
S001694,Gina,Ramos,student1694@edupredict.com,03607609898,Male,20,DEP018,Physics,T00251,2,3.64,86.0,Active,"843 Gray Ports Apt. 635, East Daniel, AL 52304",2024.0,2026-08-08 12:39:52.288
S001695,Mark,Sullivan,student1695@edupredict.com,03826291236,Male,26,DEP013,Electrical Engineering,T00050,4,3.71,60.0,Active,"79891 Carey Cove, West Tracy, AS 92197",2024.0,2026-08-08 12:39:52.289
S001696,Russell,Johnston,student1696@edupredict.com,03996446165,Male,20,DEP007,Business Administration,T00143,1,2.98,86.0,Active,"USNV Ryan, FPO AA 34299",2024.0,2026-08-08 12:39:52.289
S001697,Jason,Martin,student1697@edupredict.com,03608490283,Female,19,DEP013,Electrical Engineering,T00050,6,3.59,73.0,Inactive,"2931 Wilson Plains, Adamsstad, KY 72728",2025.0,2026-08-08 12:39:52.290
S001698,Barbara,Wood,student1698@edupredict.com,03933972921,Female,19,DEP001,Computer Science,T00015,5,2.23,86.0,Active,"86882 Mark Summit Apt. 495, Isaiahmouth, MP 51412",2026.0,2026-08-08 12:39:52.291
S001699,Jon,Gomez,student1699@edupredict.com,03719893965,Female,23,DEP007,Business Administration,T00014,5,2.8,96.0,Active,"598 Deanna Crescent, West Carlosstad, ID 05390",2025.0,2026-08-08 12:39:52.292
S001700,Corey,Kelly,student1700@edupredict.com,03855898855,Female,21,DEP019,Chemistry,T00004,2,3.44,90.0,Active,"8900 Gonzalez Station, Eugeneview, FL 87976",2022.0,2026-08-08 12:39:52.292
S001701,Geoffrey,Salazar,student1701@edupredict.com,03828085210,Male,23,DEP016,Architecture,T00007,7,2.8,76.0,Active,"787 Hayden Branch, Lake Lauren, ME 71468",2026.0,2026-08-08 12:39:52.293
S001702,Matthew,Schultz,student1702@edupredict.com,03137592745,Female,24,DEP012,Management,T00248,2,2.73,51.0,Active,"9811 James Islands, West Jeanettemouth, UT 52791",2023.0,2026-08-08 12:39:52.294
S001703,William,Reed,student1703@edupredict.com,03183909779,Female,25,DEP009,Finance,T00146,4,3.82,61.0,Inactive,"190 Ryan Square Apt. 340, West Barbara, TX 56435",2022.0,2026-08-08 12:39:52.294
S001704,Sarah,Jackson,student1704@edupredict.com,03495377678,Male,23,DEP015,Civil Engineering,T00182,1,2.12,90.0,Active,"40329 Gay Parks Apt. 389, Villegasstad, NH 03495",2026.0,2026-08-08 12:39:52.295
S001705,Richard,Banks,student1705@edupredict.com,03790340828,Female,23,DEP006,Cyber Security,T00241,2,2.56,65.0,Active,"8754 Cooke Lodge, East Deborah, VI 36785",2025.0,2026-08-08 12:39:52.739
S001706,Derek,Morris,student1706@edupredict.com,03870649010,Female,27,DEP015,Civil Engineering,T00109,1,2.94,75.0,Active,"USCGC Carter, FPO AP 11108",2022.0,2026-08-08 12:39:52.740
S001707,Amy,Martinez,student1707@edupredict.com,03445275140,Female,25,DEP009,Finance,T00264,5,3.12,59.0,Active,"04924 Robert Fork Suite 680, North Heathermouth, AK 45888",2025.0,2026-08-08 12:39:52.740
S001708,Jennifer,Garcia,student1708@edupredict.com,03898196753,Male,18,DEP020,Biology,T00201,6,3.09,66.0,Active,"484 Williams Lights Apt. 729, Johnsonshire, MH 47902",2021.0,2026-08-08 12:39:52.741
S001709,Robert,Davis,student1709@edupredict.com,03295755685,Male,20,DEP009,Finance,T00279,6,2.66,82.0,Active,"21215 Daniel Circle Suite 662, Jeffreyville, CA 23639",2025.0,2026-08-08 12:39:52.742
S001710,Ryan,Shelton,student1710@edupredict.com,03127591140,Male,18,DEP008,Accounting,T00069,3,3.03,53.0,Inactive,"454 Alvarado Orchard, Herreraside, IL 63622",2024.0,2026-08-08 12:39:52.742
S001711,Michael,Harrell,student1711@edupredict.com,03454369503,Female,18,DEP016,Architecture,T00189,3,3.15,98.0,Active,"PSC 2330, Box 1213, APO AP 38684",2024.0,2026-08-08 12:39:52.743
S001712,Michael,Fuentes,student1712@edupredict.com,03395462625,Female,22,DEP013,Electrical Engineering,T00065,1,2.81,88.0,Inactive,"7339 Brady Pine, Samuelmouth, MT 09041",2022.0,2026-08-08 12:39:52.744
S001713,Melissa,Turner,student1713@edupredict.com,03303131486,Female,24,DEP013,Electrical Engineering,T00167,2,2.42,78.0,Active,"288 Craig Plains, Lake Jessica, OR 22201",2025.0,2026-08-08 12:39:52.744
S001714,Katie,Jones,student1714@edupredict.com,03263663566,Female,19,DEP007,Business Administration,T00032,4,2.6,51.0,Active,"083 Middleton Wall Apt. 261, Wilsonberg, PA 88951",2022.0,2026-08-08 12:39:52.745
S001715,Charles,Wang,student1715@edupredict.com,03304233077,Male,24,DEP014,Mechanical Engineering,T00130,6,3.47,72.0,Active,"8478 Jared Walks Apt. 917, Thomasport, AS 96030",2022.0,2026-08-08 12:39:52.746
S001716,Leah,Little,student1716@edupredict.com,03315453098,Male,22,DEP008,Accounting,T00191,1,2.93,85.0,Active,"99893 Lisa Summit, West Scott, OH 60820",2023.0,2026-08-08 12:39:52.746
S001717,Derrick,Ochoa,student1717@edupredict.com,03443844873,Male,22,DEP005,Data Science,T00199,3,3.88,61.0,Active,"4951 Laura View, Toddchester, LA 74745",2026.0,2026-08-08 12:39:52.747
S001718,Lorraine,Gonzales,student1718@edupredict.com,03415842763,Male,28,DEP004,Artificial Intelligence,T00260,4,2.25,70.0,Active,"USNS Villa, FPO AA 30200",2023.0,2026-08-08 12:39:52.748
S001719,Kathryn,Santos,student1719@edupredict.com,03257888667,Male,27,DEP009,Finance,T00178,1,2.23,84.0,Active,"161 Solomon Mall, North Davidshire, DC 75703",2025.0,2026-08-08 12:39:52.748
S001720,Jennifer,Lopez,student1720@edupredict.com,03521838404,Male,24,DEP008,Accounting,T00055,2,2.15,90.0,Active,"5643 White Prairie, West Kellyshire, LA 43982",2021.0,2026-08-08 12:39:52.749
S001721,Sarah,Garcia,student1721@edupredict.com,03488493418,Male,25,DEP011,Marketing,T00222,5,2.84,58.0,Active,"5969 Gibson Curve, Lucasbury, KY 39478",2023.0,2026-08-08 12:39:52.750
S001722,Sherri,Miller,student1722@edupredict.com,03586088858,Male,27,DEP015,Civil Engineering,T00104,5,3.14,88.0,Active,"927 Caitlin Unions Apt. 156, Lake Eric, MI 02620",2024.0,2026-08-08 12:39:52.751
S001723,Erin,Little,student1723@edupredict.com,03107316708,Male,21,DEP001,Computer Science,T00060,6,2.01,61.0,Active,"115 Cody Radial Apt. 540, West Hannah, MP 22669",2026.0,2026-08-08 12:39:52.752
S001724,Robert,Martinez,student1724@edupredict.com,03667984688,Male,22,DEP017,Mathematics,T00077,7,3.02,56.0,Active,"USCGC Mendez, FPO AE 76368",2021.0,2026-08-08 12:39:52.753
S001725,Michelle,Leonard,student1725@edupredict.com,03669284145,Male,18,DEP002,Software Engineering,T00265,8,3.65,50.0,Active,"095 Fitzgerald Island Apt. 912, South Jamesview, NY 82660",2021.0,2026-08-08 12:39:52.753
S001726,Jill,Williams,student1726@edupredict.com,03515529166,Female,28,DEP010,Economics,T00091,2,2.2,64.0,Active,"944 Martinez Common, South Lynntown, NH 60821",2021.0,2026-08-08 12:39:52.754
S001727,Heather,Miller,student1727@edupredict.com,03457919649,Male,19,DEP007,Business Administration,T00177,6,2.33,95.0,Active,"1550 Melissa Forks, Mooreberg, TN 87612",2025.0,2026-08-08 12:39:52.755
S001728,Sean,Castillo,student1728@edupredict.com,03152401949,Female,28,DEP010,Economics,T00071,2,3.01,67.0,Active,"7520 Hood Viaduct, South Alvinland, NE 34803",2024.0,2026-08-08 12:39:52.756
S001729,Leslie,Mccullough,student1729@edupredict.com,03622899201,Female,22,DEP004,Artificial Intelligence,T00285,3,3.31,90.0,Active,"PSC 4411, Box 3595, APO AP 28579",2022.0,2026-08-08 12:39:52.756
S001730,Jerry,Yu,student1730@edupredict.com,03441899569,Male,24,DEP007,Business Administration,T00141,6,2.53,92.0,Active,"319 Daniels Station, East Amy, UT 83211",2025.0,2026-08-08 12:39:52.757
S001731,Alexander,Allen,student1731@edupredict.com,03973636336,Male,22,DEP005,Data Science,T00164,7,2.08,79.0,Inactive,"10395 Courtney Walk Suite 870, New Ryanport, WV 35747",2021.0,2026-08-08 12:39:52.757
S001732,Lisa,West,student1732@edupredict.com,03494807927,Female,27,DEP006,Cyber Security,T00190,1,2.72,69.0,Active,"62858 Joseph Brooks Suite 813, Lake Andrew, FL 37400",2025.0,2026-08-08 12:39:52.759
S001733,Shane,Morris,student1733@edupredict.com,03317409486,Male,19,DEP015,Civil Engineering,T00125,2,3.14,59.0,Active,"83664 Russell Spring Apt. 848, Ortegafort, CA 82468",2024.0,2026-08-08 12:39:52.760
S001734,Dillon,Fields,student1734@edupredict.com,03586557800,Male,22,DEP018,Physics,T00035,1,3.3,94.0,Active,"02307 Reyes Highway, North Melissachester, NH 11989",2022.0,2026-08-08 12:39:52.762
S001735,Charles,Torres,student1735@edupredict.com,03867583792,Male,19,DEP005,Data Science,T00152,1,3.39,83.0,Active,"645 Meghan Brooks Apt. 070, Stephenview, MD 36002",2024.0,2026-08-08 12:39:52.763
S001736,Michael,Schultz,student1736@edupredict.com,03550557596,Male,21,DEP016,Architecture,T00225,7,2.25,82.0,Active,"4673 Murphy Cliff Suite 332, New Robert, GA 88321",2022.0,2026-08-08 12:39:52.764
S001737,Joseph,Becker,student1737@edupredict.com,03461732030,Male,23,DEP008,Accounting,T00063,4,3.03,73.0,Active,"278 Sims Forges Apt. 866, Mariamouth, MI 18186",2026.0,2026-08-08 12:39:52.764
S001738,Phillip,Waters,student1738@edupredict.com,03255402139,Female,23,DEP009,Finance,T00100,6,3.86,61.0,Active,"USCGC French, FPO AE 54607",2026.0,2026-08-08 12:39:52.765
S001739,Robert,Villanueva,student1739@edupredict.com,03878681736,Male,21,DEP001,Computer Science,T00089,8,2.13,77.0,Active,"30068 Osborne Vista, West Jamesfurt, NY 23059",2022.0,2026-08-08 12:39:52.766
S001740,David,Everett,student1740@edupredict.com,03855684033,Female,26,DEP019,Chemistry,T00160,5,3.04,73.0,Active,"53554 Nelson Estate, Mitchellport, UT 14860",2024.0,2026-08-08 12:39:52.766
S001741,Donna,Edwards,student1741@edupredict.com,03987213778,Male,18,DEP018,Physics,T00230,1,3.08,51.0,Active,"0455 Jason Overpass Suite 913, Cheyennebury, MI 90505",2026.0,2026-08-08 12:39:52.767
S001742,Mark,Robinson,student1742@edupredict.com,03826538306,Male,28,DEP011,Marketing,T00218,3,2.95,87.0,Active,"21146 John Club, East Jennyport, FL 85171",2023.0,2026-08-08 12:39:52.769
S001743,Jenna,Scott,student1743@edupredict.com,03265983663,Male,22,DEP016,Architecture,T00234,4,2.12,69.0,Active,"PSC 9609, Box 1597, APO AP 72706",2026.0,2026-08-08 12:39:52.769
S001744,Melissa,Cunningham,student1744@edupredict.com,03500718642,Male,18,DEP005,Data Science,T00068,8,3.44,86.0,Active,"Unit 0516 Box 2057, DPO AP 35045",2026.0,2026-08-08 12:39:52.769
S001745,Barbara,Greene,student1745@edupredict.com,03541617610,Female,26,DEP019,Chemistry,T00044,5,3.24,67.0,Active,"547 Schwartz Port Apt. 942, Tapiaport, WA 83187",2025.0,2026-08-08 12:39:52.770
S001746,Jill,Gibbs,student1746@edupredict.com,03348494933,Female,23,DEP017,Mathematics,T00139,2,3.48,57.0,Active,"85264 Graham Lake Suite 537, Willisfurt, NE 34610",2022.0,2026-08-08 12:39:52.771
S001747,Rebekah,Scott,student1747@edupredict.com,03815598508,Male,22,DEP001,Computer Science,T00098,1,2.2,97.0,Inactive,"USNS Higgins, FPO AE 86375",2024.0,2026-08-08 12:39:52.772
S001748,Melissa,King,student1748@edupredict.com,03373319271,Female,24,DEP020,Biology,T00179,2,3.02,71.0,Active,"70701 Michael Well Apt. 617, Brandonborough, IN 83311",2026.0,2026-08-08 12:39:52.772
S001749,Leslie,Hayes,student1749@edupredict.com,03173075816,Female,24,DEP002,Software Engineering,T00101,4,3.53,56.0,Active,"PSC 6817, Box 2722, APO AE 29716",2021.0,2026-08-08 12:39:52.773
S001750,Leah,Pierce,student1750@edupredict.com,03967690399,Male,21,DEP012,Management,T00272,8,2.39,58.0,Inactive,"54782 Cynthia Dam Suite 141, New Katie, AZ 29699",2022.0,2026-08-08 12:39:52.773
S001751,Seth,Robinson,student1751@edupredict.com,03792032626,Male,23,DEP016,Architecture,T00118,2,3.46,75.0,Active,"19835 Barbara Fort, Josemouth, WV 11770",2023.0,2026-08-08 12:39:52.774
S001752,Judy,Boyd,student1752@edupredict.com,03289598950,Female,22,DEP017,Mathematics,T00108,6,2.21,62.0,Active,"0236 Bolton Camp Suite 799, East David, MO 53311",2026.0,2026-08-08 12:39:53.929
S001753,Chad,Singleton,student1753@edupredict.com,03655466443,Male,24,DEP008,Accounting,T00217,6,3.04,97.0,Active,"4604 Jacobs Road Suite 953, Hodgesfort, PA 43117",2022.0,2026-08-08 12:39:53.931
S001754,Adrienne,Smith,student1754@edupredict.com,03583721351,Female,19,DEP003,Information Technology,T00123,5,2.76,84.0,Active,"3512 Chase Station Apt. 375, Charlesfort, TN 33314",2022.0,2026-08-08 12:39:53.931
S001755,Lori,Klein,student1755@edupredict.com,03486488842,Female,22,DEP015,Civil Engineering,T00211,7,4.0,57.0,Active,"174 Andrew Springs Suite 346, Port Kimberlychester, DC 03924",2021.0,2026-08-08 12:39:53.932
S001756,Daniel,Todd,student1756@edupredict.com,03696589425,Male,23,DEP007,Business Administration,T00177,3,2.51,84.0,Active,"926 Lori Estate, Williamsonhaven, CT 77434",2022.0,2026-08-08 12:39:53.933
S001757,Thomas,Rocha,student1757@edupredict.com,03949560113,Female,22,DEP020,Biology,T00080,2,2.66,82.0,Active,"79776 Willis Unions, East Chase, AL 04088",2022.0,2026-08-08 12:39:53.934
S001758,Donna,Mitchell,student1758@edupredict.com,03187809654,Male,18,DEP009,Finance,T00100,4,2.93,79.0,Active,"94535 Tamara Cove, Jameschester, AS 76393",2026.0,2026-08-08 12:39:53.934
S001759,Elizabeth,Morgan,student1759@edupredict.com,03977681357,Male,27,DEP013,Electrical Engineering,T00213,1,2.45,61.0,Active,"2740 Tammy Ports, Daniellemouth, MP 09953",2026.0,2026-08-08 12:39:53.935
S001760,Lauren,Mckee,student1760@edupredict.com,03937893924,Female,21,DEP003,Information Technology,T00123,4,2.4,94.0,Active,"748 Jeffrey Lights, Vickiport, DC 55210",2026.0,2026-08-08 12:39:53.936
S001761,Karen,Rivera,student1761@edupredict.com,03328200010,Male,20,DEP018,Physics,T00185,2,2.8,94.0,Active,"54921 Robert Fort, Danashire, SC 42910",2022.0,2026-08-08 12:39:53.937
S001762,Jonathan,Hicks,student1762@edupredict.com,03424275195,Male,26,DEP012,Management,T00248,1,3.35,63.0,Inactive,"85437 Denise Isle Suite 653, East Sierrabury, IL 70226",2023.0,2026-08-08 12:39:53.938
S001763,Rachel,Butler,student1763@edupredict.com,03151773088,Female,28,DEP007,Business Administration,T00141,4,3.59,89.0,Active,"856 Fernandez Cliff, South Megan, LA 41392",2024.0,2026-08-08 12:39:53.938
S001764,Robert,Rojas,student1764@edupredict.com,03358995369,Female,22,DEP010,Economics,T00224,4,2.8,59.0,Active,"918 Samuel Groves, Samuelbury, NM 69339",2023.0,2026-08-08 12:39:53.939
S001765,Kimberly,Alvarez,student1765@edupredict.com,03899416548,Male,23,DEP004,Artificial Intelligence,T00281,8,3.83,56.0,Active,"98417 Carla Flat, Hillland, LA 90921",2023.0,2026-08-08 12:39:53.940
S001766,Amy,Phillips,student1766@edupredict.com,03281077081,Female,26,DEP020,Biology,T00116,8,3.89,96.0,Active,"150 Goodman Circles Apt. 666, Lake Erika, MI 44644",2023.0,2026-08-08 12:39:53.940
S001767,Cody,Campbell,student1767@edupredict.com,03729242680,Female,28,DEP014,Mechanical Engineering,T00243,2,3.87,94.0,Active,"483 Lopez Meadows, Andersonmouth, CO 28747",2025.0,2026-08-08 12:39:53.941
S001768,Anthony,Doyle,student1768@edupredict.com,03807477754,Male,23,DEP005,Data Science,T00027,2,3.37,96.0,Active,"796 Barbara Island, New Kim, SD 93657",2025.0,2026-08-08 12:39:53.942
S001769,Destiny,Reid,student1769@edupredict.com,03913925170,Female,25,DEP006,Cyber Security,T00169,1,3.32,57.0,Active,"335 Maddox Parkways Suite 928, Aguilarview, MI 33861",2021.0,2026-08-08 12:39:53.943
S001770,Melissa,Sullivan,student1770@edupredict.com,03418609220,Male,20,DEP002,Software Engineering,T00295,5,3.97,82.0,Active,"54085 Sonya Station, West Amyside, MT 63343",2023.0,2026-08-08 12:39:53.943
S001771,Timothy,Alvarado,student1771@edupredict.com,03901494328,Male,18,DEP013,Electrical Engineering,T00167,2,2.03,87.0,Active,"040 Robbins Lakes Suite 475, Hortonton, CO 13860",2024.0,2026-08-08 12:39:53.944
S001772,Taylor,Harrison,student1772@edupredict.com,03969519051,Male,23,DEP016,Architecture,T00158,6,3.91,87.0,Active,"3933 David Mountains Suite 439, Deanburgh, NJ 18148",2022.0,2026-08-08 12:39:53.945
S001773,Patricia,Shields,student1773@edupredict.com,03287560321,Male,28,DEP009,Finance,T00264,1,3.47,59.0,Active,"54395 Martin Road Suite 956, Lake Johnberg, GA 98304",2021.0,2026-08-08 12:39:53.946
S001774,Robert,Moore,student1774@edupredict.com,03671696757,Female,23,DEP016,Architecture,T00158,3,3.31,60.0,Active,"0747 Fisher Trace, Herreraport, IN 47936",2022.0,2026-08-08 12:39:53.947
S001775,Sean,Roberts,student1775@edupredict.com,03848361148,Female,20,DEP015,Civil Engineering,T00121,7,2.16,68.0,Active,"66399 Smith Dam Suite 784, Port Robert, AZ 61372",2025.0,2026-08-08 12:39:53.947
S001776,Lisa,Tate,student1776@edupredict.com,03769674488,Male,27,DEP005,Data Science,T00022,6,2.3,89.0,Active,"19417 Ayala Freeway Apt. 060, Scottshire, CT 21436",2024.0,2026-08-08 12:39:53.948
S001777,Jon,Simon,student1777@edupredict.com,03134919946,Male,26,DEP011,Marketing,T00133,8,2.54,70.0,Inactive,"6779 Martin Tunnel Apt. 569, Michaelstad, KY 45145",2022.0,2026-08-08 12:39:53.949
S001778,Bryan,Hendrix,student1778@edupredict.com,03600575586,Female,25,DEP007,Business Administration,T00242,3,2.12,79.0,Active,"891 Rachel Corners, Johnsonfort, KS 72669",2024.0,2026-08-08 12:39:53.950
S001779,Sandra,Palmer,student1779@edupredict.com,03818695831,Male,24,DEP020,Biology,T00034,8,3.18,65.0,Active,"62552 Lawrence Brook, Port Andrew, IL 82008",2023.0,2026-08-08 12:39:53.951
S001780,Sheena,Martinez,student1780@edupredict.com,03202963054,Male,28,DEP001,Computer Science,T00296,4,2.8,95.0,Active,"5142 Lee Islands, Reillyburgh, GA 68290",2026.0,2026-08-08 12:39:53.952
S001781,Christopher,Olsen,student1781@edupredict.com,03162531621,Female,19,DEP004,Artificial Intelligence,T00290,6,3.72,83.0,Active,"USNV Lopez, FPO AE 02294",2022.0,2026-08-08 12:39:53.952
S001782,Laura,Price,student1782@edupredict.com,03860212779,Male,20,DEP002,Software Engineering,T00295,7,2.7,72.0,Active,"68058 Elizabeth Rapids, East John, KS 66768",2023.0,2026-08-08 12:39:53.953
S001783,Madeline,Davis,student1783@edupredict.com,03310241867,Female,19,DEP013,Electrical Engineering,T00291,5,3.61,50.0,Active,"07323 Snyder Light, North Michael, TX 38894",2021.0,2026-08-08 12:39:53.954
S001784,James,Smith,student1784@edupredict.com,03659882838,Male,20,DEP006,Cyber Security,T00229,5,3.83,97.0,Active,"68953 Julie Roads Suite 654, Johnsonburgh, PW 95103",2022.0,2026-08-08 12:39:53.955
S001785,Erin,Franklin,student1785@edupredict.com,03633448346,Female,22,DEP017,Mathematics,T00131,8,3.2,70.0,Active,"86116 Lawson Ramp, Robertburgh, WV 24234",2025.0,2026-08-08 12:39:53.956
S001786,Duane,Friedman,student1786@edupredict.com,03636927790,Male,28,DEP007,Business Administration,T00014,5,3.37,92.0,Active,"7582 Amy Point Suite 193, Griffintown, ME 36480",2021.0,2026-08-08 12:39:53.956
S001787,Ashley,Miller,student1787@edupredict.com,03441041722,Male,20,DEP015,Civil Engineering,T00170,2,2.32,89.0,Active,"7571 Hodge Forges Apt. 197, Hughesview, AS 70887",2022.0,2026-08-08 12:39:53.957
S001788,Samantha,Beard,student1788@edupredict.com,03265112852,Male,28,DEP010,Economics,T00155,4,3.53,99.0,Active,"538 Santos Stream, Williamsmouth, IL 61749",2022.0,2026-08-08 12:39:53.958
S001789,Tracy,Daugherty,student1789@edupredict.com,03912154599,Male,20,DEP005,Data Science,T00258,3,2.81,100.0,Active,"89619 Brown Key, Jonathanview, LA 68048",2021.0,2026-08-08 12:39:53.959
S001790,Nicole,Macdonald,student1790@edupredict.com,03531812748,Male,19,DEP004,Artificial Intelligence,T00067,5,2.53,90.0,Active,"PSC 9696, Box 3782, APO AP 66952",2023.0,2026-08-08 12:39:53.959
S001791,Heather,Chavez,student1791@edupredict.com,03584259343,Male,21,DEP011,Marketing,T00011,1,3.55,83.0,Active,"007 Fuller Shore Apt. 688, North Lisaland, OR 15162",2023.0,2026-08-08 12:39:53.960
S001792,Jody,Carter,student1792@edupredict.com,03522078763,Male,24,DEP003,Information Technology,T00051,5,3.61,98.0,Inactive,"518 Guerra Groves Apt. 224, Ivanfort, ME 11786",2022.0,2026-08-08 12:39:53.961
S001793,Christina,Cox,student1793@edupredict.com,03948248132,Male,28,DEP020,Biology,T00112,1,3.76,88.0,Inactive,"81230 Ramirez Hill, Roblesbury, VA 46068",2023.0,2026-08-08 12:39:53.962
S001794,Denise,Shelton,student1794@edupredict.com,03639688357,Female,24,DEP006,Cyber Security,T00256,6,3.09,70.0,Active,"58305 Joseph Ville, Nelsonview, AL 24733",2024.0,2026-08-08 12:39:53.963
S001795,Jason,Proctor,student1795@edupredict.com,03255289811,Male,21,DEP017,Mathematics,T00161,7,3.11,92.0,Active,"5262 Eric Junctions, South Katherineland, NE 93542",2025.0,2026-08-08 12:39:54.378
S001796,Nicholas,Meadows,student1796@edupredict.com,03752651842,Male,22,DEP010,Economics,T00168,2,3.22,65.0,Active,"88957 Jennifer Corners Apt. 890, Murrayport, WA 09575",2026.0,2026-08-08 12:39:54.379
S001797,Bryan,Mitchell,student1797@edupredict.com,03253106952,Male,20,DEP011,Marketing,T00011,6,3.16,71.0,Active,"55895 Mercado Cove, South Ashleyfort, IL 16508",2023.0,2026-08-08 12:39:54.380
S001798,Tiffany,Adams,student1798@edupredict.com,03666944763,Male,28,DEP012,Management,T00232,5,3.5,57.0,Active,"PSC 9975, Box 5835, APO AP 12345",2023.0,2026-08-08 12:39:54.380
S001799,John,Bailey,student1799@edupredict.com,03583390689,Female,25,DEP020,Biology,T00112,1,2.47,79.0,Active,"7147 Simmons Mountain, East Pamelaport, GA 76712",2023.0,2026-08-08 12:39:54.381
S001800,Charles,Cook,student1800@edupredict.com,03219035122,Male,22,DEP019,Chemistry,T00198,3,2.71,55.0,Active,"9235 Mary Oval, Barryhaven, UT 87382",2025.0,2026-08-08 12:39:54.382
S001801,Christopher,Frederick,student1801@edupredict.com,03607468862,Female,28,DEP013,Electrical Engineering,T00030,2,2.44,88.0,Active,"4320 Oliver Spurs, West Leslie, OR 48496",2023.0,2026-08-08 12:39:54.384
S001802,Gary,Garcia,student1802@edupredict.com,03385941998,Male,26,DEP009,Finance,T00021,8,2.07,56.0,Active,"61463 Katie Light, Sharpfurt, MH 64988",2023.0,2026-08-08 12:39:54.384
S001803,Natalie,Grimes,student1803@edupredict.com,03750289367,Male,18,DEP017,Mathematics,T00239,4,2.69,97.0,Active,"877 Jimmy Curve, Jamesshire, AL 56927",2022.0,2026-08-08 12:39:54.386
S001804,Aaron,West,student1804@edupredict.com,03926152482,Male,28,DEP019,Chemistry,T00198,7,3.4,55.0,Active,"251 Rose Villages Apt. 501, South Brett, OR 23442",2022.0,2026-08-08 12:39:54.386
S001805,Jennifer,Forbes,student1805@edupredict.com,03639417176,Male,28,DEP003,Information Technology,T00123,5,2.47,73.0,Active,"77679 Schroeder Trail Apt. 714, Johnmouth, KY 36839",2026.0,2026-08-08 12:39:54.387
S001806,Chelsey,Brown,student1806@edupredict.com,03929435610,Male,21,DEP012,Management,T00041,7,2.92,82.0,Active,"6250 Williams Skyway Suite 925, New Ryan, ME 73820",2023.0,2026-08-08 12:39:54.388
S001807,Joseph,Smith,student1807@edupredict.com,03102255300,Male,25,DEP011,Marketing,T00011,5,3.79,96.0,Active,"0086 Stephenson Mountains, Port Vanessa, LA 73481",2023.0,2026-08-08 12:39:54.389
S001808,Stephen,Pham,student1808@edupredict.com,03591767974,Female,25,DEP002,Software Engineering,T00101,1,2.9,100.0,Active,"7188 Hicks Park Apt. 047, West Grant, UT 16785",2024.0,2026-08-08 12:39:54.390
S001809,Rebecca,Chapman,student1809@edupredict.com,03176405697,Male,21,DEP007,Business Administration,T00124,4,3.09,93.0,Inactive,"2409 Joshua Estate, Shawtown, OR 19648",2023.0,2026-08-08 12:39:54.391
S001810,Steve,Cook,student1810@edupredict.com,03880929228,Male,22,DEP004,Artificial Intelligence,T00290,6,2.88,68.0,Active,"PSC 0303, Box 6580, APO AP 00721",2024.0,2026-08-08 12:39:54.391
S001811,Kathy,Moore,student1811@edupredict.com,03831448149,Female,24,DEP003,Information Technology,T00012,7,2.4,100.0,Active,"686 Hanson Mews, Port Christophermouth, LA 80623",2024.0,2026-08-08 12:39:54.392
S001812,Christopher,Harvey,student1812@edupredict.com,03698142493,Male,24,DEP009,Finance,T00076,4,2.36,87.0,Inactive,"USS Bartlett, FPO AA 79426",2022.0,2026-08-08 12:39:54.392
S001813,Ernest,Klein,student1813@edupredict.com,03764871317,Male,18,DEP018,Physics,T00230,8,2.09,77.0,Active,"518 Ross Park, Coreystad, MH 42401",2023.0,2026-08-08 12:39:54.393
S001814,Diana,Palmer,student1814@edupredict.com,03845470360,Female,24,DEP020,Biology,T00201,5,2.99,86.0,Active,"96720 Megan Hill, Steventon, FM 66084",2025.0,2026-08-08 12:39:54.394
S001815,Edward,Larson,student1815@edupredict.com,03326767524,Female,21,DEP004,Artificial Intelligence,T00285,1,3.6,74.0,Active,"440 Anna Mountains Suite 293, Port Charles, NM 70628",2022.0,2026-08-08 12:39:54.394
S001816,Edwin,Ryan,student1816@edupredict.com,03894649747,Female,18,DEP009,Finance,T00021,2,2.7,64.0,Active,"6206 Brittany Pike Apt. 753, Lake David, VT 58047",2021.0,2026-08-08 12:39:54.395
S001817,Dustin,Brooks,student1817@edupredict.com,03830812940,Male,20,DEP010,Economics,T00168,5,2.39,65.0,Active,"441 Villarreal Trace, South Jamesfurt, PA 00694",2026.0,2026-08-08 12:39:54.396
S001818,Kimberly,Arroyo,student1818@edupredict.com,03804677754,Female,23,DEP002,Software Engineering,T00292,3,3.88,86.0,Active,"645 Matthew Knoll Suite 672, New Jesus, DE 60602",2021.0,2026-08-08 12:39:54.397
S001819,Brian,Miller,student1819@edupredict.com,03928097009,Male,25,DEP005,Data Science,T00093,2,3.27,80.0,Active,"3272 Smith Rue, South Laura, PA 21258",2025.0,2026-08-08 12:39:54.398
S001820,Alexander,Johnson,student1820@edupredict.com,03214359916,Male,25,DEP017,Mathematics,T00206,2,2.15,98.0,Active,"USNS Gonzalez, FPO AE 80912",2024.0,2026-08-08 12:39:54.398
S001821,Matthew,Jackson,student1821@edupredict.com,03609837247,Female,23,DEP012,Management,T00094,3,2.51,87.0,Active,"85578 Andrea Park Suite 623, North Derek, MI 57182",2024.0,2026-08-08 12:39:54.399
S001822,Michelle,Cortez,student1822@edupredict.com,03495837592,Male,24,DEP018,Physics,T00251,8,2.92,74.0,Active,"86990 Angela Isle Suite 314, Lanceton, PW 19872",2024.0,2026-08-08 12:39:54.400
S001823,Morgan,Johnson,student1823@edupredict.com,03355393661,Male,21,DEP017,Mathematics,T00053,3,3.87,95.0,Active,"Unit 1552 Box 6536, DPO AA 06739",2026.0,2026-08-08 12:39:54.400
S001824,Allen,Green,student1824@edupredict.com,03597101110,Male,24,DEP017,Mathematics,T00239,4,3.11,60.0,Active,"Unit 0240 Box 9230, DPO AE 25001",2026.0,2026-08-08 12:39:54.400
S001825,Terry,Blair,student1825@edupredict.com,03410784289,Female,23,DEP008,Accounting,T00208,8,3.63,66.0,Active,"470 Harrison Mountains, Dennismouth, ME 90031",2023.0,2026-08-08 12:39:54.401
S001826,Katrina,Jarvis,student1826@edupredict.com,03879792821,Female,23,DEP004,Artificial Intelligence,T00067,6,2.98,73.0,Active,"632 Gray Creek, South Johnhaven, VA 78716",2025.0,2026-08-08 12:39:54.402
S001827,Stacy,Dominguez,student1827@edupredict.com,03279199367,Female,19,DEP013,Electrical Engineering,T00066,4,2.45,62.0,Active,"2095 Davis Oval, Carrollfort, MN 28966",2026.0,2026-08-08 12:39:54.403
S001828,Tammy,Schmidt,student1828@edupredict.com,03933006971,Female,24,DEP012,Management,T00102,4,2.92,58.0,Active,"6725 Taylor Circle Apt. 029, Davidmouth, NE 40719",2021.0,2026-08-08 12:39:54.403
S001829,Katrina,Brady,student1829@edupredict.com,03146312320,Male,25,DEP013,Electrical Engineering,T00273,2,2.73,78.0,Active,"188 Bell Pine Suite 270, South Michael, NC 83785",2026.0,2026-08-08 12:39:54.404
S001830,Jasmine,Hanson,student1830@edupredict.com,03656965752,Female,18,DEP018,Physics,T00185,5,3.11,55.0,Active,"178 Moran Coves, Gallegoschester, SC 84979",2023.0,2026-08-08 12:39:54.405
S001831,Paige,Johnson,student1831@edupredict.com,03936213422,Female,23,DEP011,Marketing,T00222,7,3.8,76.0,Active,"05959 Fisher Islands Apt. 670, New Crystal, PA 18071",2022.0,2026-08-08 12:39:54.406
S001832,Steven,Nelson,student1832@edupredict.com,03441900255,Male,20,DEP005,Data Science,T00214,1,2.48,75.0,Active,"4810 Alison Port Apt. 787, West Juliehaven, MI 52309",2023.0,2026-08-08 12:39:54.406
S001833,Jasmine,Glover,student1833@edupredict.com,03416359402,Male,22,DEP018,Physics,T00016,2,2.27,76.0,Active,"834 Amy Port Apt. 638, Andersonmouth, MP 39069",2024.0,2026-08-08 12:39:54.407
S001834,Andre,Koch,student1834@edupredict.com,03362971717,Male,23,DEP015,Civil Engineering,T00025,4,3.03,63.0,Active,"992 Powell Crest, North Alexis, TX 30285",2024.0,2026-08-08 12:39:54.408
S001835,Kenneth,Cooper,student1835@edupredict.com,03656224493,Female,28,DEP003,Information Technology,T00111,6,3.67,81.0,Active,"47041 Garcia Port Apt. 535, West Robertton, NC 60251",2022.0,2026-08-08 12:39:54.409
S001836,Steven,Hudson,student1836@edupredict.com,03402088894,Male,20,DEP020,Biology,T00159,4,2.14,76.0,Active,"91527 Kathryn Walks Apt. 209, Jenniferfort, OH 43263",2024.0,2026-08-08 12:39:54.410
S001837,Julie,Craig,student1837@edupredict.com,03542804821,Male,20,DEP017,Mathematics,T00085,1,2.25,85.0,Active,"15770 Jeffrey Lakes, South Mary, MP 78426",2022.0,2026-08-08 12:39:54.410
S001838,Kelly,Nelson,student1838@edupredict.com,03223318926,Male,25,DEP008,Accounting,T00013,4,2.16,95.0,Active,"63426 Martha View, Cameronhaven, KY 50018",2021.0,2026-08-08 12:39:54.411
S001839,Mark,Sanchez,student1839@edupredict.com,03273094398,Male,22,DEP014,Mechanical Engineering,T00142,1,2.47,82.0,Active,"4319 Paige Falls Apt. 754, Ericfort, HI 15771",2023.0,2026-08-08 12:39:54.412
S001840,Paul,Alexander,student1840@edupredict.com,03321391692,Male,25,DEP014,Mechanical Engineering,T00202,7,3.06,54.0,Active,"620 Monique Stravenue Apt. 403, South Victoriahaven, SC 95412",2025.0,2026-08-08 12:39:54.412
S001841,Kimberly,Fowler,student1841@edupredict.com,03273604131,Female,25,DEP020,Biology,T00203,1,2.68,56.0,Active,"Unit 6182 Box 9088, DPO AP 89080",2021.0,2026-08-08 12:39:55.631
S001842,Michael,Gonzalez,student1842@edupredict.com,03442090950,Male,21,DEP004,Artificial Intelligence,T00067,6,3.43,83.0,Active,"93970 Erica Spurs, Rossfort, AR 61052",2026.0,2026-08-08 12:39:55.640
S001843,Tara,Morgan,student1843@edupredict.com,03888344691,Male,28,DEP019,Chemistry,T00274,7,2.99,57.0,Active,"Unit 8220 Box 3734, DPO AP 33528",2024.0,2026-08-08 12:39:55.640
S001844,Jacqueline,Tran,student1844@edupredict.com,03596780299,Female,26,DEP006,Cyber Security,T00254,4,2.19,87.0,Active,"3074 Dorothy Forest Apt. 471, Lake Hectorview, AR 54040",2024.0,2026-08-08 12:39:55.641
S001845,Patricia,Andrade,student1845@edupredict.com,03749908039,Female,19,DEP002,Software Engineering,T00078,7,2.59,77.0,Inactive,"844 Kathleen View Suite 637, East Ann, IA 77222",2022.0,2026-08-08 12:39:55.641
S001846,Jason,Carson,student1846@edupredict.com,03834776950,Female,22,DEP015,Civil Engineering,T00196,1,2.21,85.0,Active,"72592 Angela Streets Suite 254, Melissatown, OH 37531",2022.0,2026-08-08 12:39:55.643
S001847,Rachel,Arias,student1847@edupredict.com,03273125741,Female,25,DEP005,Data Science,T00228,4,2.82,89.0,Active,"8309 Timothy Station, Hollandport, MT 59490",2021.0,2026-08-08 12:39:55.644
S001848,Melanie,Williamson,student1848@edupredict.com,03702707064,Female,28,DEP009,Finance,T00209,5,3.47,65.0,Active,"7077 William Meadows Apt. 795, Johnsonmouth, OK 74366",2025.0,2026-08-08 12:39:55.645
S001849,Kimberly,Parker,student1849@edupredict.com,03219231271,Female,27,DEP010,Economics,T00071,7,2.33,66.0,Active,"9822 Bruce Tunnel Suite 784, Morrisside, FL 06591",2025.0,2026-08-08 12:39:55.645
S001850,Adrian,Jordan,student1850@edupredict.com,03651460552,Female,25,DEP012,Management,T00215,8,2.3,99.0,Active,"85330 Kyle Stravenue, West Nicholas, PR 34019",2022.0,2026-08-08 12:39:55.646
S001851,Tammy,Perez,student1851@edupredict.com,03187890586,Female,18,DEP003,Information Technology,T00244,2,2.86,57.0,Active,"PSC 2703, Box 4231, APO AE 04293",2025.0,2026-08-08 12:39:55.646
S001852,Crystal,Ortiz,student1852@edupredict.com,03298510331,Male,25,DEP004,Artificial Intelligence,T00064,8,3.04,60.0,Active,"0130 Hart Crescent Suite 160, Sarabury, NM 17322",2025.0,2026-08-08 12:39:55.647
S001853,David,Hall,student1853@edupredict.com,03617824284,Female,23,DEP002,Software Engineering,T00096,5,3.89,62.0,Active,"78447 Lowe Road, Gregoryhaven, VI 25404",2024.0,2026-08-08 12:39:55.648
S001854,Randy,Hodges,student1854@edupredict.com,03323225638,Male,28,DEP005,Data Science,T00287,6,2.06,98.0,Active,"135 Derrick Square Apt. 018, Matthewville, PA 66202",2025.0,2026-08-08 12:39:55.649
S001855,Katie,Wilkinson,student1855@edupredict.com,03696594215,Female,26,DEP001,Computer Science,T00231,1,3.74,81.0,Inactive,"74354 Jennifer Trafficway Suite 088, Cummingsview, PW 34429",2025.0,2026-08-08 12:39:55.650
S001856,Jeffrey,Yoder,student1856@edupredict.com,03410828835,Female,20,DEP020,Biology,T00173,3,3.12,71.0,Active,"818 White Path Apt. 003, Millerfort, AZ 53049",2024.0,2026-08-08 12:39:55.650
S001857,Victoria,Marks,student1857@edupredict.com,03915807795,Female,26,DEP003,Information Technology,T00111,6,3.09,53.0,Active,"6186 Wilson Ways Suite 269, North Michael, UT 16917",2022.0,2026-08-08 12:39:55.652
S001858,James,Benson,student1858@edupredict.com,03572141894,Male,19,DEP012,Management,T00272,2,3.91,74.0,Inactive,"127 Steven Curve, Port Anthonyton, WY 32406",2026.0,2026-08-08 12:39:55.652
S001859,Colin,Franklin,student1859@edupredict.com,03554968600,Female,24,DEP005,Data Science,T00027,3,3.93,58.0,Active,"85366 Stevenson Extensions Suite 576, Wilsonfort, MP 23463",2025.0,2026-08-08 12:39:55.653
S001860,Brett,Allen,student1860@edupredict.com,03720457651,Male,22,DEP012,Management,T00041,2,2.93,57.0,Active,"3042 Sharon Station Apt. 250, South Johnstad, AS 41705",2021.0,2026-08-08 12:39:55.654
S001861,Jessica,Anderson,student1861@edupredict.com,03960160495,Male,28,DEP014,Mechanical Engineering,T00033,3,3.54,61.0,Active,"22050 Tracy Inlet, Quinnmouth, IN 63940",2024.0,2026-08-08 12:39:55.654
S001862,Michael,Price,student1862@edupredict.com,03290479800,Male,25,DEP015,Civil Engineering,T00106,7,2.22,88.0,Active,"5358 Sandra Hill Apt. 343, Kevinland, GU 51681",2026.0,2026-08-08 12:39:55.655
S001863,Jennifer,Robinson,student1863@edupredict.com,03556849046,Male,21,DEP010,Economics,T00259,7,3.02,84.0,Active,"7489 Richards Course Suite 259, Whiteland, DE 53521",2026.0,2026-08-08 12:39:55.656
S001864,Sandra,Moran,student1864@edupredict.com,03214436214,Female,21,DEP016,Architecture,T00083,8,3.71,68.0,Inactive,"6492 Sullivan Corners Suite 327, Smithville, NC 29753",2024.0,2026-08-08 12:39:55.658
S001865,Brian,Edwards,student1865@edupredict.com,03944973348,Male,18,DEP014,Mechanical Engineering,T00009,3,3.78,85.0,Active,"PSC 1661, Box 7506, APO AP 33046",2021.0,2026-08-08 12:39:55.658
S001866,Dawn,Cooper,student1866@edupredict.com,03236392486,Male,21,DEP012,Management,T00235,5,3.78,80.0,Active,"9683 Cohen Cove Suite 748, Sheriborough, NJ 61306",2023.0,2026-08-08 12:39:55.659
S001867,Austin,Curry,student1867@edupredict.com,03722895728,Female,28,DEP012,Management,T00081,4,3.74,87.0,Active,"2526 Smith Knolls, Lunaton, MN 95134",2024.0,2026-08-08 12:39:55.660
S001868,Lisa,Moses,student1868@edupredict.com,03344786938,Male,21,DEP010,Economics,T00072,2,3.38,52.0,Active,"303 Brent Mall Apt. 596, Laurenshire, OH 41539",2024.0,2026-08-08 12:39:55.660
S001869,Russell,Powell,student1869@edupredict.com,03933773553,Female,21,DEP008,Accounting,T00002,7,3.03,89.0,Active,"3145 Kenneth Ways Apt. 196, New William, OR 29931",2022.0,2026-08-08 12:39:55.661
S001870,Matthew,White,student1870@edupredict.com,03352797125,Male,20,DEP010,Economics,T00249,6,2.66,79.0,Inactive,"2950 Buchanan Mountain, Mcdowellville, AZ 65449",2024.0,2026-08-08 12:39:55.662
S001871,Meredith,Robinson,student1871@edupredict.com,03768688736,Male,18,DEP018,Physics,T00172,2,2.09,94.0,Active,"14526 Ryan Dam, Delgadoshire, HI 94088",2022.0,2026-08-08 12:39:55.663
S001872,Jessica,Cox,student1872@edupredict.com,03830868190,Female,20,DEP002,Software Engineering,T00295,2,3.9,88.0,Active,"0245 Johnson Ridges Suite 383, Patrickfort, FL 43259",2021.0,2026-08-08 12:39:55.663
S001873,Kristen,Rodriguez,student1873@edupredict.com,03557493182,Male,21,DEP015,Civil Engineering,T00196,1,3.13,93.0,Active,"5329 Velez Squares, West Manuelmouth, HI 24337",2024.0,2026-08-08 12:39:55.664
S001874,William,Garcia,student1874@edupredict.com,03507176135,Male,28,DEP004,Artificial Intelligence,T00070,2,3.41,79.0,Active,"08974 Amy Crossing, Michellefort, MH 35334",2026.0,2026-08-08 12:39:55.665
S001875,Marc,Hooper,student1875@edupredict.com,03739359518,Female,23,DEP005,Data Science,T00199,5,3.41,100.0,Active,"0929 Teresa Spur Suite 655, West Jacquelinechester, TX 14575",2021.0,2026-08-08 12:39:55.666
S001876,David,Weaver,student1876@edupredict.com,03600596389,Male,22,DEP010,Economics,T00259,6,3.99,93.0,Active,"PSC 8293, Box 0591, APO AE 33667",2024.0,2026-08-08 12:39:55.666
S001877,Christine,Robbins,student1877@edupredict.com,03852758257,Female,22,DEP003,Information Technology,T00111,1,2.66,90.0,Active,"7058 Harrington Cliff, South Matthewborough, MN 03563",2024.0,2026-08-08 12:39:55.667
S001878,Seth,Johnson,student1878@edupredict.com,03498450409,Female,21,DEP019,Chemistry,T00040,6,2.28,63.0,Active,"89290 Brett Harbors, North Shelly, LA 81769",2023.0,2026-08-08 12:39:55.667
S001879,Ronnie,Ruiz,student1879@edupredict.com,03922985739,Female,20,DEP020,Biology,T00140,3,3.26,57.0,Inactive,"17648 Fernandez Summit, North Donna, MN 31905",2022.0,2026-08-08 12:39:55.668
S001880,Jason,Harvey,student1880@edupredict.com,03567640984,Female,20,DEP009,Finance,T00082,8,2.04,72.0,Active,"9231 Adams Extension Apt. 968, Johnfurt, WA 06859",2023.0,2026-08-08 12:39:55.669
S001881,David,Lewis,student1881@edupredict.com,03487043581,Female,28,DEP010,Economics,T00224,5,2.17,77.0,Active,"6477 Gibson Lake, East Lisaville, DE 50171",2026.0,2026-08-08 12:39:55.670
S001882,Alexa,Obrien,student1882@edupredict.com,03766463899,Male,21,DEP013,Electrical Engineering,T00066,8,2.53,84.0,Active,"196 Fleming Wells Apt. 739, North Michael, VT 32872",2026.0,2026-08-08 12:39:55.670
S001883,Linda,Cooper,student1883@edupredict.com,03368414142,Female,25,DEP018,Physics,T00230,7,3.57,76.0,Active,"45715 David Motorway, Sanchezview, MT 53615",2026.0,2026-08-08 12:39:55.671
S001884,Michael,Mullen,student1884@edupredict.com,03849029572,Male,25,DEP002,Software Engineering,T00114,4,3.8,70.0,Active,"Unit 2555 Box 9589, DPO AP 56663",2023.0,2026-08-08 12:39:55.672
S001885,Lauren,Hughes,student1885@edupredict.com,03599609918,Male,25,DEP008,Accounting,T00122,1,2.23,78.0,Active,"8943 Nicole Walk, New Dominiquebury, ID 78008",2024.0,2026-08-08 12:39:55.672
S001886,Rachel,Murray,student1886@edupredict.com,03576254397,Male,22,DEP011,Marketing,T00195,1,3.18,91.0,Active,"852 Paul Burgs Apt. 035, Jenniferfort, AK 97829",2023.0,2026-08-08 12:39:56.065
S001887,Amy,Richards,student1887@edupredict.com,03584808813,Female,24,DEP015,Civil Engineering,T00059,4,3.84,85.0,Active,"USNV Solomon, FPO AA 06840",2025.0,2026-08-08 12:39:56.065
S001888,Randy,Ford,student1888@edupredict.com,03886877104,Male,23,DEP008,Accounting,T00186,5,3.15,81.0,Active,"94131 Tiffany Streets, West Jesusstad, AR 91264",2023.0,2026-08-08 12:39:56.066
S001889,Michelle,Davidson,student1889@edupredict.com,03485080421,Female,22,DEP004,Artificial Intelligence,T00285,8,3.56,91.0,Active,"7650 Hampton Alley Suite 004, Lake Michael, TN 02750",2026.0,2026-08-08 12:39:56.066
S001890,John,Cox,student1890@edupredict.com,03572133981,Female,21,DEP016,Architecture,T00189,5,3.3,98.0,Active,"USNV Hanson, FPO AA 72841",2022.0,2026-08-08 12:39:56.067
S001891,Patrick,Martin,student1891@edupredict.com,03156107493,Male,26,DEP010,Economics,T00134,4,3.2,63.0,Active,"86440 Brenda Way Suite 332, New Lauren, KS 47879",2023.0,2026-08-08 12:39:56.068
S001892,Jonathan,Watson,student1892@edupredict.com,03701949387,Female,19,DEP001,Computer Science,T00187,7,2.95,95.0,Active,"6868 Ethan Lodge Apt. 800, Port Matthew, TN 95160",2022.0,2026-08-08 12:39:56.069
S001893,Elijah,Jones,student1893@edupredict.com,03541716524,Male,25,DEP015,Civil Engineering,T00106,8,3.52,100.0,Active,"71191 Rodriguez Prairie, Danielland, KY 33865",2025.0,2026-08-08 12:39:56.070
S001894,Nicole,Atkins,student1894@edupredict.com,03592358376,Male,20,DEP018,Physics,T00230,2,3.59,86.0,Active,"USS Clark, FPO AE 51654",2021.0,2026-08-08 12:39:56.071
S001895,Patty,Roberts,student1895@edupredict.com,03864331136,Male,23,DEP014,Mechanical Engineering,T00171,7,2.76,92.0,Active,"773 Sophia Village Apt. 192, Oconnellberg, DC 43096",2022.0,2026-08-08 12:39:56.071
S001896,Kelly,Salazar,student1896@edupredict.com,03237721467,Male,20,DEP015,Civil Engineering,T00061,3,3.8,89.0,Active,"28205 Carpenter Plaza, Navarroburgh, NC 01539",2021.0,2026-08-08 12:39:56.072
S001897,Pamela,West,student1897@edupredict.com,03413083516,Female,24,DEP008,Accounting,T00126,6,3.75,53.0,Inactive,"2350 Kent Ranch Suite 200, South Shane, AK 65739",2024.0,2026-08-08 12:39:56.073
S001898,Gloria,Conrad,student1898@edupredict.com,03798603824,Female,23,DEP008,Accounting,T00046,6,3.69,84.0,Active,"5765 Heather Curve, Oscarborough, MH 85411",2021.0,2026-08-08 12:39:56.074
S001899,Alexander,Pugh,student1899@edupredict.com,03946962351,Female,20,DEP009,Finance,T00178,8,3.78,82.0,Active,"5177 Jennifer Cliff, Fordville, PR 26893",2021.0,2026-08-08 12:39:56.074
S001900,Victoria,Smith,student1900@edupredict.com,03904100010,Male,20,DEP011,Marketing,T00038,7,2.75,63.0,Active,"9243 Makayla Vista Suite 325, Port Edgar, GA 20700",2025.0,2026-08-08 12:39:56.075
S001901,Billy,Craig,student1901@edupredict.com,03893115620,Female,28,DEP015,Civil Engineering,T00121,8,2.19,59.0,Active,"Unit 4324 Box 8269, DPO AA 88497",2024.0,2026-08-08 12:39:56.075
S001902,Robert,Franklin,student1902@edupredict.com,03257867086,Male,27,DEP014,Mechanical Engineering,T00003,1,2.48,59.0,Active,"0864 Fitzgerald Glens Suite 955, West Danielle, RI 68520",2024.0,2026-08-08 12:39:56.076
S001903,Marc,Ayala,student1903@edupredict.com,03156905466,Male,27,DEP010,Economics,T00168,1,3.58,79.0,Active,"153 Katie Mountain, Lake Andre, AL 70241",2026.0,2026-08-08 12:39:56.077
S001904,Dawn,Phillips,student1904@edupredict.com,03639390336,Male,24,DEP007,Business Administration,T00242,4,3.36,76.0,Active,"78077 Bean Corner, South Jessicaburgh, CT 32663",2025.0,2026-08-08 12:39:56.078
S001905,Christina,Hernandez,student1905@edupredict.com,03683605901,Male,19,DEP006,Cyber Security,T00113,5,3.2,99.0,Active,"5215 Saunders Lane Apt. 593, Stephenfurt, RI 15949",2022.0,2026-08-08 12:39:56.078
S001906,Mary,Sullivan,student1906@edupredict.com,03399924126,Male,19,DEP004,Artificial Intelligence,T00290,7,2.11,63.0,Active,"6558 Rodney Field, Tylerborough, MO 99367",2021.0,2026-08-08 12:39:56.080
S001907,Seth,Kennedy,student1907@edupredict.com,03164653511,Male,20,DEP014,Mechanical Engineering,T00049,4,2.13,77.0,Active,"619 Peter Harbor Suite 319, Laurachester, SD 57440",2026.0,2026-08-08 12:39:56.080
S001908,Joseph,Kelly,student1908@edupredict.com,03212952569,Female,28,DEP018,Physics,T00185,6,3.77,92.0,Active,"080 Andrew Plain, Gabrielville, NV 36920",2024.0,2026-08-08 12:39:56.081
S001909,Mark,Rodriguez,student1909@edupredict.com,03426478673,Female,24,DEP012,Management,T00047,2,3.06,56.0,Active,"90841 Mcgrath Track Suite 090, Kellershire, MS 80840",2022.0,2026-08-08 12:39:56.082
S001910,Robert,Reyes,student1910@edupredict.com,03738600223,Female,18,DEP017,Mathematics,T00053,8,2.78,60.0,Active,"227 Tina Plaza, North Kenneth, MT 31512",2025.0,2026-08-08 12:39:56.083
S001911,Robert,Jimenez,student1911@edupredict.com,03329067261,Female,27,DEP005,Data Science,T00115,6,3.76,75.0,Active,"575 Curtis Fall Suite 068, Richardsside, WV 98504",2021.0,2026-08-08 12:39:56.084
S001912,Diane,Johnson,student1912@edupredict.com,03436822308,Male,22,DEP006,Cyber Security,T00205,2,2.48,59.0,Active,"7003 Mark Parkway Suite 575, Ethanfurt, PR 91752",2023.0,2026-08-08 12:39:56.084
S001913,David,White,student1913@edupredict.com,03170337757,Female,19,DEP008,Accounting,T00087,2,3.14,72.0,Active,"720 Nelson Meadows Suite 187, Jesusmouth, IL 10559",2026.0,2026-08-08 12:39:56.085
S001914,Steven,Roberts,student1914@edupredict.com,03967951346,Male,24,DEP010,Economics,T00138,1,3.88,95.0,Active,"4043 Susan Pine, Mannport, HI 17761",2025.0,2026-08-08 12:39:56.086
S001915,Ryan,Suarez,student1915@edupredict.com,03457444256,Female,26,DEP012,Management,T00157,3,2.46,69.0,Inactive,"2575 Cohen Well Suite 157, Jenniferberg, GU 55115",2026.0,2026-08-08 12:39:56.087
S001916,Jeanette,King,student1916@edupredict.com,03420025362,Male,27,DEP002,Software Engineering,T00062,7,3.58,50.0,Active,"891 Vincent Estates, Port Christopherview, CT 06502",2024.0,2026-08-08 12:39:56.087
S001917,Brandi,Marquez,student1917@edupredict.com,03517630045,Female,19,DEP017,Mathematics,T00053,1,2.86,99.0,Inactive,"4063 Melissa Meadows, New Elizabeth, AS 84002",2023.0,2026-08-08 12:39:56.088
S001918,John,Johnson,student1918@edupredict.com,03723366279,Female,20,DEP009,Finance,T00100,6,2.56,97.0,Active,"418 Zachary Wall Suite 091, Ingramberg, MI 30035",2024.0,2026-08-08 12:39:56.089
S001919,Travis,Bass,student1919@edupredict.com,03910764470,Male,26,DEP017,Mathematics,T00139,5,2.21,80.0,Inactive,"USNS Stone, FPO AP 26695",2024.0,2026-08-08 12:39:56.089
S001920,Kelly,Watts,student1920@edupredict.com,03720104927,Female,25,DEP007,Business Administration,T00177,1,2.55,98.0,Active,"7086 Rebecca Center Suite 082, North Amber, SD 44752",2024.0,2026-08-08 12:39:56.090
S001921,Michael,Griffin,student1921@edupredict.com,03226895981,Male,20,DEP015,Civil Engineering,T00039,4,3.24,81.0,Active,"7441 Priscilla Centers Suite 830, Freemanview, TX 25712",2026.0,2026-08-08 12:39:56.093
S001922,Alexandra,Buck,student1922@edupredict.com,03163454800,Female,21,DEP008,Accounting,T00122,6,3.17,78.0,Active,"670 Grant Station, Houstonfort, MI 42396",2021.0,2026-08-08 12:39:56.094
S001923,Judy,Stevens,student1923@edupredict.com,03597136341,Male,24,DEP018,Physics,T00221,6,3.96,72.0,Active,"89591 Choi Forest Suite 163, Port Tracyfort, MA 73763",2022.0,2026-08-08 12:39:56.095
S001924,Cathy,Contreras,student1924@edupredict.com,03143019821,Female,23,DEP006,Cyber Security,T00029,6,3.46,57.0,Active,"056 Lisa Knoll, Porterport, RI 41639",2022.0,2026-08-08 12:39:56.096
S001925,Heather,Boyd,student1925@edupredict.com,03391492246,Female,21,DEP013,Electrical Engineering,T00210,3,2.2,62.0,Active,"6763 Parks Squares Apt. 575, Chadtown, IA 79196",2024.0,2026-08-08 12:39:56.097
S001926,Brent,Scott,student1926@edupredict.com,03519581505,Male,27,DEP016,Architecture,T00007,8,2.95,76.0,Active,"7798 Wilson Road Apt. 613, Robinsonhaven, IA 41676",2021.0,2026-08-08 12:39:56.098
S001927,Wendy,Ford,student1927@edupredict.com,03972226675,Female,26,DEP005,Data Science,T00199,6,3.65,71.0,Active,"286 Michael Springs Suite 597, Blairside, OK 95468",2023.0,2026-08-08 12:39:56.099
S001928,Zachary,Massey,student1928@edupredict.com,03489564217,Male,18,DEP020,Biology,T00127,6,2.23,83.0,Active,"6698 Jensen Meadow Apt. 841, Stewartburgh, FM 25922",2024.0,2026-08-08 12:39:56.099
S001929,Tina,Johnson,student1929@edupredict.com,03876132306,Male,18,DEP009,Finance,T00076,1,2.99,93.0,Active,"PSC 2211, Box 0848, APO AE 85247",2021.0,2026-08-08 12:39:56.100
S001930,Brandy,Davis,student1930@edupredict.com,03133341290,Female,20,DEP002,Software Engineering,T00096,6,2.19,53.0,Active,"5474 Miller Shoals, Lopezfurt, IL 21568",2026.0,2026-08-08 12:39:57.297
S001931,Matthew,Black,student1931@edupredict.com,03724095932,Female,21,DEP015,Civil Engineering,T00151,6,2.54,91.0,Active,"237 Christine Walk Apt. 254, Lake Annette, MH 56148",2022.0,2026-08-08 12:39:57.297
S001932,Amy,Bowman,student1932@edupredict.com,03531753393,Male,22,DEP015,Civil Engineering,T00183,6,3.1,98.0,Active,"66123 Torres Divide Suite 829, East Christianshire, AZ 52366",2022.0,2026-08-08 12:39:57.298
S001933,Nicole,Brooks,student1933@edupredict.com,03103374092,Female,23,DEP012,Management,T00097,4,2.98,52.0,Active,"904 Kenneth Motorway Suite 857, North Stephen, VI 35103",2022.0,2026-08-08 12:39:57.299
S001934,Brenda,Hernandez,student1934@edupredict.com,03802247468,Female,25,DEP002,Software Engineering,T00057,3,2.66,87.0,Active,"0760 Henderson Forks, Howardside, OK 71419",2023.0,2026-08-08 12:39:57.300
S001935,Matthew,Meyer,student1935@edupredict.com,03733682680,Female,28,DEP007,Business Administration,T00233,5,2.33,91.0,Active,"52904 Hinton Neck, Port Micheal, VA 62241",2026.0,2026-08-08 12:39:57.301
S001936,Janet,Huffman,student1936@edupredict.com,03301213924,Male,25,DEP012,Management,T00232,4,2.55,98.0,Active,"514 Vanessa Locks, North Scott, FL 02929",2024.0,2026-08-08 12:39:57.302
S001937,Larry,Garcia,student1937@edupredict.com,03513445098,Male,23,DEP012,Management,T00041,1,2.33,70.0,Active,"Unit 8138 Box 6570, DPO AP 63773",2025.0,2026-08-08 12:39:57.302
S001938,Alexis,Reyes,student1938@edupredict.com,03787370671,Male,19,DEP007,Business Administration,T00124,5,2.19,78.0,Active,"024 Monique Mountains Suite 733, Kellyshire, IN 79809",2022.0,2026-08-08 12:39:57.303
S001939,Nancy,Larson,student1939@edupredict.com,03981283419,Female,26,DEP018,Physics,T00035,4,2.88,62.0,Active,"70606 Gonzalez Route, Donaldfort, ID 37547",2025.0,2026-08-08 12:39:57.303
S001940,Joseph,Fox,student1940@edupredict.com,03739466390,Male,24,DEP002,Software Engineering,T00062,7,3.11,59.0,Active,"5258 Garcia Land Suite 503, Riveraport, OH 78244",2026.0,2026-08-08 12:39:57.304
S001941,Laura,Greene,student1941@edupredict.com,03311207108,Male,26,DEP013,Electrical Engineering,T00066,1,3.63,80.0,Active,"5691 Davis Valleys, Davisville, AZ 46857",2025.0,2026-08-08 12:39:57.305
S001942,Whitney,Murphy,student1942@edupredict.com,03391559307,Male,28,DEP012,Management,T00149,3,3.49,95.0,Active,"176 Harper Glens, Brendanmouth, NJ 06132",2022.0,2026-08-08 12:39:57.306
S001943,Eric,Shields,student1943@edupredict.com,03659894844,Female,21,DEP006,Cyber Security,T00166,2,2.04,55.0,Active,"Unit 0838 Box 0349, DPO AE 84405",2024.0,2026-08-08 12:39:57.306
S001944,Victoria,Anderson,student1944@edupredict.com,03639683871,Male,20,DEP007,Business Administration,T00141,4,3.94,60.0,Active,"4789 Love Radial Apt. 906, South Tracieland, PA 79322",2023.0,2026-08-08 12:39:57.307
S001945,Hailey,Cortez,student1945@edupredict.com,03577698155,Female,25,DEP004,Artificial Intelligence,T00064,7,3.79,99.0,Active,"86016 Jackie Isle, East Holly, NC 34442",2025.0,2026-08-08 12:39:57.307
S001946,Michael,Olson,student1946@edupredict.com,03995382263,Male,24,DEP001,Computer Science,T00028,4,2.97,51.0,Inactive,"PSC 4676, Box 6630, APO AA 91096",2023.0,2026-08-08 12:39:57.308
S001947,Laura,Travis,student1947@edupredict.com,03616298391,Male,18,DEP018,Physics,T00154,7,3.96,68.0,Active,"2848 Weaver Bypass, Victoriaburgh, AR 76969",2021.0,2026-08-08 12:39:57.309
S001948,John,Morgan,student1948@edupredict.com,03855269804,Male,24,DEP012,Management,T00026,7,3.78,83.0,Inactive,"9206 Swanson Mall Suite 675, Justinside, LA 10487",2023.0,2026-08-08 12:39:57.309
S001949,Frank,Wright,student1949@edupredict.com,03505295537,Female,24,DEP010,Economics,T00138,1,3.53,91.0,Active,"719 Kim Oval Suite 174, Lake Kaitlin, VT 54291",2026.0,2026-08-08 12:39:57.310
S001950,Amber,Hall,student1950@edupredict.com,03642801784,Male,18,DEP017,Mathematics,T00288,8,3.24,53.0,Active,"28319 Torres Cape Apt. 011, Dianeville, AK 30210",2026.0,2026-08-08 12:39:57.311
S001951,Jason,Lucas,student1951@edupredict.com,03614747626,Female,23,DEP006,Cyber Security,T00029,4,3.34,65.0,Active,"80128 Jefferson Forest, Hallmouth, OR 71638",2023.0,2026-08-08 12:39:57.313
S001952,Preston,Morgan,student1952@edupredict.com,03867020424,Female,23,DEP001,Computer Science,T00028,2,3.37,50.0,Active,"USCGC Robinson, FPO AP 90808",2022.0,2026-08-08 12:39:57.323
S001953,Danielle,Wilson,student1953@edupredict.com,03608868733,Male,22,DEP011,Marketing,T00038,5,3.58,88.0,Active,"273 Meyer Mall, West Ricky, TN 25258",2024.0,2026-08-08 12:39:57.324
S001954,Susan,Smith,student1954@edupredict.com,03818510072,Male,21,DEP010,Economics,T00271,7,2.3,50.0,Active,"30627 Joyce Flat, Lake Michellehaven, OR 52026",2023.0,2026-08-08 12:39:57.325
S001955,Larry,Kirby,student1955@edupredict.com,03285525200,Female,27,DEP020,Biology,T00280,7,3.12,95.0,Active,"9414 Stephenson Springs, Billyhaven, HI 16680",2025.0,2026-08-08 12:39:57.326
S001956,Steven,Walker,student1956@edupredict.com,03697487505,Male,19,DEP017,Mathematics,T00161,3,2.2,75.0,Active,"USS Munoz, FPO AA 96073",2021.0,2026-08-08 12:39:57.326
S001957,William,Romero,student1957@edupredict.com,03915932033,Male,27,DEP005,Data Science,T00052,7,3.08,61.0,Active,"745 Mitchell Parkway, Port Andrew, WY 97278",2026.0,2026-08-08 12:39:57.327
S001958,Beverly,Scott,student1958@edupredict.com,03256991149,Female,23,DEP014,Mechanical Engineering,T00219,1,3.06,96.0,Active,"53757 Melissa Ramp, Popemouth, FL 77226",2022.0,2026-08-08 12:39:57.328
S001959,Victoria,Collins,student1959@edupredict.com,03916051207,Male,28,DEP009,Finance,T00076,1,3.12,93.0,Active,"082 Michael Villages, Lake Beth, OR 03044",2023.0,2026-08-08 12:39:57.329
S001960,Raymond,Williams,student1960@edupredict.com,03715044858,Male,21,DEP011,Marketing,T00133,8,3.93,50.0,Active,"749 Brandon Dam Suite 957, East Trevor, LA 79555",2021.0,2026-08-08 12:39:57.330
S001961,Barbara,Mullins,student1961@edupredict.com,03971928718,Female,24,DEP008,Accounting,T00055,7,2.5,80.0,Active,"716 Jennifer Inlet, Lake Markport, MH 91841",2025.0,2026-08-08 12:39:57.331
S001962,Vanessa,Steele,student1962@edupredict.com,03686634736,Female,25,DEP002,Software Engineering,T00223,7,2.85,70.0,Active,"3192 Rios Falls Suite 970, West Jonathan, CO 89195",2021.0,2026-08-08 12:39:57.332
S001963,Victoria,Fletcher,student1963@edupredict.com,03939650559,Male,28,DEP004,Artificial Intelligence,T00070,7,3.84,51.0,Active,"110 Wong Rapid Apt. 968, North Dennis, WA 54645",2025.0,2026-08-08 12:39:57.332
S001964,Zachary,Reynolds,student1964@edupredict.com,03901856789,Male,22,DEP007,Business Administration,T00245,6,2.3,98.0,Active,"Unit 4962 Box 4259, DPO AA 03521",2022.0,2026-08-08 12:39:57.333
S001965,Madison,Banks,student1965@edupredict.com,03589557507,Female,20,DEP009,Finance,T00120,6,2.43,96.0,Active,"3021 Joel Gateway, North Elainehaven, MA 16214",2024.0,2026-08-08 12:39:57.333
S001966,Ashley,Gutierrez,student1966@edupredict.com,03476257678,Male,22,DEP018,Physics,T00035,5,2.08,100.0,Active,"4902 David Parkways, New Amy, MD 17609",2025.0,2026-08-08 12:39:57.334
S001967,Tanner,Freeman,student1967@edupredict.com,03416128191,Male,23,DEP012,Management,T00102,3,2.07,80.0,Active,"USNS Adams, FPO AA 51914",2024.0,2026-08-08 12:39:57.335
S001968,Troy,Ellis,student1968@edupredict.com,03713081674,Male,20,DEP012,Management,T00192,1,3.51,57.0,Active,"57790 Leonard Tunnel Suite 181, Latoyashire, GA 31560",2021.0,2026-08-08 12:39:57.335
S001969,Stephen,Martinez,student1969@edupredict.com,03509712366,Male,28,DEP004,Artificial Intelligence,T00070,4,3.14,99.0,Active,"1086 Joseph Plain, Port Jenniferville, FM 18944",2026.0,2026-08-08 12:39:57.336
S001970,Melissa,Perez,student1970@edupredict.com,03619836973,Male,27,DEP015,Civil Engineering,T00039,3,2.53,58.0,Active,"PSC 9441, Box 5253, APO AE 42325",2024.0,2026-08-08 12:39:57.336
S001971,Amanda,Mendoza,student1971@edupredict.com,03372146242,Female,21,DEP012,Management,T00248,5,2.29,60.0,Active,"83739 Aaron Course, New Greg, ME 82127",2026.0,2026-08-08 12:39:57.337
S001972,Mary,James,student1972@edupredict.com,03463565496,Female,20,DEP012,Management,T00232,7,3.37,91.0,Active,"1421 Heather Fork Suite 551, Schwartzfurt, MA 20225",2024.0,2026-08-08 12:39:57.338
S001973,Susan,Black,student1973@edupredict.com,03380156964,Male,27,DEP019,Chemistry,T00079,1,2.96,96.0,Active,"6669 Krause Spur Suite 099, West Stephanieton, MS 49953",2024.0,2026-08-08 12:39:57.339
S001974,Melissa,Vega,student1974@edupredict.com,03675816372,Male,25,DEP020,Biology,T00127,2,3.31,70.0,Active,"384 Juan Center, East Austinstad, NM 55693",2023.0,2026-08-08 12:39:57.339
S001975,Kaitlyn,Miller,student1975@edupredict.com,03781947174,Female,22,DEP002,Software Engineering,T00194,5,3.69,81.0,Active,"508 Susan Throughway, West Leroyfurt, MP 65718",2021.0,2026-08-08 12:39:57.340
S001976,Jennifer,Goodman,student1976@edupredict.com,03926168825,Male,21,DEP008,Accounting,T00126,3,3.19,91.0,Active,"424 Lauren Roads Apt. 375, Raybury, MA 18562",2025.0,2026-08-08 12:39:57.341
S001977,Megan,Huber,student1977@edupredict.com,03825604280,Female,23,DEP002,Software Engineering,T00265,5,2.91,65.0,Active,"254 Jermaine Stream, South Carmen, AS 80053",2025.0,2026-08-08 12:39:57.818
S001978,William,Allen,student1978@edupredict.com,03391125686,Male,27,DEP004,Artificial Intelligence,T00237,3,3.64,70.0,Active,"67475 Travis Shoal Suite 952, Emilyfurt, NV 34760",2025.0,2026-08-08 12:39:57.819
S001979,Mary,Pham,student1979@edupredict.com,03259081390,Female,18,DEP018,Physics,T00251,7,3.58,90.0,Active,"1988 James Pass, South Paul, PA 40591",2022.0,2026-08-08 12:39:57.819
S001980,Cassandra,Reid,student1980@edupredict.com,03834872911,Female,19,DEP015,Civil Engineering,T00061,6,3.6,57.0,Active,"81032 Clay Keys, New Stephaniefort, CA 44093",2023.0,2026-08-08 12:39:57.820
S001981,Yolanda,Good,student1981@edupredict.com,03522746978,Male,19,DEP015,Civil Engineering,T00106,2,2.81,84.0,Inactive,"USCGC Long, FPO AA 24421",2024.0,2026-08-08 12:39:57.821
S001982,Luis,Daniel,student1982@edupredict.com,03701417588,Male,25,DEP014,Mechanical Engineering,T00200,3,4.0,86.0,Active,"14517 Wallace Centers Apt. 969, Williambury, NJ 63703",2022.0,2026-08-08 12:39:57.822
S001983,William,Barnes,student1983@edupredict.com,03780929696,Female,27,DEP004,Artificial Intelligence,T00300,6,3.43,66.0,Active,"1592 Regina Turnpike, Port Jamesberg, VI 94046",2021.0,2026-08-08 12:39:57.822
S001984,Deborah,Brown,student1984@edupredict.com,03500040642,Female,21,DEP002,Software Engineering,T00265,3,3.49,61.0,Active,"3158 Melanie Ridges, Lesterhaven, OK 41218",2025.0,2026-08-08 12:39:57.823
S001985,William,Gray,student1985@edupredict.com,03598768468,Female,20,DEP010,Economics,T00236,1,3.34,71.0,Active,"05690 Krueger Ferry Apt. 084, East Jennifer, OR 85212",2026.0,2026-08-08 12:39:57.824
S001986,Rebecca,Long,student1986@edupredict.com,03298758380,Male,22,DEP002,Software Engineering,T00295,2,2.04,92.0,Active,"PSC 5737, Box 2372, APO AP 79608",2026.0,2026-08-08 12:39:57.824
S001987,Thomas,Whitaker,student1987@edupredict.com,03489264047,Male,25,DEP019,Chemistry,T00153,3,3.18,96.0,Inactive,"Unit 0630 Box 8878, DPO AE 18640",2022.0,2026-08-08 12:39:57.825
S001988,Erin,Richard,student1988@edupredict.com,03129549469,Female,26,DEP020,Biology,T00116,3,2.47,90.0,Active,"USS York, FPO AA 82191",2021.0,2026-08-08 12:39:57.825
S001989,Teresa,Spencer,student1989@edupredict.com,03929191994,Female,24,DEP014,Mechanical Engineering,T00202,4,2.85,96.0,Active,"1735 Judith Square, Williamsmouth, WV 76517",2025.0,2026-08-08 12:39:57.826
S001990,Corey,Friedman,student1990@edupredict.com,03769459638,Female,21,DEP010,Economics,T00271,1,2.04,54.0,Inactive,"035 Erickson Walk Apt. 173, North Brendamouth, IL 34354",2022.0,2026-08-08 12:39:57.827
S001991,Benjamin,Young,student1991@edupredict.com,03302351831,Male,27,DEP013,Electrical Engineering,T00213,6,2.28,97.0,Active,"02329 Little Park, North Joshuaton, DE 38901",2025.0,2026-08-08 12:39:57.827
S001992,Raymond,Smith,student1992@edupredict.com,03663197419,Female,24,DEP015,Civil Engineering,T00121,1,3.38,82.0,Active,"Unit 9543 Box 9691, DPO AP 39196",2024.0,2026-08-08 12:39:57.828
S001993,Brian,Lopez,student1993@edupredict.com,03503632315,Male,25,DEP013,Electrical Engineering,T00050,3,2.25,85.0,Active,"546 Hill Crossroad Apt. 069, New Albert, CO 36218",2021.0,2026-08-08 12:39:57.830
S001994,Sean,Richardson,student1994@edupredict.com,03875075684,Female,23,DEP012,Management,T00232,5,2.79,88.0,Active,"9820 Sutton Mills, Noblehaven, FL 88042",2024.0,2026-08-08 12:39:57.831
S001995,Cynthia,Wagner,student1995@edupredict.com,03540200376,Female,22,DEP016,Architecture,T00158,8,3.82,53.0,Active,"162 Stewart Bypass, North Marytown, PA 48630",2022.0,2026-08-08 12:39:57.831
S001996,Gabriel,Blanchard,student1996@edupredict.com,03832063910,Male,21,DEP004,Artificial Intelligence,T00300,8,3.86,74.0,Inactive,"2844 Julie Way Suite 292, Sheltonside, RI 57207",2025.0,2026-08-08 12:39:57.832
S001997,David,Moody,student1997@edupredict.com,03321780603,Female,28,DEP013,Electrical Engineering,T00119,1,2.2,94.0,Active,"8824 Nunez Cliff, Jacobberg, MO 13551",2024.0,2026-08-08 12:39:57.833
S001998,Zachary,Jones,student1998@edupredict.com,03395672234,Male,26,DEP003,Information Technology,T00017,4,2.28,89.0,Active,"71123 Abbott Streets Apt. 666, North Joshua, CA 54346",2021.0,2026-08-08 12:39:57.834
S001999,Kathleen,Robinson,student1999@edupredict.com,03176453076,Male,26,DEP018,Physics,T00105,2,3.38,76.0,Active,"15545 Michelle Drive, Ortizhaven, PW 58019",2022.0,2026-08-08 12:39:57.834
S002000,Chad,Daniels,student2000@edupredict.com,03163692493,Male,18,DEP013,Electrical Engineering,T00273,7,3.45,81.0,Inactive,"USNS Hall, FPO AE 55503",2026.0,2026-08-08 12:39:57.835
S12354,Abdul,Sammad,sammad2490@gmail.com,03122010443,Male,21,,Computer Science,T00001,1,3.1,11.0,Inactive,Model Colony Airport,,2026-08-09 13:41:35.311
S7890,Zain,Ahmed Khan,zain2497@gmail.com,03703242401,Male,29,,Information Technology,T00001,1,2.2,42.0,Active,Bagh e Malir Rafeh AAm,,2026-08-09 13:45:41.498
S1002,Zain,Ahmed,zain111@gmail.com,03222121524,Male,18,,Software Engineering,T101,1,3.1,38.0,Active,Raf e Aam Society,,2026-08-10 20:45:01.523
